run_accession	total_bases	total_spots	isolate	collection_date	geo_loc_name	host	biosample	library_strategy	library_selection	platform	instrument	bioproject	host_category
SRR37041219	671868	1038	T001_OP_NAextract1	2025-02-11	USA: California	Bos taurus	SAMN54967917	WGS	RT-PCR	OXFORD_NANOPORE	GridION	PRJNA1416438	cattle
SRR37041220	664080	893	T001_OP_NAextract1	2025-02-11	USA: California	Bos taurus	SAMN54967917	WGS	RT-PCR	OXFORD_NANOPORE	GridION	PRJNA1416438	cattle
SRR37041221	11712415	9359	T001_OP_NAextract1	2025-02-11	USA: California	Bos taurus	SAMN54967917	WGS	RT-PCR	OXFORD_NANOPORE	GridION	PRJNA1416438	cattle
SRR37041222	3927232	3128	T001_OP_NAextract1	2025-02-11	USA: California	Bos taurus	SAMN54967917	WGS	RT-PCR	OXFORD_NANOPORE	GridION	PRJNA1416438	cattle
SRR37041223	46779318	58738	T001_AN_NAextract1	2025-02-11	USA: California	Bos taurus	SAMN54967916	WGS	RT-PCR	OXFORD_NANOPORE	GridION	PRJNA1416438	cattle
SRR37041224	54990423	62126	T001_AN_NAextract1	2025-02-11	USA: California	Bos taurus	SAMN54967916	WGS	RT-PCR	OXFORD_NANOPORE	GridION	PRJNA1416438	cattle
SRR37041225	3490920	4036	T001_AN_NAextract1	2025-02-11	USA: California	Bos taurus	SAMN54967916	WGS	RT-PCR	OXFORD_NANOPORE	GridION	PRJNA1416438	cattle
SRR37041226	3851567	3811	T001_AN_NAextract1	2025-02-11	USA: California	Bos taurus	SAMN54967916	WGS	RT-PCR	OXFORD_NANOPORE	GridION	PRJNA1416438	cattle
SRR37041227	1035047	1133	T012_AN_Naextract	2025-02-07	USA: California	Bos taurus	SAMN54967918	WGS	RT-PCR	OXFORD_NANOPORE	GridION	PRJNA1416438	cattle
SRR37041228	73014	87	T012_AN_Naextract	2025-02-07	USA: California	Bos taurus	SAMN54967918	WGS	RT-PCR	OXFORD_NANOPORE	GridION	PRJNA1416438	cattle
SRR37041229	126737	147	T012_AN_Naextract	2025-02-07	USA: California	Bos taurus	SAMN54967918	WGS	RT-PCR	OXFORD_NANOPORE	GridION	PRJNA1416438	cattle
SRR37041230	15878595	19017	T001_OP_NAextract1	2025-02-11	USA: California	Bos taurus	SAMN54967917	WGS	RT-PCR	OXFORD_NANOPORE	GridION	PRJNA1416438	cattle
SRR37041231	11823753	13952	T001_OP_NAextract1	2025-02-11	USA: California	Bos taurus	SAMN54967917	WGS	RT-PCR	OXFORD_NANOPORE	GridION	PRJNA1416438	cattle
SRR37041232	30953722	25347	T001_AN_NAextract1	2025-02-11	USA: California	Bos taurus	SAMN54967916	WGS	RT-PCR	OXFORD_NANOPORE	GridION	PRJNA1416438	cattle
SRR37041233	32176581	25156	T001_AN_NAextract1	2025-02-11	USA: California	Bos taurus	SAMN54967916	WGS	RT-PCR	OXFORD_NANOPORE	GridION	PRJNA1416438	cattle
SRR37040741	165906852	179618	CP1_EC36	2025-03-06	USA: California		SAMN54966263	WGS	RT-PCR	OXFORD_NANOPORE	GridION	PRJNA1416438	unknown
SRR37040742	1579773	1638	EC70	2025-03-09	USA: California		SAMN54966262	WGS	RT-PCR	OXFORD_NANOPORE	GridION	PRJNA1416438	unknown
SRR37040743	123865727	120303	EC27_BF_CP2	2025-03-04	USA: California		SAMN54966277	WGS	RT-PCR	OXFORD_NANOPORE	GridION	PRJNA1416438	unknown
SRR37040744	119853537	130860	EC27_AF_CP2	2025-03-04	USA: California		SAMN54966276	WGS	RT-PCR	OXFORD_NANOPORE	GridION	PRJNA1416438	unknown
SRR37040745	3456252	3836	EC66	2025-03-08	USA: California		SAMN54966261	WGS	RT-PCR	OXFORD_NANOPORE	GridION	PRJNA1416438	unknown
SRR37040746	183512831	287939	EC27_OA_CP1	2025-03-04	USA: California		SAMN54966275	WGS	RT-PCR	OXFORD_NANOPORE	GridION	PRJNA1416438	unknown
SRR37040747	126081917	237836	EC27_Pl_1G_CP1	2025-03-04	USA: California		SAMN54966274	WGS	RT-PCR	OXFORD_NANOPORE	GridION	PRJNA1416438	unknown
SRR37040748	158030349	293077	EC27_Pl_1F_CP1	2025-03-04	USA: California		SAMN54966273	WGS	RT-PCR	OXFORD_NANOPORE	GridION	PRJNA1416438	unknown
SRR37040749	128061227	239513	EC27_Pl_1E_CP1	2025-03-04	USA: California		SAMN54966272	WGS	RT-PCR	OXFORD_NANOPORE	GridION	PRJNA1416438	unknown
SRR37040750	155571533	234238	EC27_Pl_1D_CP1	2025-03-04	USA: California		SAMN54966271	WGS	RT-PCR	OXFORD_NANOPORE	GridION	PRJNA1416438	unknown
SRR37040751	139622994	253808	EC27_Pl_1C_CP1	2025-03-04	USA: California		SAMN54966270	WGS	RT-PCR	OXFORD_NANOPORE	GridION	PRJNA1416438	unknown
SRR37040752	105960189	148305	EC27_Pl_1B_CP1	2025-03-04	USA: California		SAMN54966269	WGS	RT-PCR	OXFORD_NANOPORE	GridION	PRJNA1416438	unknown
SRR37040753	128361888	216243	EC27_Pl_1A_CP1	2025-03-04	USA: California		SAMN54966268	WGS	RT-PCR	OXFORD_NANOPORE	GridION	PRJNA1416438	unknown
SRR37040754	167659589	172243	CP1_EC_71	2025-03-09	USA: California		SAMN54966267	WGS	RT-PCR	OXFORD_NANOPORE	GridION	PRJNA1416438	unknown
SRR37040755	175715018	171853	CP1_EC70	2025-03-09	USA: California		SAMN54966266	WGS	RT-PCR	OXFORD_NANOPORE	GridION	PRJNA1416438	unknown
SRR37040756	922667	1091	EC22	2025-03-04	USA: California		SAMN54966260	WGS	RT-PCR	OXFORD_NANOPORE	GridION	PRJNA1416438	unknown
SRR37040757	178939637	224920	CP1_EC54	2025-03-07	USA: California		SAMN54966265	WGS	RT-PCR	OXFORD_NANOPORE	GridION	PRJNA1416438	unknown
SRR37040758	181852798	184297	CP1_EC47	2025-03-07	USA: California		SAMN54966264	WGS	RT-PCR	OXFORD_NANOPORE	GridION	PRJNA1416438	unknown
SRR37040759	156232365	163319	CP1_EC36	2025-03-06	USA: California		SAMN54966263	WGS	RT-PCR	OXFORD_NANOPORE	GridION	PRJNA1416438	unknown
SRR37040760	7890489	7376	EC70	2025-03-09	USA: California		SAMN54966262	WGS	RT-PCR	OXFORD_NANOPORE	GridION	PRJNA1416438	unknown
SRR37040761	14787855	14322	EC66	2025-03-08	USA: California		SAMN54966261	WGS	RT-PCR	OXFORD_NANOPORE	GridION	PRJNA1416438	unknown
SRR37040762	10194594	10135	EC22	2025-03-04	USA: California		SAMN54966260	WGS	RT-PCR	OXFORD_NANOPORE	GridION	PRJNA1416438	unknown
SRR37040763	25402646	21628	EC36	2025-03-06	USA: California		SAMN54966259	WGS	RT-PCR	OXFORD_NANOPORE	GridION	PRJNA1416438	unknown
SRR37040764	15634672	15677	EC54	2025-03-07	USA: California		SAMN54966258	WGS	RT-PCR	OXFORD_NANOPORE	GridION	PRJNA1416438	unknown
SRR37040765	43232237	37381	EC38	2025-03-06	USA: California		SAMN54966257	WGS	RT-PCR	OXFORD_NANOPORE	GridION	PRJNA1416438	unknown
SRR37040766	20733492	20190	EC60	2025-03-08	USA: California		SAMN54966256	WGS	RT-PCR	OXFORD_NANOPORE	GridION	PRJNA1416438	unknown
SRR37040767	13378441	13580	EC36	2025-03-06	USA: California		SAMN54966259	WGS	RT-PCR	OXFORD_NANOPORE	GridION	PRJNA1416438	unknown
SRR37040768	42691305	41831	EC71	2025-03-09	USA: California		SAMN54966255	WGS	RT-PCR	OXFORD_NANOPORE	GridION	PRJNA1416438	unknown
SRR37040769	85057276	87301	EC47	2025-03-07	USA: California		SAMN54966254	WGS	RT-PCR	OXFORD_NANOPORE	GridION	PRJNA1416438	unknown
SRR37040770	201887748	204342	EC27_BF_CP2	2025-03-04	USA: California		SAMN54966277	WGS	RT-PCR	OXFORD_NANOPORE	GridION	PRJNA1416438	unknown
SRR37040771	196581135	231750	EC27_AF_CP2	2025-03-04	USA: California		SAMN54966276	WGS	RT-PCR	OXFORD_NANOPORE	GridION	PRJNA1416438	unknown
SRR37040772	212495913	360327	EC27_OA_CP1	2025-03-04	USA: California		SAMN54966275	WGS	RT-PCR	OXFORD_NANOPORE	GridION	PRJNA1416438	unknown
SRR37040773	126648467	248673	EC27_Pl_1G_CP1	2025-03-04	USA: California		SAMN54966274	WGS	RT-PCR	OXFORD_NANOPORE	GridION	PRJNA1416438	unknown
SRR37040774	129754852	256783	EC27_Pl_1F_CP1	2025-03-04	USA: California		SAMN54966273	WGS	RT-PCR	OXFORD_NANOPORE	GridION	PRJNA1416438	unknown
SRR37040775	88789111	176147	EC27_Pl_1E_CP1	2025-03-04	USA: California		SAMN54966272	WGS	RT-PCR	OXFORD_NANOPORE	GridION	PRJNA1416438	unknown
SRR37040776	110005660	172585	EC27_Pl_1D_CP1	2025-03-04	USA: California		SAMN54966271	WGS	RT-PCR	OXFORD_NANOPORE	GridION	PRJNA1416438	unknown
SRR37040777	91437222	183600	EC27_Pl_1C_CP1	2025-03-04	USA: California		SAMN54966270	WGS	RT-PCR	OXFORD_NANOPORE	GridION	PRJNA1416438	unknown
SRR37040778	6866413	7874	EC54	2025-03-07	USA: California		SAMN54966258	WGS	RT-PCR	OXFORD_NANOPORE	GridION	PRJNA1416438	unknown
SRR37040779	82919632	128169	EC27_Pl_1B_CP1	2025-03-04	USA: California		SAMN54966269	WGS	RT-PCR	OXFORD_NANOPORE	GridION	PRJNA1416438	unknown
SRR37040780	92079693	161204	EC27_Pl_1A_CP1	2025-03-04	USA: California		SAMN54966268	WGS	RT-PCR	OXFORD_NANOPORE	GridION	PRJNA1416438	unknown
SRR37040781	135226028	147935	CP1_EC_71	2025-03-09	USA: California		SAMN54966267	WGS	RT-PCR	OXFORD_NANOPORE	GridION	PRJNA1416438	unknown
SRR37040782	143746553	147888	CP1_EC70	2025-03-09	USA: California		SAMN54966266	WGS	RT-PCR	OXFORD_NANOPORE	GridION	PRJNA1416438	unknown
SRR37040783	91675276	122194	CP1_EC54	2025-03-07	USA: California		SAMN54966265	WGS	RT-PCR	OXFORD_NANOPORE	GridION	PRJNA1416438	unknown
SRR37040784	72441867	80659	CP1_EC47	2025-03-07	USA: California		SAMN54966264	WGS	RT-PCR	OXFORD_NANOPORE	GridION	PRJNA1416438	unknown
SRR37040785	116885844	129660	CP1_EC36	2025-03-06	USA: California		SAMN54966263	WGS	RT-PCR	OXFORD_NANOPORE	GridION	PRJNA1416438	unknown
SRR37040786	589636	492	EC70	2025-03-09	USA: California		SAMN54966262	WGS	RT-PCR	OXFORD_NANOPORE	GridION	PRJNA1416438	unknown
SRR37040787	554736	514	EC66	2025-03-08	USA: California		SAMN54966261	WGS	RT-PCR	OXFORD_NANOPORE	GridION	PRJNA1416438	unknown
SRR37040788	1055561	995	EC22	2025-03-04	USA: California		SAMN54966260	WGS	RT-PCR	OXFORD_NANOPORE	GridION	PRJNA1416438	unknown
SRR37040789	14285480	15653	EC38	2025-03-06	USA: California		SAMN54966257	WGS	RT-PCR	OXFORD_NANOPORE	GridION	PRJNA1416438	unknown
SRR37040790	3823322	3316	EC36	2025-03-06	USA: California		SAMN54966259	WGS	RT-PCR	OXFORD_NANOPORE	GridION	PRJNA1416438	unknown
SRR37040791	1196073	1150	EC54	2025-03-07	USA: California		SAMN54966258	WGS	RT-PCR	OXFORD_NANOPORE	GridION	PRJNA1416438	unknown
SRR37040792	2549492	2369	EC38	2025-03-06	USA: California		SAMN54966257	WGS	RT-PCR	OXFORD_NANOPORE	GridION	PRJNA1416438	unknown
SRR37040793	1527703	1473	EC60	2025-03-08	USA: California		SAMN54966256	WGS	RT-PCR	OXFORD_NANOPORE	GridION	PRJNA1416438	unknown
SRR37040794	8485263	7624	EC71	2025-03-09	USA: California		SAMN54966255	WGS	RT-PCR	OXFORD_NANOPORE	GridION	PRJNA1416438	unknown
SRR37040795	21708422	21983	EC47	2025-03-07	USA: California		SAMN54966254	WGS	RT-PCR	OXFORD_NANOPORE	GridION	PRJNA1416438	unknown
SRR37040796	167721794	184931	EC27_BF_CP2	2025-03-04	USA: California		SAMN54966277	WGS	RT-PCR	OXFORD_NANOPORE	GridION	PRJNA1416438	unknown
SRR37040797	147646303	168334	EC27_AF_CP2	2025-03-04	USA: California		SAMN54966276	WGS	RT-PCR	OXFORD_NANOPORE	GridION	PRJNA1416438	unknown
SRR37040798	96541798	133032	EC27_OA_CP1	2025-03-04	USA: California		SAMN54966275	WGS	RT-PCR	OXFORD_NANOPORE	GridION	PRJNA1416438	unknown
SRR37040799	150156316	244516	EC27_Pl_1G_CP1	2025-03-04	USA: California		SAMN54966274	WGS	RT-PCR	OXFORD_NANOPORE	GridION	PRJNA1416438	unknown
SRR37040800	4989823	5602	EC60	2025-03-08	USA: California		SAMN54966256	WGS	RT-PCR	OXFORD_NANOPORE	GridION	PRJNA1416438	unknown
SRR37040801	109818833	172810	EC27_Pl_1F_CP1	2025-03-04	USA: California		SAMN54966273	WGS	RT-PCR	OXFORD_NANOPORE	GridION	PRJNA1416438	unknown
SRR37040802	106614142	167619	EC27_Pl_1E_CP1	2025-03-04	USA: California		SAMN54966272	WGS	RT-PCR	OXFORD_NANOPORE	GridION	PRJNA1416438	unknown
SRR37040803	130603895	182161	EC27_Pl_1D_CP1	2025-03-04	USA: California		SAMN54966271	WGS	RT-PCR	OXFORD_NANOPORE	GridION	PRJNA1416438	unknown
SRR37040804	91304621	139551	EC27_Pl_1C_CP1	2025-03-04	USA: California		SAMN54966270	WGS	RT-PCR	OXFORD_NANOPORE	GridION	PRJNA1416438	unknown
SRR37040805	107328466	136687	EC27_Pl_1B_CP1	2025-03-04	USA: California		SAMN54966269	WGS	RT-PCR	OXFORD_NANOPORE	GridION	PRJNA1416438	unknown
SRR37040806	132794612	203729	EC27_Pl_1A_CP1	2025-03-04	USA: California		SAMN54966268	WGS	RT-PCR	OXFORD_NANOPORE	GridION	PRJNA1416438	unknown
SRR37040807	155459463	173815	CP1_EC_71	2025-03-09	USA: California		SAMN54966267	WGS	RT-PCR	OXFORD_NANOPORE	GridION	PRJNA1416438	unknown
SRR37040808	199911233	217880	CP1_EC70	2025-03-09	USA: California		SAMN54966266	WGS	RT-PCR	OXFORD_NANOPORE	GridION	PRJNA1416438	unknown
SRR37040809	148490301	181604	CP1_EC54	2025-03-07	USA: California		SAMN54966265	WGS	RT-PCR	OXFORD_NANOPORE	GridION	PRJNA1416438	unknown
SRR37040810	185768393	205422	CP1_EC47	2025-03-07	USA: California		SAMN54966264	WGS	RT-PCR	OXFORD_NANOPORE	GridION	PRJNA1416438	unknown
SRR37040811	17350731	19038	EC71	2025-03-09	USA: California		SAMN54966255	WGS	RT-PCR	OXFORD_NANOPORE	GridION	PRJNA1416438	unknown
SRR37040812	34616731	42385	EC47	2025-03-07	USA: California		SAMN54966254	WGS	RT-PCR	OXFORD_NANOPORE	GridION	PRJNA1416438	unknown
SRR36163006	145559391	490650	25-025902-001	2025	USA	TURKEY	SAMN53332741	WGS	RANDOM	ILLUMINA	NextSeq 2000	PRJNA1219588	poultry_wildbird
SRR36163007	131076312	446000	25-025502-003	2025	USA	TURKEY	SAMN53332740	WGS	RANDOM	ILLUMINA	NextSeq 2000	PRJNA1219588	poultry_wildbird
SRR36163008	117677586	399370	25-025502-002	2025	USA	TURKEY	SAMN53332739	WGS	RANDOM	ILLUMINA	NextSeq 2000	PRJNA1219588	poultry_wildbird
SRR36163009	107703303	364460	25-025502-001	2025	USA	TURKEY	SAMN53332738	WGS	RANDOM	ILLUMINA	NextSeq 2000	PRJNA1219588	poultry_wildbird
SRR36163010	78216389	264842	25-026098-002	2025	USA	CHICKEN	SAMN53332737	WGS	RANDOM	ILLUMINA	Illumina iSeq 100	PRJNA1219588	poultry_wildbird
SRR36163011	60759068	205156	25-026086-002	2025	USA	CHICKEN	SAMN53332736	WGS	RANDOM	ILLUMINA	Illumina iSeq 100	PRJNA1219588	poultry_wildbird
SRR36163012	98933292	341538	25-026086-001	2025	USA	CHICKEN	SAMN53332735	WGS	RANDOM	ILLUMINA	Illumina iSeq 100	PRJNA1219588	poultry_wildbird
SRR36163013	156947541	528785	25-026290-001	2025	USA	CHICKEN	SAMN53332753	WGS	RANDOM	ILLUMINA	NextSeq 2000	PRJNA1219588	poultry_wildbird
SRR36163014	197065339	662934	25-026289-002	2025	USA	TURKEY	SAMN53332752	WGS	RANDOM	ILLUMINA	NextSeq 2000	PRJNA1219588	poultry_wildbird
SRR36163015	108918039	367510	25-025802-003	2025	USA	CHICKEN	SAMN53332734	WGS	RANDOM	ILLUMINA	NextSeq 2000	PRJNA1219588	poultry_wildbird
SRR36163016	142743143	480415	25-026289-001	2025	USA	TURKEY	SAMN53332751	WGS	RANDOM	ILLUMINA	NextSeq 2000	PRJNA1219588	poultry_wildbird
SRR36163017	209888228	707075	25-026227-001	2025	USA	CHICKEN	SAMN53332750	WGS	RANDOM	ILLUMINA	NextSeq 2000	PRJNA1219588	poultry_wildbird
SRR36163018	136135890	458645	25-025899-001	2025	USA	DOMESTIC GROWER/MEAT-TYPE TURKEY	SAMN53332749	WGS	RANDOM	ILLUMINA	NextSeq 2000	PRJNA1219588	poultry_wildbird
SRR36163019	47082106	159821	25-026102-006	2025	USA	TURKEY	SAMN53332748	WGS	RANDOM	ILLUMINA	Illumina iSeq 100	PRJNA1219588	poultry_wildbird
SRR36163020	50580944	170920	25-026102-005	2025	USA	TURKEY	SAMN53332747	WGS	RANDOM	ILLUMINA	Illumina iSeq 100	PRJNA1219588	poultry_wildbird
SRR36163021	87839623	296612	25-026102-003	2025	USA	TURKEY	SAMN53332746	WGS	RANDOM	ILLUMINA	Illumina iSeq 100	PRJNA1219588	poultry_wildbird
SRR36163022	53466980	179894	25-026102-002	2025	USA	TURKEY	SAMN53332745	WGS	RANDOM	ILLUMINA	Illumina iSeq 100	PRJNA1219588	poultry_wildbird
SRR36163023	57560686	193737	25-026102-001	2025	USA	TURKEY	SAMN53332744	WGS	RANDOM	ILLUMINA	Illumina iSeq 100	PRJNA1219588	poultry_wildbird
SRR36163024	79847595	271476	25-026099-002	2025	USA	TURKEY	SAMN53332743	WGS	RANDOM	ILLUMINA	Illumina iSeq 100	PRJNA1219588	poultry_wildbird
SRR36163025	72137225	243512	25-026099-001	2025	USA	TURKEY	SAMN53332742	WGS	RANDOM	ILLUMINA	Illumina iSeq 100	PRJNA1219588	poultry_wildbird
SRR36163026	119297240	401757	25-025802-002	2025	USA	CHICKEN	SAMN53332733	WGS	RANDOM	ILLUMINA	NextSeq 2000	PRJNA1219588	poultry_wildbird
SRR36163027	105054265	354278	25-025802-001	2025	USA	CHICKEN	SAMN53332732	WGS	RANDOM	ILLUMINA	NextSeq 2000	PRJNA1219588	poultry_wildbird
SRR35949423	69402936	234017	25-024057-003	2025	USA	DUCK	SAMN53088530	WGS	RANDOM	ILLUMINA	Illumina iSeq 100	PRJNA1219588	poultry_wildbird
SRR35949424	151216471	509563	25-024189-001	2025	USA	TURKEY, DOMESTIC GROWER/MEAT-TYPE	SAMN53088529	WGS	RANDOM	ILLUMINA	NextSeq 2000	PRJNA1219588	poultry_wildbird
SRR35949425	78322320	264109	25-024186-002	2025	USA	TURKEY, DOMESTIC GROWER/MEAT-TYPE	SAMN53088528	WGS	RANDOM	ILLUMINA	Illumina iSeq 100	PRJNA1219588	poultry_wildbird
SRR35949426	73581877	249664	25-024186-001	2025	USA	TURKEY, DOMESTIC GROWER/MEAT-TYPE	SAMN53088527	WGS	RANDOM	ILLUMINA	Illumina iSeq 100	PRJNA1219588	poultry_wildbird
SRR35949427	84244542	283724	25-023924-005	2025	USA	TURKEY, DOMESTIC GROWER/MEAT-TYPE	SAMN53088526	WGS	RANDOM	ILLUMINA	Illumina iSeq 100	PRJNA1219588	poultry_wildbird
SRR35949428	72669781	244922	25-023924-004	2025	USA	TURKEY, DOMESTIC GROWER/MEAT-TYPE	SAMN53088525	WGS	RANDOM	ILLUMINA	Illumina iSeq 100	PRJNA1219588	poultry_wildbird
SRR35949429	59643498	200709	25-023924-003	2025	USA	TURKEY, DOMESTIC GROWER/MEAT-TYPE	SAMN53088524	WGS	RANDOM	ILLUMINA	Illumina iSeq 100	PRJNA1219588	poultry_wildbird
SRR35949430	64151899	216141	25-023924-002	2025	USA	TURKEY, DOMESTIC GROWER/MEAT-TYPE	SAMN53088523	WGS	RANDOM	ILLUMINA	Illumina iSeq 100	PRJNA1219588	poultry_wildbird
SRR35949431	45930171	155287	25-023924-001	2025	USA	TURKEY, DOMESTIC GROWER/MEAT-TYPE	SAMN53088522	WGS	RANDOM	ILLUMINA	Illumina iSeq 100	PRJNA1219588	poultry_wildbird
SRR35949432	62643492	210931	25-024057-002	2025	USA	CHICKEN, DOMESTIC (NO BREED SPECIFIED)	SAMN53088521	WGS	RANDOM	ILLUMINA	Illumina iSeq 100	PRJNA1219588	poultry_wildbird
SRR35150577	79000186	266232	25-021143-001	2025	USA	CATTLE	SAMN50804875	WGS	RANDOM	ILLUMINA	NextSeq 2000	PRJNA1219588	cattle
SRR34709337	60591683	203249	25-019681-001	2025	USA	CATTLE	SAMN50195841	WGS	RANDOM	ILLUMINA	NextSeq 2000	PRJNA1219588	cattle
SRR33993166	60982523	206365	25-016765-001	2025	USA	CATTLE	SAMN49104924	WGS	RANDOM	ILLUMINA	Illumina iSeq 100	PRJNA1219588	cattle
SRR33943907	147473189	496380	25-013177-001	2025	USA	CATTLE	SAMN49009105	WGS	RANDOM	ILLUMINA	NextSeq 2000	PRJNA1219588	cattle
SRR33943908	130638749	439719	25-016334-001	2025	USA	CATTLE	SAMN49009104	WGS	RANDOM	ILLUMINA	NextSeq 2000	PRJNA1219588	cattle
SRR33764593	126434183	428320	25-013772-001	2025	USA	CATTLE	SAMN48808603	WGS	RANDOM	ILLUMINA	NextSeq 2000	PRJNA1219588	cattle
SRR33476829	136258725	457641	25-011565-001	2025	USA	CATTLE	SAMN48398773	WGS	RANDOM	ILLUMINA	NextSeq 2000	PRJNA1219588	cattle
SRR33476830	247254883	829913	25-007985-001	2025	USA	CATTLE	SAMN48398772	WGS	RANDOM	ILLUMINA	NextSeq 2000	PRJNA1219588	cattle
SRR33476831	265188236	893512	25-007484-009	2025	USA	CATTLE	SAMN48398771	WGS	RANDOM	ILLUMINA	NextSeq 2000	PRJNA1219588	cattle
SRR33319085	113374336	384520	25-010942-001	2025	USA	CATTLE	SAMN48151379	WGS	RANDOM	ILLUMINA	NextSeq 2000	PRJNA1219588	cattle
SRR33030013	162373300	548349	25-010142-001	2025	USA	CATTLE	SAMN47843961	WGS	RANDOM	ILLUMINA	NextSeq 2000	PRJNA1219588	cattle
SRR33030014	100640053	340378	25-006537-001	2025	USA	CATTLE	SAMN47843960	WGS	RANDOM	ILLUMINA	NextSeq 2000	PRJNA1219588	cattle
SRR33030015	293625821	995249	25-002644-003-v	2025	USA	CATTLE	SAMN47843959	WGS	RANDOM	ILLUMINA	NextSeq 2000	PRJNA1219588	cattle
SRR32974123	119612009	405464	25-008828-001	2025	USA	CATTLE	SAMN47777887	WGS	RANDOM	ILLUMINA	NextSeq 2000	PRJNA1219588	cattle
SRR32974124	137365748	465483	25-008827-001	2025	USA	CATTLE	SAMN47777886	WGS	RANDOM	ILLUMINA	NextSeq 2000	PRJNA1219588	cattle
SRR32654098	123771614	422344	25-003385-001	2025	USA	CATTLE	SAMN47305205	WGS	RANDOM	ILLUMINA	NextSeq 2000	PRJNA1219588	cattle
SRR32654099	168731313	574639	25-003285-008	2025	USA	CATTLE	SAMN47305204	WGS	RANDOM	ILLUMINA	NextSeq 2000	PRJNA1219588	cattle
SRR32654100	92462270	313625	25-003285-007	2025	USA	CATTLE	SAMN47305203	WGS	RANDOM	ILLUMINA	NextSeq 2000	PRJNA1219588	cattle
SRR32654101	79636039	270377	25-003285-006	2025	USA	CATTLE	SAMN47305202	WGS	RANDOM	ILLUMINA	NextSeq 2000	PRJNA1219588	cattle
SRR32654102	77495248	264305	25-003285-005	2025	USA	CATTLE	SAMN47305201	WGS	RANDOM	ILLUMINA	NextSeq 2000	PRJNA1219588	cattle
SRR32654103	90284804	306410	25-003285-002	2025	USA	CATTLE	SAMN47305200	WGS	RANDOM	ILLUMINA	NextSeq 2000	PRJNA1219588	cattle
SRR32654104	158137538	538291	25-002644-003	2025	USA	CATTLE	SAMN47305199	WGS	RANDOM	ILLUMINA	NextSeq 2000	PRJNA1219588	cattle
SRR32654105	134935030	454924	25-002644-002	2025	USA	CATTLE	SAMN47305198	WGS	RANDOM	ILLUMINA	NextSeq 2000	PRJNA1219588	cattle
SRR32654106	135240641	455983	25-002644-001	2025	USA	CATTLE	SAMN47305197	WGS	RANDOM	ILLUMINA	NextSeq 2000	PRJNA1219588	cattle
SRR32653731	171221692	577202	25-005483-001	2025	USA	CHICKEN	SAMN47304679	WGS	RANDOM	ILLUMINA	NextSeq 2000	PRJNA1219588	poultry_wildbird
SRR32512683	123977749	428255	25-004738-001	2025	USA	CATTLE	SAMN47130933	WGS	RANDOM	ILLUMINA	NextSeq 2000	PRJNA1219588	cattle
SRR32512684	330171951	1136419	25-004223-001	2025	USA	CATTLE	SAMN47130932	WGS	RANDOM	ILLUMINA	NextSeq 2000	PRJNA1219588	cattle
SRR32512685	112974671	381934	25-004382-001	2025	USA	CATTLE	SAMN47130931	WGS	RANDOM	ILLUMINA	NextSeq 2000	PRJNA1219588	cattle
SRR32512686	90235171	305171	25-004381-001	2025	USA	CATTLE	SAMN47130930	WGS	RANDOM	ILLUMINA	NextSeq 2000	PRJNA1219588	cattle
SRR32415931	50392031	171215	25-004046-001	2025	USA	CATTLE	SAMN46922971	WGS	RANDOM	ILLUMINA	Illumina iSeq 100	PRJNA1219588	cattle
SRR32415932	59074434	201056	25-004003-002	2025	USA	CATTLE	SAMN46922970	WGS	RANDOM	ILLUMINA	Illumina iSeq 100	PRJNA1219588	cattle
SRR32415933	54693732	187958	25-004003-001	2025	USA	CATTLE	SAMN46922969	WGS	RANDOM	ILLUMINA	Illumina iSeq 100	PRJNA1219588	cattle
SRR32254301	245782354	849640	25-002645-006	2025	USA	CATTLE	SAMN46706025	WGS	RANDOM	ILLUMINA	NextSeq 2000	PRJNA1219588	cattle
SRR32254302	197916225	684675	25-002645-005	2025	USA	CATTLE	SAMN46706024	WGS	RANDOM	ILLUMINA	NextSeq 2000	PRJNA1219588	cattle
SRR32254303	577524060	1988914	25-002645-004	2025	USA	CATTLE	SAMN46706023	WGS	RANDOM	ILLUMINA	NextSeq 2000	PRJNA1219588	cattle
SRR32254304	493773973	1717977	25-002645-003	2025	USA	CATTLE	SAMN46706022	WGS	RANDOM	ILLUMINA	NextSeq 2000	PRJNA1219588	cattle
SRR29165088	73862018	75759	084875-24-5	2024-03-13	USA: Ohio	Dairy cow	SAMN41527195	AMPLICON	RT-PCR	OXFORD_NANOPORE	GridION	PRJNA1114404	cattle
SRR29165089	54927971	56682	084875-24-4	2024-03-13	USA: Ohio	Dairy cow	SAMN41527194	AMPLICON	RT-PCR	OXFORD_NANOPORE	GridION	PRJNA1114404	cattle
SRR29165090	22609611	23756	084875-24-2	2024-03-13	USA: Ohio	Dairy cow	SAMN41527193	AMPLICON	RT-PCR	OXFORD_NANOPORE	GridION	PRJNA1114404	cattle
SRR29165091	104936377	91095	078707-24-4	2024-03-13	USA: Ohio	Dairy cow	SAMN41527192	AMPLICON	RT-PCR	OXFORD_NANOPORE	GridION	PRJNA1114404	cattle
SRR29165092	42567490	45475	078707-24-2	2024-03-13	USA: Ohio	Dairy cow	SAMN41527191	AMPLICON	RT-PCR	OXFORD_NANOPORE	GridION	PRJNA1114404	cattle
SRR29165093	60305748	61469	062211-24-4	2024-03-19	USA: Texas	Avian	SAMN41527235	AMPLICON	RT-PCR	OXFORD_NANOPORE	GridION	PRJNA1114404	other
SRR29165094	44287478	106100	062222-24-1-4	2024-03-19	USA: Texas	Domestic cat	SAMN41527234	AMPLICON	RT-PCR	OXFORD_NANOPORE	GridION	PRJNA1114404	feline
SRR29165095	68827393	70053	062222-24-1-3	2024-04-19	USA: Texas	Domestic cat	SAMN41527233	AMPLICON	RT-PCR	OXFORD_NANOPORE	GridION	PRJNA1114404	feline
SRR29165096	314671198	711905	B2410989-URINE-54	2024-03-29	USA: Ohio	Dairy cow	SAMN41527232	AMPLICON	RT-PCR	ILLUMINA	Illumina MiSeq	PRJNA1114404	cattle
SRR29165097	541249043	1193755	B2408700-NS	2024-03-29	USA: Ohio	Dairy cow	SAMN41527231	AMPLICON	RT-PCR	ILLUMINA	Illumina MiSeq	PRJNA1114404	cattle
SRR29165098	325403497	681000	B2408700-MILK-PBS-9	2024-03-29	USA: Ohio	Dairy cow	SAMN41527230	AMPLICON	RT-PCR	ILLUMINA	Illumina MiSeq	PRJNA1114404	cattle
SRR29165099	389394189	815193	B2408700-MILK-PBS-7	2024-03-29	USA: Ohio	Dairy cow	SAMN41527229	AMPLICON	RT-PCR	ILLUMINA	Illumina MiSeq	PRJNA1114404	cattle
SRR29165100	397268726	832663	B2408700-MILK-PBS-6	2024-03-29	USA: Ohio	Dairy cow	SAMN41527228	AMPLICON	RT-PCR	ILLUMINA	Illumina MiSeq	PRJNA1114404	cattle
SRR29165101	396176246	830780	B2408700-MILK-PBS-5	2024-03-29	USA: Ohio	Dairy cow	SAMN41527227	AMPLICON	RT-PCR	ILLUMINA	Illumina MiSeq	PRJNA1114404	cattle
SRR29165102	411974085	862155	B2408700-MILK-PBS-10	2024-03-29	USA: Ohio	Dairy cow	SAMN41527226	AMPLICON	RT-PCR	ILLUMINA	Illumina MiSeq	PRJNA1114404	cattle
SRR29165103	37505451	40044	078707-24-14	2024-03-13	USA: Ohio	Dairy cow	SAMN41527190	AMPLICON	RT-PCR	OXFORD_NANOPORE	GridION	PRJNA1114404	cattle
SRR29165104	356310746	747495	B2408700-MILK-PBS-1	2024-03-29	USA: Ohio	Dairy cow	SAMN41527225	AMPLICON	RT-PCR	ILLUMINA	Illumina MiSeq	PRJNA1114404	cattle
SRR29165105	339608127	716474	B2408700-MILK-11	2024-03-19	USA: Ohio	Dairy cow	SAMN41527224	AMPLICON	RT-PCR	ILLUMINA	Illumina MiSeq	PRJNA1114404	cattle
SRR29165106	644974423	802920	072679-24	2024-03-19	USA: Texas	Dairy cow	SAMN41527223	AMPLICON	RT-PCR	OXFORD_NANOPORE	GridION	PRJNA1114404	cattle
SRR29165107	58259187	64535	067041-24-6	2024-03-19	USA: Texas	Dairy cow	SAMN41527222	AMPLICON	RT-PCR	OXFORD_NANOPORE	GridION	PRJNA1114404	cattle
SRR29165108	94611926	82524	067041-24-5	2024-04-19	USA: Texas	Dairy cow	SAMN41527221	AMPLICON	RT-PCR	OXFORD_NANOPORE	GridION	PRJNA1114404	cattle
SRR29165109	131105441	96478	067041-24-2	2024-03-29	USA: Texas	Dairy cow	SAMN41527220	AMPLICON	RT-PCR	OXFORD_NANOPORE	GridION	PRJNA1114404	cattle
SRR29165110	48744825	37593	067041-24-1	2024-03-29	USA: Texas	Dairy cow	SAMN41527219	AMPLICON	RT-PCR	OXFORD_NANOPORE	GridION	PRJNA1114404	cattle
SRR29165111	56285433	57754	063224-24-8	2024-03-29	USA: Texas	Dairy cow	SAMN41527218	AMPLICON	RT-PCR	OXFORD_NANOPORE	GridION	PRJNA1114404	cattle
SRR29165112	66572544	64483	063224-24-4	2024-03-29	USA: Texas	Dairy cow	SAMN41527217	AMPLICON	RT-PCR	OXFORD_NANOPORE	GridION	PRJNA1114404	cattle
SRR29165113	32746805	29884	063224-24-10	2024-03-29	USA: Texas	Dairy cow	SAMN41527216	AMPLICON	RT-PCR	OXFORD_NANOPORE	GridION	PRJNA1114404	cattle
SRR29165114	225799814	215572	078707-24-13	2024-03-13	USA: Ohio	Dairy cow	SAMN41527189	AMPLICON	RT-PCR	OXFORD_NANOPORE	GridION	PRJNA1114404	cattle
SRR29165115	38397073	37947	063224-24-1	2024-03-29	USA: Texas	Dairy cow	SAMN41527215	AMPLICON	RT-PCR	OXFORD_NANOPORE	GridION	PRJNA1114404	cattle
SRR29165116	42926527	43237	063200-24-9	2024-03-29	USA: Texas	Dairy cow	SAMN41527214	AMPLICON	RT-PCR	OXFORD_NANOPORE	GridION	PRJNA1114404	cattle
SRR29165117	63406701	72266	063200-24-6	2024-03-29	USA: Texas	Dairy cow	SAMN41527213	AMPLICON	RT-PCR	OXFORD_NANOPORE	GridION	PRJNA1114404	cattle
SRR29165118	176281932	149268	063200-24-5	2024-03-15	USA: Texas	Dairy cow	SAMN41527212	AMPLICON	RT-PCR	OXFORD_NANOPORE	GridION	PRJNA1114404	cattle
SRR29165119	111242001	93072	063200-24-3	2024-03-16	USA: Texas	Dairy cow	SAMN41527211	AMPLICON	RT-PCR	OXFORD_NANOPORE	GridION	PRJNA1114404	cattle
SRR29165120	63599358	65585	063200-24-1	2024-03-16	USA: Texas	Dairy cow	SAMN41527210	AMPLICON	RT-PCR	OXFORD_NANOPORE	GridION	PRJNA1114404	cattle
SRR29165121	80658404	85410	057377-24-9	2024-03-14	USA: Texas	Dairy cow	SAMN41527209	AMPLICON	RT-PCR	OXFORD_NANOPORE	GridION	PRJNA1114404	cattle
SRR29165122	101177169	97941	057377-24-8	2024-03-15	USA: Texas	Dairy cow	SAMN41527208	AMPLICON	RT-PCR	OXFORD_NANOPORE	GridION	PRJNA1114404	cattle
SRR29165123	101210411	98907	057377-24-7	2024-03-19	USA: Texas	Dairy cow	SAMN41527207	AMPLICON	RT-PCR	OXFORD_NANOPORE	GridION	PRJNA1114404	cattle
SRR29165124	178593009	166661	057377-24-6	2024-03-19	USA: Texas	Dairy cow	SAMN41527206	AMPLICON	RT-PCR	OXFORD_NANOPORE	GridION	PRJNA1114404	cattle
SRR29165125	19624074	19498	078707-24-12	2024-03-13	USA: Ohio	Dairy cow	SAMN41527188	AMPLICON	RT-PCR	OXFORD_NANOPORE	GridION	PRJNA1114404	cattle
SRR29165126	129597522	120488	057377-24-4	2024-03-19	USA: Texas	Dairy cow	SAMN41527205	AMPLICON	RT-PCR	OXFORD_NANOPORE	GridION	PRJNA1114404	cattle
SRR29165127	60886153	61876	057377-24-26	2024-03-19	USA: Texas	Dairy cow	SAMN41527204	AMPLICON	RT-PCR	OXFORD_NANOPORE	GridION	PRJNA1114404	cattle
SRR29165128	48885649	52352	057377-24-25	2024-03-13	USA: Texas	Dairy cow	SAMN41527203	AMPLICON	RT-PCR	OXFORD_NANOPORE	GridION	PRJNA1114404	cattle
SRR29165129	92220032	103035	057377-24-2	2024-03-13	USA: Texas	Dairy cow	SAMN41527202	AMPLICON	RT-PCR	OXFORD_NANOPORE	GridION	PRJNA1114404	cattle
SRR29165130	42706426	42407	057377-24-18	2024-03-13	USA: Texas	Dairy cow	SAMN41527201	AMPLICON	RT-PCR	OXFORD_NANOPORE	GridION	PRJNA1114404	cattle
SRR29165131	56841476	54452	057377-24-16	2024-03-13	USA: Texas	Dairy cow	SAMN41527200	AMPLICON	RT-PCR	OXFORD_NANOPORE	GridION	PRJNA1114404	cattle
SRR29165132	112367212	101208	057377-24-14	2024-03-13	USA: Texas	Dairy cow	SAMN41527199	AMPLICON	RT-PCR	OXFORD_NANOPORE	GridION	PRJNA1114404	cattle
SRR29165133	59824133	60387	057377-24-12	2024-03-13	USA: Texas	Dairy cow	SAMN41527198	AMPLICON	RT-PCR	OXFORD_NANOPORE	GridION	PRJNA1114404	cattle
SRR29165134	70488290	65573	057377-24-11	2024-03-13	USA: Texas	Dairy cow	SAMN41527197	AMPLICON	RT-PCR	OXFORD_NANOPORE	GridION	PRJNA1114404	cattle
SRR29165135	61375036	55492	057377-24-10	2024-03-13	USA: Texas	Dairy cow	SAMN41527196	AMPLICON	RT-PCR	OXFORD_NANOPORE	GridION	PRJNA1114404	cattle
SRR29165136	43343875	42618	078707-24-10	2024-03-13	USA: Ohio	Dairy cow	SAMN41527187	AMPLICON	RT-PCR	OXFORD_NANOPORE	GridION	PRJNA1114404	cattle
SRR29165137	149559591	160030	078707-24-1	2024-03-13	USA: Ohio	Dairy cow	SAMN41527186	AMPLICON	RT-PCR	OXFORD_NANOPORE	GridION	PRJNA1114404	cattle
SRR35186256	108739106	105747	ADL_S156	2024-08-21	USA: Pennsylvania		SAMN50852552	AMPLICON	RT-PCR	OXFORD_NANOPORE	MinION	PRJNA1312032	unknown
SRR35186257	637888458	933842	ADL_S155	2024-08-21	USA: Pennsylvania		SAMN50852551	AMPLICON	RT-PCR	OXFORD_NANOPORE	MinION	PRJNA1312032	unknown
SRR35186258	792060426	714319	ADL_S154	2024-08-21	USA: Pennsylvania		SAMN50852550	AMPLICON	RT-PCR	OXFORD_NANOPORE	MinION	PRJNA1312032	unknown
SRR30802488	119640129	136459	A/bovine/USA/MILK-05-24MK0060 /2024	2024-04-15	USA: Arkansas		SAMN43931193	AMPLICON	RT-PCR	OXFORD_NANOPORE	MinION	PRJNA1165336	unknown
SRR30801890	199969430	197087	A/bovine/USA/MILK-48-24MK0032 /2024 (H5N1)	2024-04-14	USA: Texas		SAMN43930716	AMPLICON	RT-PCR	OXFORD_NANOPORE	MinION	PRJNA1165321	unknown
SRR36114813	95414652	322741	25-025508-001	2025	USA	DOMESTIC CAT	SAMN53332451	WGS	RANDOM	ILLUMINA	NextSeq 2000	PRJNA1102327	feline
SRR36114814	82034604	277945	25-025503-001	2025	USA	DOMESTIC CAT	SAMN53332450	WGS	RANDOM	ILLUMINA	NextSeq 2000	PRJNA1102327	feline
SRR34913293	125853895	423696	25-020884-001	2025	USA	DOMESTIC CAT	SAMN50501553	WGS	RANDOM	ILLUMINA	NextSeq 2000	PRJNA1102327	feline
SRR34784292	96910838	327601	25-020148-001	2025	USA	DOMESTIC CAT	SAMN50289276	WGS	RANDOM	ILLUMINA	NextSeq 2000	PRJNA1102327	feline
SRR34784293	97212442	327539	25-020076-001	2025	USA	DOMESTIC CAT	SAMN50289275	WGS	RANDOM	ILLUMINA	NextSeq 2000	PRJNA1102327	feline
SRR34712469	90626763	304466	25-019613-001	2025	USA	DOMESTIC CAT	SAMN50195779	WGS	RANDOM	ILLUMINA	NextSeq 2000	PRJNA1102327	feline
SRR33508211	82515944	277511	25-011002-002	2025	USA	CAT	SAMN48412029	WGS	RANDOM	ILLUMINA	NextSeq 2000	PRJNA1102327	feline
SRR33508212	77968409	261609	25-011002-001	2025	USA	CAT	SAMN48412028	WGS	RANDOM	ILLUMINA	NextSeq 2000	PRJNA1102327	feline
SRR33124599	94820034	325154	25-007097-002	2025	USA	CAT	SAMN47941301	WGS	RANDOM	ILLUMINA	NextSeq 2000	PRJNA1102327	feline
SRR33124600	130133538	442177	25-007097-001	2025	USA	CAT	SAMN47941300	WGS	RANDOM	ILLUMINA	NextSeq 2000	PRJNA1102327	feline
SRR33124601	138946026	279888	25-006638-001	2025	USA	CAT	SAMN47941299	WGS	RANDOM	ILLUMINA	NextSeq 2000	PRJNA1102327	feline
SRR33124602	93818995	188277	25-006544-001	2025	USA	CAT	SAMN47941298	WGS	RANDOM	ILLUMINA	NextSeq 2000	PRJNA1102327	feline
SRR33124603	82101812	176546	25-006543-001	2025	USA	CAT	SAMN47941297	WGS	RANDOM	ILLUMINA	NextSeq 2000	PRJNA1102327	feline
SRR32973947	357957784	1215134	25-008304-003-v	2025	USA	CAT	SAMN47777707	WGS	RANDOM	ILLUMINA	NextSeq 2000	PRJNA1102327	feline
SRR32868626	109816172	369378	25-008596-002	2025	USA	CAT	SAMN47586677	WGS	RANDOM	ILLUMINA	NextSeq 2000	PRJNA1102327	feline
SRR32868627	33495400	113661	25-008596-001	2025	USA	CAT	SAMN47586676	WGS	RANDOM	ILLUMINA	NextSeq 2000	PRJNA1102327	feline
SRR32868628	181423941	611661	25-008557-001	2025	USA	CAT	SAMN47586675	WGS	RANDOM	ILLUMINA	NextSeq 2000	PRJNA1102327	feline
SRR32868629	70646448	240549	25-008304-001	2025	USA	CAT	SAMN47586674	WGS	RANDOM	ILLUMINA	Illumina iSeq 100	PRJNA1102327	feline
SRR32804445	96324476	348084	25-005779-001	2025	USA	CAT	SAMN47505611	WGS	RANDOM	ILLUMINA	NextSeq 2000	PRJNA1102327	feline
SRR32804472	134609419	453576	25-007490-001	2025	USA	CAT	SAMN47505612	WGS	RANDOM	ILLUMINA	NextSeq 2000	PRJNA1102327	feline
SRR32653903	96292618	326910	25-003476-003	2025	USA	CAT	SAMN47305027	WGS	RANDOM	ILLUMINA	NextSeq 2000	PRJNA1102327	feline
SRR32633088	67016467	230826	25-005913-003	2025	USA	CAT	SAMN47290851	WGS	RANDOM	ILLUMINA	NextSeq 2000	PRJNA1102327	feline
SRR32633089	140023511	472548	25-005800-002	2025	USA	CAT	SAMN47290850	WGS	RANDOM	ILLUMINA	NextSeq 2000	PRJNA1102327	feline
SRR32633090	83727737	281902	25-005800-001	2025	USA	CAT	SAMN47290849	WGS	RANDOM	ILLUMINA	NextSeq 2000	PRJNA1102327	feline
SRR32415265	49484134	166620	25-003476-002	2025	USA	CAT	SAMN46921953	WGS	RANDOM	ILLUMINA	NextSeq 2000	PRJNA1102327	feline
SRR32223137	55586884	191558	25-001352-001	2025	USA	CAT	SAMN46541184	WGS	RANDOM	ILLUMINA	NextSeq 2000	PRJNA1102327	feline
SRR32223138	39959578	137775	25-001350-001	2025	USA	CAT	SAMN46541183	WGS	RANDOM	ILLUMINA	NextSeq 2000	PRJNA1102327	feline
SRR32006822	118866453	407969	24-039057-001	2024	USA	CAT	SAMN46259222	WGS	RANDOM	ILLUMINA	NextSeq 2000	PRJNA1102327	feline
SRR31960150	100950528	194022	24-038392-001	2024	USA	CAT	SAMN46201451	WGS	RANDOM	ILLUMINA	NextSeq 2000	PRJNA1102327	feline
SRR31888724	73087335	248141	24-038279-001	2024-12-06	USA: CA	Cat	SAMN46073974	WGS	RANDOM	ILLUMINA	NextSeq 2000	PRJNA1102327	feline
SRR31885811	181720634	612865	24-037986-006	2024	USA	CAT	SAMN46070140	WGS	RANDOM	ILLUMINA	NextSeq 2000	PRJNA1102327	feline
SRR31885812	38351027	129684	24-037986-004	2024	USA	CAT	SAMN46070139	WGS	RANDOM	ILLUMINA	NextSeq 2000	PRJNA1102327	feline
SRR31885813	117208212	394905	24-037985-008	2024	USA	CAT	SAMN46070138	WGS	RANDOM	ILLUMINA	NextSeq 2000	PRJNA1102327	feline
SRR31885815	148326467	502359	24-037985-004	2024	USA	CAT	SAMN46070137	WGS	RANDOM	ILLUMINA	NextSeq 2000	PRJNA1102327	feline
SRR31885816	156172857	527564	24-037985-002	2024	USA	CAT	SAMN46070136	WGS	RANDOM	ILLUMINA	NextSeq 2000	PRJNA1102327	feline
SRR31885837	195822449	666940	24-037809-001	2024	USA	CAT	SAMN46070117	WGS	RANDOM	ILLUMINA	NextSeq 2000	PRJNA1102327	feline
SRR31885838	140318318	479463	24-037808-001	2024	USA	CAT	SAMN46070116	WGS	RANDOM	ILLUMINA	NextSeq 2000	PRJNA1102327	feline
SRR31885839	204552470	693681	24-037806-001	2024	USA	CAT	SAMN46070115	WGS	RANDOM	ILLUMINA	NextSeq 2000	PRJNA1102327	feline
SRR31885862	67090281	227697	24-037506-001	2024	USA	CAT	SAMN46070094	WGS	RANDOM	ILLUMINA	NextSeq 2000	PRJNA1102327	feline
SRR31885870	130982822	442999	24-037415-003	2024	USA	CAT	SAMN46070087	WGS	RANDOM	ILLUMINA	NextSeq 2000	PRJNA1102327	feline
SRR31885871	19777891	66213	24-037415-002	2024	USA	CAT	SAMN46070086	WGS	RANDOM	ILLUMINA	NextSeq 2000	PRJNA1102327	feline
SRR31885872	109011743	368231	24-037415-001	2024	USA	CAT	SAMN46070085	WGS	RANDOM	ILLUMINA	NextSeq 2000	PRJNA1102327	feline
SRR31885881	192482309	648603	24-037986-008	2024	USA	CAT	SAMN46070141	WGS	RANDOM	ILLUMINA	NextSeq 2000	PRJNA1102327	feline
SRR31885882	171006364	577067	24-037410-011	2024	USA	SAVANNAH CAT	SAMN46070082	WGS	RANDOM	ILLUMINA	NextSeq 2000	PRJNA1102327	feline
SRR31885888	172787736	584141	24-037410-004	2024	USA	GEOFFROY'S CAT	SAMN46070077	WGS	RANDOM	ILLUMINA	NextSeq 2000	PRJNA1102327	feline
SRR31820956	89262017	302570	24-036990-001	2024	USA	CAT	SAMN45953428	WGS	RANDOM	ILLUMINA	NextSeq 2000	PRJNA1102327	feline
SRR31821001	96777442	329992	24-037325-001	2024	USA	CAT	SAMN45953618	WGS	RANDOM	ILLUMINA	NextSeq 2000	PRJNA1102327	feline
SRR31821003	74084321	252219	24-037237-001	2024	USA	CAT	SAMN45953616	WGS	RANDOM	ILLUMINA	NextSeq 2000	PRJNA1102327	feline
SRR31821004	86372090	293444	24-037236-001	2024	USA	CAT	SAMN45953615	WGS	RANDOM	ILLUMINA	NextSeq 2000	PRJNA1102327	feline
SRR31821006	90659000	309396	24-037233-001	2024	USA	CAT	SAMN45953614	WGS	RANDOM	ILLUMINA	NextSeq 2000	PRJNA1102327	feline
SRR31821007	71618769	244602	24-037232-001	2024	USA	CAT	SAMN45953613	WGS	RANDOM	ILLUMINA	NextSeq 2000	PRJNA1102327	feline
SRR31821080	293939997	1010616	24-036311-001	2024	USA	CAT	SAMN45953177	WGS	RANDOM	ILLUMINA	NextSeq 2000	PRJNA1102327	feline
SRR30235364	137323057	471721	24-021510-002	2024	USA	CAT	SAMN43168329	WGS	RANDOM	ILLUMINA	NextSeq 2000	PRJNA1102327	feline
SRR30235365	143759017	491188	24-021510-001	2024	USA	CAT	SAMN43168328	WGS	RANDOM	ILLUMINA	NextSeq 2000	PRJNA1102327	feline
SRR30202034	197083344	669371	24-020717-001	2024	USA	CAT	SAMN43033078	WGS	RANDOM	ILLUMINA	NextSeq 2000	PRJNA1102327	feline
SRR30090367	60802832	206478	24-020794-001-original	2024	USA	Cat	SAMN42944679	WGS	RANDOM	ILLUMINA	NextSeq 2000	PRJNA1102327	feline
SRR30090368	54646948	184487	24-020793-001-original	2024	USA	Cat	SAMN42944678	WGS	RANDOM	ILLUMINA	NextSeq 2000	PRJNA1102327	feline
SRR29740694	41909548	143638	24-018452-002	2024	USA	Cat	SAMN42361214	WGS	RANDOM	ILLUMINA	Illumina iSeq 100	PRJNA1102327	feline
SRR29694581	57821577	196929	24-017992-002-original	2024	USA	Cat	SAMN42278979	WGS	RANDOM	ILLUMINA	NextSeq 2000	PRJNA1102327	feline
SRR29694582	45798005	156637	24-017992-001-original	2024	USA	Cat	SAMN42278978	WGS	RANDOM	ILLUMINA	NextSeq 2000	PRJNA1102327	feline
SRR29455593	103868631	354539	24-016313-001	2024-05-25	USA	Cat	SAMN41892177	WGS	RANDOM	ILLUMINA	NextSeq 2000	PRJNA1102327	feline
SRR29377892	270354841	929568	24-015315-001	2024	USA	Cat	SAMN41805820	WGS	RANDOM	ILLUMINA	NextSeq 2000	PRJNA1102327	feline
SRR29377893	295421507	1007616	24-015309-001	2024	USA	Cat	SAMN41805819	WGS	RANDOM	ILLUMINA	NextSeq 2000	PRJNA1102327	feline
SRR29040272	149089879	509525	24-012039-002	2024	USA	DOMESTIC-CAT	SAMN41390789	WGS	RANDOM	ILLUMINA	NextSeq 2000	PRJNA1102327	feline
SRR29040273	181183558	619973	24-012039-001	2024	USA	DOMESTIC-CAT	SAMN41390788	WGS	RANDOM	ILLUMINA	NextSeq 2000	PRJNA1102327	feline
SRR29040274	200833621	688104	24-012046-004	2024	USA	DOMESTIC-CAT	SAMN41390787	WGS	RANDOM	ILLUMINA	NextSeq 2000	PRJNA1102327	feline
SRR29040275	189623144	648213	24-012046-003	2024	USA	DOMESTIC-CAT	SAMN41390786	WGS	RANDOM	ILLUMINA	NextSeq 2000	PRJNA1102327	feline
SRR29040286	108803737	372426	24-012046-002	2024	USA	DOMESTIC-CAT	SAMN41390785	WGS	RANDOM	ILLUMINA	NextSeq 2000	PRJNA1102327	feline
SRR29040297	186665506	639729	24-012046-001	2024	USA	DOMESTIC-CAT	SAMN41390784	WGS	RANDOM	ILLUMINA	NextSeq 2000	PRJNA1102327	feline
SRR28980984	234685922	800000	24-011797-002-original	2024	USA	DOMESTIC CAT	SAMN41267476	WGS	RANDOM	ILLUMINA	Illumina iSeq 100	PRJNA1102327	feline
SRR28981031	232594627	800000	24-012168-003-original	2024	USA	DOMESTIC CAT	SAMN41267492	WGS	RANDOM	ILLUMINA	Illumina iSeq 100	PRJNA1102327	feline
SRR28981032	232877614	800000	24-012168-002-original	2024	USA	DOMESTIC CAT	SAMN41267491	WGS	RANDOM	ILLUMINA	Illumina iSeq 100	PRJNA1102327	feline
SRR28981033	233925019	800000	24-012168-001-original	2024	USA	DOMESTIC CAT	SAMN41267490	WGS	RANDOM	ILLUMINA	Illumina iSeq 100	PRJNA1102327	feline
SRR28981036	234103536	800000	24-011929-002-original	2024	USA	DOMESTIC CAT	SAMN41267477	WGS	RANDOM	ILLUMINA	Illumina iSeq 100	PRJNA1102327	feline
SRR28981039	232784137	800000	24-011518-002-original-repeat	2024	USA	DOMESTIC CAT	SAMN41267488	WGS	RANDOM	ILLUMINA	Illumina iSeq 100	PRJNA1102327	feline
SRR28912792	4336151	15468	24-010948-001	2024	USA	DOMESTIC-CAT	SAMN41189767	WGS	RANDOM	ILLUMINA	Illumina iSeq 100	PRJNA1102327	feline
SRR28912817	64009130	220662	24-011797-001	2024	USA	DOMESTIC-CAT	SAMN41189801	WGS	RANDOM	ILLUMINA	Illumina iSeq 100	PRJNA1102327	feline
SRR28912818	54679156	188337	24-011659-004	2024	USA	DOMESTIC-CAT	SAMN41189800	WGS	RANDOM	ILLUMINA	Illumina iSeq 100	PRJNA1102327	feline
SRR28912819	75765262	261397	24-011659-003	2024	USA	DOMESTIC-CAT	SAMN41189799	WGS	RANDOM	ILLUMINA	Illumina iSeq 100	PRJNA1102327	feline
SRR28912858	48973288	168373	24-009311-002	2024	USA	DOMESTIC-CAT	SAMN41189795	WGS	RANDOM	ILLUMINA	Illumina iSeq 100	PRJNA1102327	feline
SRR28834895	42419422	144817	24-009118-002-original	2024	USA	Domestic Cat	SAMN41106826	WGS	RANDOM	ILLUMINA	Illumina iSeq 100	PRJNA1102327	feline
SRR28834896	55752213	204418	24-009116-001-original	2024	USA	Domestic Cat	SAMN41106825	WGS	RANDOM	ILLUMINA	Illumina iSeq 100	PRJNA1102327	feline
SRR28834930	134194415	320810	24-009038-001-original	2024	USA	Domestic Cat	SAMN41106824	WGS	RANDOM	ILLUMINA	Illumina MiSeq	PRJNA1102327	feline
SRR28752473	48991530	183815	24-008850-002-original	2024	USA	Cat	SAMN41019213	WGS	RANDOM	ILLUMINA	Illumina iSeq 100	PRJNA1102327	feline
SRR28752474	41926899	147035	24-008850-001-original	2024	USA	Cat	SAMN41019212	WGS	RANDOM	ILLUMINA	Illumina iSeq 100	PRJNA1102327	feline
SRR28752511	50107127	172119	24-009116-005-original	2024	USA	Cat	SAMN41019276	WGS	RANDOM	ILLUMINA	Illumina iSeq 100	PRJNA1102327	feline
SRR28752512	55193173	189740	24-009116-004-original	2024	USA	Cat	SAMN41019275	WGS	RANDOM	ILLUMINA	Illumina iSeq 100	PRJNA1102327	feline
SRR28752513	51048711	206184	24-009116-002-original	2024	USA	Cat	SAMN41019274	WGS	RANDOM	ILLUMINA	Illumina iSeq 100	PRJNA1102327	feline
SRR28752523	212639947	720345	24-008764-002-original	2024	USA	Cat	SAMN41019207	WGS	RANDOM	ILLUMINA	Illumina iSeq 100	PRJNA1102327	feline
SRR28752524	278008019	941838	24-008764-001-original	2024	USA	Cat	SAMN41019206	WGS	RANDOM	ILLUMINA	Illumina iSeq 100	PRJNA1102327	feline
SRR28752665	89995140	186246	24-009311-006-original	2024	USA	Cat	SAMN41019293	WGS	RANDOM	ILLUMINA	Illumina MiSeq	PRJNA1102327	feline
SRR28752666	110671475	233660	24-009311-004-original	2024	USA	Cat	SAMN41019292	WGS	RANDOM	ILLUMINA	Illumina MiSeq	PRJNA1102327	feline
SRR38788355	274925865	930781	26G07188-001	2026	USA	CATTLE	SAMN60347465	WGS	RANDOM	ILLUMINA	NextSeq 2000	PRJNA1102327	cattle
SRR38788356	221415416	747047	26G07197-001	2026	USA	CATTLE	SAMN60347542	WGS	RANDOM	ILLUMINA	NextSeq 2000	PRJNA1102327	cattle
SRR38788357	170928859	576221	26G07184-002	2026	USA	CATTLE	SAMN60347541	WGS	RANDOM	ILLUMINA	NextSeq 2000	PRJNA1102327	cattle
SRR38788358	238408538	804091	26G07184-001	2026	USA	CATTLE	SAMN60347540	WGS	RANDOM	ILLUMINA	NextSeq 2000	PRJNA1102327	cattle
SRR38788359	288568884	974182	26G07183-008	2026	USA	CATTLE	SAMN60347539	WGS	RANDOM	ILLUMINA	NextSeq 2000	PRJNA1102327	cattle
SRR38788360	251463921	854075	26G07183-007	2026	USA	CATTLE	SAMN60347538	WGS	RANDOM	ILLUMINA	NextSeq 2000	PRJNA1102327	cattle
SRR38788361	223820565	755733	26G07183-006	2026	USA	CATTLE	SAMN60347537	WGS	RANDOM	ILLUMINA	NextSeq 2000	PRJNA1102327	cattle
SRR38788362	252998174	852987	26G07183-005	2026	USA	CATTLE	SAMN60347536	WGS	RANDOM	ILLUMINA	NextSeq 2000	PRJNA1102327	cattle
SRR38788363	125938405	423747	26G07177-004	2026	USA	CATTLE	SAMN60347464	WGS	RANDOM	ILLUMINA	NextSeq 2000	PRJNA1102327	cattle
SRR38788364	205975140	692983	26G07183-004	2026	USA	CATTLE	SAMN60347535	WGS	RANDOM	ILLUMINA	NextSeq 2000	PRJNA1102327	cattle
SRR38788365	204837586	692907	26G07183-002	2026	USA	CATTLE	SAMN60347534	WGS	RANDOM	ILLUMINA	NextSeq 2000	PRJNA1102327	cattle
SRR38788366	177049334	600734	26G07183-001	2026	USA	CATTLE	SAMN60347533	WGS	RANDOM	ILLUMINA	NextSeq 2000	PRJNA1102327	cattle
SRR38788367	220429333	748753	26G07182-004	2026	USA	CATTLE	SAMN60347532	WGS	RANDOM	ILLUMINA	NextSeq 2000	PRJNA1102327	cattle
SRR38788368	189349139	637349	26G07182-003	2026	USA	CATTLE	SAMN60347531	WGS	RANDOM	ILLUMINA	NextSeq 2000	PRJNA1102327	cattle
SRR38788369	208401885	705374	26G07180-001	2026	USA	CATTLE	SAMN60347530	WGS	RANDOM	ILLUMINA	NextSeq 2000	PRJNA1102327	cattle
SRR38788370	205650789	693463	26G07179-005	2026	USA	CATTLE	SAMN60347529	WGS	RANDOM	ILLUMINA	NextSeq 2000	PRJNA1102327	cattle
SRR38788371	237414813	798934	26G07179-004	2026	USA	CATTLE	SAMN60347528	WGS	RANDOM	ILLUMINA	NextSeq 2000	PRJNA1102327	cattle
SRR38788372	261955569	885855	26G07179-003	2026	USA	CATTLE	SAMN60347527	WGS	RANDOM	ILLUMINA	NextSeq 2000	PRJNA1102327	cattle
SRR38788373	225620311	765499	26G07179-002	2026	USA	CATTLE	SAMN60347526	WGS	RANDOM	ILLUMINA	NextSeq 2000	PRJNA1102327	cattle
SRR38788374	204874959	693160	26G07177-003	2026	USA	CATTLE	SAMN60347463	WGS	RANDOM	ILLUMINA	NextSeq 2000	PRJNA1102327	cattle
SRR38788375	231699585	784852	26G07179-001	2026	USA	CATTLE	SAMN60347525	WGS	RANDOM	ILLUMINA	NextSeq 2000	PRJNA1102327	cattle
SRR38788376	254648569	870897	26G07178-004	2026	USA	CATTLE	SAMN60347524	WGS	RANDOM	ILLUMINA	NextSeq 2000	PRJNA1102327	cattle
SRR38788377	284327707	972219	26G07178-003	2026	USA	CATTLE	SAMN60347523	WGS	RANDOM	ILLUMINA	NextSeq 2000	PRJNA1102327	cattle
SRR38788378	246659949	835078	26G07178-002	2026	USA	CATTLE	SAMN60347522	WGS	RANDOM	ILLUMINA	NextSeq 2000	PRJNA1102327	cattle
SRR38788379	168117785	566601	26G07178-001	2026	USA	CATTLE	SAMN60347521	WGS	RANDOM	ILLUMINA	NextSeq 2000	PRJNA1102327	cattle
SRR38788380	209584449	705073	26G07175-005	2026	USA	CATTLE	SAMN60347520	WGS	RANDOM	ILLUMINA	NextSeq 2000	PRJNA1102327	cattle
SRR38788381	242533257	816646	26G07175-004	2026	USA	CATTLE	SAMN60347519	WGS	RANDOM	ILLUMINA	NextSeq 2000	PRJNA1102327	cattle
SRR38788382	195248803	658422	26G07175-003	2026	USA	CATTLE	SAMN60347518	WGS	RANDOM	ILLUMINA	NextSeq 2000	PRJNA1102327	cattle
SRR38788383	133800299	449892	26G07175-002	2026	USA	CATTLE	SAMN60347517	WGS	RANDOM	ILLUMINA	NextSeq 2000	PRJNA1102327	cattle
SRR38788384	162452095	546822	26G07175-001	2026	USA	CATTLE	SAMN60347516	WGS	RANDOM	ILLUMINA	NextSeq 2000	PRJNA1102327	cattle
SRR38788385	184874719	625533	26G07177-002	2026	USA	CATTLE	SAMN60347462	WGS	RANDOM	ILLUMINA	NextSeq 2000	PRJNA1102327	cattle
SRR38788386	109200812	367725	26G07173-003	2026	USA	CATTLE	SAMN60347515	WGS	RANDOM	ILLUMINA	NextSeq 2000	PRJNA1102327	cattle
SRR38788387	151345813	509469	26G07173-002	2026	USA	CATTLE	SAMN60347514	WGS	RANDOM	ILLUMINA	NextSeq 2000	PRJNA1102327	cattle
SRR38788388	186809440	630115	26G07173-001	2026	USA	CATTLE	SAMN60347513	WGS	RANDOM	ILLUMINA	NextSeq 2000	PRJNA1102327	cattle
SRR38788389	174438458	593421	26G07172-006	2026	USA	CATTLE	SAMN60347512	WGS	RANDOM	ILLUMINA	NextSeq 2000	PRJNA1102327	cattle
SRR38788390	184161411	620902	26G07172-005	2026	USA	CATTLE	SAMN60347511	WGS	RANDOM	ILLUMINA	NextSeq 2000	PRJNA1102327	cattle
SRR38788391	265006785	895841	26G07172-004	2026	USA	CATTLE	SAMN60347510	WGS	RANDOM	ILLUMINA	NextSeq 2000	PRJNA1102327	cattle
SRR38788392	259590002	877134	26G07172-003	2026	USA	CATTLE	SAMN60347509	WGS	RANDOM	ILLUMINA	NextSeq 2000	PRJNA1102327	cattle
SRR38788393	162463187	560854	26G07172-002	2026	USA	CATTLE	SAMN60347508	WGS	RANDOM	ILLUMINA	NextSeq 2000	PRJNA1102327	cattle
SRR38788394	206432315	696998	26G07172-001	2026	USA	CATTLE	SAMN60347507	WGS	RANDOM	ILLUMINA	NextSeq 2000	PRJNA1102327	cattle
SRR38788395	166733628	560939	26G07170-001	2026	USA	CATTLE	SAMN60347506	WGS	RANDOM	ILLUMINA	NextSeq 2000	PRJNA1102327	cattle
SRR38788396	182313259	617961	26G07177-001	2026	USA	CATTLE	SAMN60347461	WGS	RANDOM	ILLUMINA	NextSeq 2000	PRJNA1102327	cattle
SRR38788397	205150194	698811	26G07167-001	2026	USA	CATTLE	SAMN60347505	WGS	RANDOM	ILLUMINA	NextSeq 2000	PRJNA1102327	cattle
SRR38788398	209619210	711265	26G07166-002	2026	USA	CATTLE	SAMN60347504	WGS	RANDOM	ILLUMINA	NextSeq 2000	PRJNA1102327	cattle
SRR38788399	196983592	662886	26G07165-003	2026	USA	CATTLE	SAMN60347503	WGS	RANDOM	ILLUMINA	NextSeq 2000	PRJNA1102327	cattle
SRR38788400	229672439	775960	26G07165-001	2026	USA	CATTLE	SAMN60347502	WGS	RANDOM	ILLUMINA	NextSeq 2000	PRJNA1102327	cattle
SRR38788401	215217913	724930	26G07164-002	2026	USA	CATTLE	SAMN60347501	WGS	RANDOM	ILLUMINA	NextSeq 2000	PRJNA1102327	cattle
SRR38788402	225087546	760108	26G07164-001	2026	USA	CATTLE	SAMN60347500	WGS	RANDOM	ILLUMINA	NextSeq 2000	PRJNA1102327	cattle
SRR38788403	222234638	748684	26G07163-006	2026	USA	CATTLE	SAMN60347499	WGS	RANDOM	ILLUMINA	NextSeq 2000	PRJNA1102327	cattle
SRR38788404	229600632	775055	26G07163-005	2026	USA	CATTLE	SAMN60347498	WGS	RANDOM	ILLUMINA	NextSeq 2000	PRJNA1102327	cattle
SRR38788405	221378387	750473	26G07163-004	2026	USA	CATTLE	SAMN60347497	WGS	RANDOM	ILLUMINA	NextSeq 2000	PRJNA1102327	cattle
SRR38788406	170342837	575939	26G07163-003	2026	USA	CATTLE	SAMN60347496	WGS	RANDOM	ILLUMINA	NextSeq 2000	PRJNA1102327	cattle
SRR38788407	154697511	521239	26G07176-003	2026	USA	CATTLE	SAMN60347460	WGS	RANDOM	ILLUMINA	NextSeq 2000	PRJNA1102327	cattle
SRR38788408	183068030	617344	26G07163-001	2026	USA	CATTLE	SAMN60347495	WGS	RANDOM	ILLUMINA	NextSeq 2000	PRJNA1102327	cattle
SRR38788409	241678478	813401	26G07162-022	2026	USA	CATTLE	SAMN60347494	WGS	RANDOM	ILLUMINA	NextSeq 2000	PRJNA1102327	cattle
SRR38788410	253639720	853914	26G07162-021	2026	USA	CATTLE	SAMN60347493	WGS	RANDOM	ILLUMINA	NextSeq 2000	PRJNA1102327	cattle
SRR38788411	225063345	760353	26G07162-020	2026	USA	CATTLE	SAMN60347492	WGS	RANDOM	ILLUMINA	NextSeq 2000	PRJNA1102327	cattle
SRR38788412	219653043	742135	26G07162-019	2026	USA	CATTLE	SAMN60347491	WGS	RANDOM	ILLUMINA	NextSeq 2000	PRJNA1102327	cattle
SRR38788413	194785743	655235	26G07162-017	2026	USA	CATTLE	SAMN60347490	WGS	RANDOM	ILLUMINA	NextSeq 2000	PRJNA1102327	cattle
SRR38788414	223084100	759371	26G07162-016	2026	USA	CATTLE	SAMN60347489	WGS	RANDOM	ILLUMINA	NextSeq 2000	PRJNA1102327	cattle
SRR38788415	180848925	609110	26G07162-015	2026	USA	CATTLE	SAMN60347488	WGS	RANDOM	ILLUMINA	NextSeq 2000	PRJNA1102327	cattle
SRR38788416	239696155	811197	26G07162-014	2026	USA	CATTLE	SAMN60347487	WGS	RANDOM	ILLUMINA	NextSeq 2000	PRJNA1102327	cattle
SRR38788417	227886384	767892	26G07162-013	2026	USA	CATTLE	SAMN60347486	WGS	RANDOM	ILLUMINA	NextSeq 2000	PRJNA1102327	cattle
SRR38788418	248057476	840123	26G07176-001	2026	USA	CATTLE	SAMN60347459	WGS	RANDOM	ILLUMINA	NextSeq 2000	PRJNA1102327	cattle
SRR38788419	297528630	1019543	26G07162-012	2026	USA	CATTLE	SAMN60347485	WGS	RANDOM	ILLUMINA	NextSeq 2000	PRJNA1102327	cattle
SRR38788420	164153778	554216	26G07163-002	2026	USA	CATTLE	SAMN60347484	WGS	RANDOM	ILLUMINA	NextSeq 2000	PRJNA1102327	cattle
SRR38788421	179647089	605170	26G07162-011	2026	USA	CATTLE	SAMN60347483	WGS	RANDOM	ILLUMINA	NextSeq 2000	PRJNA1102327	cattle
SRR38788422	246815144	831800	26G07162-010	2026	USA	CATTLE	SAMN60347482	WGS	RANDOM	ILLUMINA	NextSeq 2000	PRJNA1102327	cattle
SRR38788423	211838916	715241	26G07162-009	2026	USA	CATTLE	SAMN60347481	WGS	RANDOM	ILLUMINA	NextSeq 2000	PRJNA1102327	cattle
SRR38788424	257420990	878486	26G07162-008	2026	USA	CATTLE	SAMN60347480	WGS	RANDOM	ILLUMINA	NextSeq 2000	PRJNA1102327	cattle
SRR38788425	256965515	866629	26G07162-007	2026	USA	CATTLE	SAMN60347479	WGS	RANDOM	ILLUMINA	NextSeq 2000	PRJNA1102327	cattle
SRR38788426	246461320	830509	26G07162-006	2026	USA	CATTLE	SAMN60347478	WGS	RANDOM	ILLUMINA	NextSeq 2000	PRJNA1102327	cattle
SRR38788427	234977746	793525	26G07162-005	2026	USA	CATTLE	SAMN60347477	WGS	RANDOM	ILLUMINA	NextSeq 2000	PRJNA1102327	cattle
SRR38788428	114018502	384722	26G07162-004	2026	USA	CATTLE	SAMN60347476	WGS	RANDOM	ILLUMINA	NextSeq 2000	PRJNA1102327	cattle
SRR38788429	305948865	1093685	26G06467-001	2026	USA	CATTLE	SAMN60347458	WGS	RANDOM	ILLUMINA	NextSeq 2000	PRJNA1102327	cattle
SRR38788430	223549603	755035	26G07162-003	2026	USA	CATTLE	SAMN60347475	WGS	RANDOM	ILLUMINA	NextSeq 2000	PRJNA1102327	cattle
SRR38788431	186112041	628363	26G07162-002	2026	USA	CATTLE	SAMN60347474	WGS	RANDOM	ILLUMINA	NextSeq 2000	PRJNA1102327	cattle
SRR38788432	158885226	534637	26G07162-001	2026	USA	CATTLE	SAMN60347473	WGS	RANDOM	ILLUMINA	NextSeq 2000	PRJNA1102327	cattle
SRR38788433	244708142	825387	26G07200-001	2026	USA	CATTLE	SAMN60347472	WGS	RANDOM	ILLUMINA	NextSeq 2000	PRJNA1102327	cattle
SRR38788434	185932594	625567	26G07192-004	2026	USA	CATTLE	SAMN60347471	WGS	RANDOM	ILLUMINA	NextSeq 2000	PRJNA1102327	cattle
SRR38788435	327252503	1103710	26G07192-002	2026	USA	CATTLE	SAMN60347470	WGS	RANDOM	ILLUMINA	NextSeq 2000	PRJNA1102327	cattle
SRR38788436	253094858	854602	26G07192-001	2026	USA	CATTLE	SAMN60347469	WGS	RANDOM	ILLUMINA	NextSeq 2000	PRJNA1102327	cattle
SRR38788437	309166866	1044137	26G07191-005	2026	USA	CATTLE	SAMN60347468	WGS	RANDOM	ILLUMINA	NextSeq 2000	PRJNA1102327	cattle
SRR38788438	287781613	970696	26G07191-004	2026	USA	CATTLE	SAMN60347467	WGS	RANDOM	ILLUMINA	NextSeq 2000	PRJNA1102327	cattle
SRR38788439	238604272	804232	26G07188-002	2026	USA	CATTLE	SAMN60347466	WGS	RANDOM	ILLUMINA	NextSeq 2000	PRJNA1102327	cattle
SRR38788440	246195432	889222	26G05802-001	2026	USA	CATTLE	SAMN60347457	WGS	RANDOM	ILLUMINA	NextSeq 2000	PRJNA1102327	cattle
SRR38788441	178770751	691833	26G05798-003	2026	USA	CATTLE	SAMN60347456	WGS	RANDOM	ILLUMINA	NextSeq 2000	PRJNA1102327	cattle
SRR38139905	169316833	570792	26G02574-001	2026	USA	CATTLE	SAMN57311425	WGS	RANDOM	ILLUMINA	NextSeq 2000	PRJNA1102327	cattle
SRR37580742	235636483	917617	25G05906-001	2025	USA	CATTLE	SAMN56457969	WGS	RANDOM	ILLUMINA	NextSeq 2000	PRJNA1102327	cattle
SRR37505148	54995921	184873	26G02891-001	2026	USA	CATTLE	SAMN56366254	WGS	RANDOM	ILLUMINA	Illumina iSeq 100	PRJNA1102327	cattle
SRR37221768	167743076	577297	26G01054-010	2024	USA	CATTLE	SAMN55340284	WGS	RANDOM	ILLUMINA	NextSeq 2000	PRJNA1102327	cattle
SRR37221769	121006726	413846	26G01054-008	2024	USA	CATTLE	SAMN55340283	WGS	RANDOM	ILLUMINA	NextSeq 2000	PRJNA1102327	cattle
SRR36202298	90280143	303412	25G03144-013	2025	USA	CATTLE	SAMN53405405	WGS	RANDOM	ILLUMINA	NextSeq 2000	PRJNA1102327	cattle
SRR36114750	137795636	468035	25-024069-004	2025	USA	CATTLE	SAMN53332428	WGS	RANDOM	ILLUMINA	NextSeq 2000	PRJNA1102327	cattle
SRR36114751	81032040	273424	25G03486-001	2025	USA	CHICKEN	SAMN53332508	WGS	RANDOM	ILLUMINA	Illumina iSeq 100	PRJNA1102327	poultry_wildbird
SRR36114752	79728972	269345	25G02662-003	2025	USA	CATTLE	SAMN53332507	WGS	RANDOM	ILLUMINA	NextSeq 2000	PRJNA1102327	cattle
SRR36114753	86772486	293471	25G02662-001	2025	USA	CATTLE	SAMN53332506	WGS	RANDOM	ILLUMINA	NextSeq 2000	PRJNA1102327	cattle
SRR36114754	97743607	331332	25G02652-003	2025	USA	CATTLE	SAMN53332505	WGS	RANDOM	ILLUMINA	NextSeq 2000	PRJNA1102327	cattle
SRR36114755	113201533	383030	25G02652-002	2025	USA	CATTLE	SAMN53332504	WGS	RANDOM	ILLUMINA	NextSeq 2000	PRJNA1102327	cattle
SRR36114756	128344440	432980	25G02652-001	2025	USA	CATTLE	SAMN53332503	WGS	RANDOM	ILLUMINA	NextSeq 2000	PRJNA1102327	cattle
SRR36114757	147875969	497172	25G02025-001	2025	USA	CATTLE	SAMN53332502	WGS	RANDOM	ILLUMINA	NextSeq 2000	PRJNA1102327	cattle
SRR36114758	96285481	324601	25G02124-001	2025	USA	CATTLE	SAMN53332501	WGS	RANDOM	ILLUMINA	NextSeq 2000	PRJNA1102327	cattle
SRR36114759	100272385	337454	25G02121-017	2025	USA	CATTLE	SAMN53332500	WGS	RANDOM	ILLUMINA	NextSeq 2000	PRJNA1102327	cattle
SRR36114760	114683895	386410	25G02121-014	2025	USA	CATTLE	SAMN53332499	WGS	RANDOM	ILLUMINA	NextSeq 2000	PRJNA1102327	cattle
SRR36114761	103612875	351210	25-023936-001	2025	USA	CATTLE	SAMN53332427	WGS	RANDOM	ILLUMINA	NextSeq 2000	PRJNA1102327	cattle
SRR36114762	65906524	222350	25G02121-010	2025	USA	CATTLE	SAMN53332498	WGS	RANDOM	ILLUMINA	NextSeq 2000	PRJNA1102327	cattle
SRR36114763	93126204	313864	25G02121-009	2025	USA	CATTLE	SAMN53332497	WGS	RANDOM	ILLUMINA	NextSeq 2000	PRJNA1102327	cattle
SRR36114764	111849201	377525	25G02121-007	2025	USA	CATTLE	SAMN53332496	WGS	RANDOM	ILLUMINA	NextSeq 2000	PRJNA1102327	cattle
SRR36114765	102940240	347608	25G02121-005	2025	USA	CATTLE	SAMN53332495	WGS	RANDOM	ILLUMINA	NextSeq 2000	PRJNA1102327	cattle
SRR36114766	114614563	386571	25G02121-004	2025	USA	CATTLE	SAMN53332494	WGS	RANDOM	ILLUMINA	NextSeq 2000	PRJNA1102327	cattle
SRR36114767	93899824	316054	25G02121-003	2025	USA	CATTLE	SAMN53332493	WGS	RANDOM	ILLUMINA	NextSeq 2000	PRJNA1102327	cattle
SRR36114768	81118899	272979	25G02121-002	2025	USA	CATTLE	SAMN53332492	WGS	RANDOM	ILLUMINA	NextSeq 2000	PRJNA1102327	cattle
SRR36114769	93651011	315116	25G02121-001	2025	USA	CATTLE	SAMN53332491	WGS	RANDOM	ILLUMINA	NextSeq 2000	PRJNA1102327	cattle
SRR36114770	92248532	311298	25G01940-001	2025	USA	CATTLE	SAMN53332490	WGS	RANDOM	ILLUMINA	NextSeq 2000	PRJNA1102327	cattle
SRR36114771	75407088	254349	25G01898-002	2025	USA	CATTLE	SAMN53332489	WGS	RANDOM	ILLUMINA	NextSeq 2000	PRJNA1102327	cattle
SRR36114772	73201242	248336	25-023447-001	2025	USA	CATTLE	SAMN53332426	WGS	RANDOM	ILLUMINA	NextSeq 2000	PRJNA1102327	cattle
SRR36114773	74616923	252965	25G01898-001	2025	USA	CATTLE	SAMN53332488	WGS	RANDOM	ILLUMINA	NextSeq 2000	PRJNA1102327	cattle
SRR36114774	76523805	257757	25G01813-001	2025	USA	CATTLE	SAMN53332487	WGS	RANDOM	ILLUMINA	NextSeq 2000	PRJNA1102327	cattle
SRR36114775	104056217	350585	25-026426-012	2025	USA	CATTLE	SAMN53332486	WGS	RANDOM	ILLUMINA	NextSeq 2000	PRJNA1102327	cattle
SRR36114776	136900161	462929	25-026426-010	2025	USA	CATTLE	SAMN53332485	WGS	RANDOM	ILLUMINA	NextSeq 2000	PRJNA1102327	cattle
SRR36114777	117354199	395814	25-026426-009	2025	USA	CATTLE	SAMN53332484	WGS	RANDOM	ILLUMINA	NextSeq 2000	PRJNA1102327	cattle
SRR36114778	101428985	341908	25-026426-006	2025	USA	CATTLE	SAMN53332483	WGS	RANDOM	ILLUMINA	NextSeq 2000	PRJNA1102327	cattle
SRR36114779	88894735	299638	25-026426-005	2025	USA	CATTLE	SAMN53332482	WGS	RANDOM	ILLUMINA	NextSeq 2000	PRJNA1102327	cattle
SRR36114780	121390382	409300	25-026426-003	2025	USA	CATTLE	SAMN53332481	WGS	RANDOM	ILLUMINA	NextSeq 2000	PRJNA1102327	cattle
SRR36114781	107869217	365262	25-026424-004	2025	USA	CATTLE	SAMN53332480	WGS	RANDOM	ILLUMINA	NextSeq 2000	PRJNA1102327	cattle
SRR36114782	83166500	279985	25-026424-002	2025	USA	CATTLE	SAMN53332479	WGS	RANDOM	ILLUMINA	NextSeq 2000	PRJNA1102327	cattle
SRR36114783	93400627	317648	25-022996-002	2025	USA	CATTLE	SAMN53332425	WGS	RANDOM	ILLUMINA	NextSeq 2000	PRJNA1102327	cattle
SRR36114784	110991851	374549	25-026424-001	2025	USA	CATTLE	SAMN53332478	WGS	RANDOM	ILLUMINA	NextSeq 2000	PRJNA1102327	cattle
SRR36114785	142397123	479687	25-026406-002	2025	USA	CATTLE	SAMN53332477	WGS	RANDOM	ILLUMINA	NextSeq 2000	PRJNA1102327	cattle
SRR36114786	106802512	359888	25-026406-001	2025	USA	CATTLE	SAMN53332476	WGS	RANDOM	ILLUMINA	NextSeq 2000	PRJNA1102327	cattle
SRR36114787	100547665	338876	25-026393-005	2025	USA	CATTLE	SAMN53332475	WGS	RANDOM	ILLUMINA	NextSeq 2000	PRJNA1102327	cattle
SRR36114788	74395253	250993	25-026393-004	2025	USA	CATTLE	SAMN53332474	WGS	RANDOM	ILLUMINA	NextSeq 2000	PRJNA1102327	cattle
SRR36114789	93004173	313872	25-026393-003	2025	USA	CATTLE	SAMN53332473	WGS	RANDOM	ILLUMINA	NextSeq 2000	PRJNA1102327	cattle
SRR36114790	75130020	253843	25-026393-002	2025	USA	CATTLE	SAMN53332472	WGS	RANDOM	ILLUMINA	NextSeq 2000	PRJNA1102327	cattle
SRR36114791	82263621	277546	25-026393-001	2025	USA	CATTLE	SAMN53332471	WGS	RANDOM	ILLUMINA	NextSeq 2000	PRJNA1102327	cattle
SRR36114792	113978677	383539	25-026392-004	2025	USA	CATTLE	SAMN53332470	WGS	RANDOM	ILLUMINA	NextSeq 2000	PRJNA1102327	cattle
SRR36114793	121225493	408222	25-026392-003	2025	USA	CATTLE	SAMN53332469	WGS	RANDOM	ILLUMINA	NextSeq 2000	PRJNA1102327	cattle
SRR36114794	115271039	393862	25-022996-001	2025	USA	CATTLE	SAMN53332424	WGS	RANDOM	ILLUMINA	NextSeq 2000	PRJNA1102327	cattle
SRR36114795	93939853	316174	25-026392-002	2025	USA	CATTLE	SAMN53332468	WGS	RANDOM	ILLUMINA	NextSeq 2000	PRJNA1102327	cattle
SRR36114796	67273640	226525	25-026392-001	2025	USA	CATTLE	SAMN53332467	WGS	RANDOM	ILLUMINA	NextSeq 2000	PRJNA1102327	cattle
SRR36114797	169791205	572254	25-024069-010	2025	USA	CATTLE	SAMN53332466	WGS	RANDOM	ILLUMINA	NextSeq 2000	PRJNA1102327	cattle
SRR36114798	165070883	557901	25-022989-008	2025	USA	CATTLE	SAMN53332465	WGS	RANDOM	ILLUMINA	NextSeq 2000	PRJNA1102327	cattle
SRR36114799	90256889	303080	25-026044-004	2025	USA	CATTLE	SAMN53332464	WGS	RANDOM	ILLUMINA	NextSeq 2000	PRJNA1102327	cattle
SRR36114800	70782327	237604	25-026044-003	2025	USA	CATTLE	SAMN53332463	WGS	RANDOM	ILLUMINA	NextSeq 2000	PRJNA1102327	cattle
SRR36114801	104643709	351358	25-026044-002	2025	USA	CATTLE	SAMN53332462	WGS	RANDOM	ILLUMINA	NextSeq 2000	PRJNA1102327	cattle
SRR36114802	107062507	359775	25-026044-001	2025	USA	CATTLE	SAMN53332461	WGS	RANDOM	ILLUMINA	NextSeq 2000	PRJNA1102327	cattle
SRR36114803	107727929	361660	25-026034-001	2025	USA	CATTLE	SAMN53332460	WGS	RANDOM	ILLUMINA	NextSeq 2000	PRJNA1102327	cattle
SRR36114804	83602410	280346	25-026033-003	2025	USA	CATTLE	SAMN53332459	WGS	RANDOM	ILLUMINA	NextSeq 2000	PRJNA1102327	cattle
SRR36114805	121979178	415822	25-022995-001	2025	USA	CATTLE	SAMN53332423	WGS	RANDOM	ILLUMINA	NextSeq 2000	PRJNA1102327	cattle
SRR36114806	88962126	298491	25-026033-002	2025	USA	CATTLE	SAMN53332458	WGS	RANDOM	ILLUMINA	NextSeq 2000	PRJNA1102327	cattle
SRR36114807	98232592	329981	25-026033-001	2025	USA	CATTLE	SAMN53332457	WGS	RANDOM	ILLUMINA	NextSeq 2000	PRJNA1102327	cattle
SRR36114808	102363830	343453	25-026029-008	2025	USA	CATTLE	SAMN53332456	WGS	RANDOM	ILLUMINA	NextSeq 2000	PRJNA1102327	cattle
SRR36114809	87894965	294739	25-026029-005	2025	USA	CATTLE	SAMN53332455	WGS	RANDOM	ILLUMINA	NextSeq 2000	PRJNA1102327	cattle
SRR36114810	116111240	390055	25-026029-003	2025	USA	CATTLE	SAMN53332454	WGS	RANDOM	ILLUMINA	NextSeq 2000	PRJNA1102327	cattle
SRR36114811	128370959	431725	25-026029-002	2025	USA	CATTLE	SAMN53332453	WGS	RANDOM	ILLUMINA	NextSeq 2000	PRJNA1102327	cattle
SRR36114812	118930420	400085	25-024071-005	2025	USA	CATTLE	SAMN53332452	WGS	RANDOM	ILLUMINA	NextSeq 2000	PRJNA1102327	cattle
SRR36114815	80727382	271548	25-025914-013	2025	USA	CATTLE	SAMN53332449	WGS	RANDOM	ILLUMINA	NextSeq 2000	PRJNA1102327	cattle
SRR36114816	89602754	304647	25-022991-007	2025	USA	CATTLE	SAMN53332422	WGS	RANDOM	ILLUMINA	NextSeq 2000	PRJNA1102327	cattle
SRR36114817	121071740	407413	25-025914-012	2025	USA	CATTLE	SAMN53332448	WGS	RANDOM	ILLUMINA	NextSeq 2000	PRJNA1102327	cattle
SRR36114818	112942937	380055	25-025914-011	2025	USA	CATTLE	SAMN53332447	WGS	RANDOM	ILLUMINA	NextSeq 2000	PRJNA1102327	cattle
SRR36114819	139474079	469784	25-025914-010	2025	USA	CATTLE	SAMN53332446	WGS	RANDOM	ILLUMINA	NextSeq 2000	PRJNA1102327	cattle
SRR36114820	136357781	459992	25-025914-009	2025	USA	CATTLE	SAMN53332445	WGS	RANDOM	ILLUMINA	NextSeq 2000	PRJNA1102327	cattle
SRR36114821	95271220	321271	25-025914-008	2025	USA	CATTLE	SAMN53332444	WGS	RANDOM	ILLUMINA	NextSeq 2000	PRJNA1102327	cattle
SRR36114822	86983007	293264	25-025914-007	2025	USA	CATTLE	SAMN53332443	WGS	RANDOM	ILLUMINA	NextSeq 2000	PRJNA1102327	cattle
SRR36114823	112806776	380164	25-025914-006	2025	USA	CATTLE	SAMN53332442	WGS	RANDOM	ILLUMINA	NextSeq 2000	PRJNA1102327	cattle
SRR36114824	108136035	364373	25-025914-005	2025	USA	CATTLE	SAMN53332441	WGS	RANDOM	ILLUMINA	NextSeq 2000	PRJNA1102327	cattle
SRR36114825	160535563	540882	25-025914-001	2025	USA	CATTLE	SAMN53332440	WGS	RANDOM	ILLUMINA	NextSeq 2000	PRJNA1102327	cattle
SRR36114826	78931329	265499	25-025912-004	2025	USA	CATTLE	SAMN53332439	WGS	RANDOM	ILLUMINA	NextSeq 2000	PRJNA1102327	cattle
SRR36114827	102109425	347264	25-022989-007	2025	USA	CATTLE	SAMN53332421	WGS	RANDOM	ILLUMINA	NextSeq 2000	PRJNA1102327	cattle
SRR36114828	166667340	560896	25-025912-003	2025	USA	CATTLE	SAMN53332438	WGS	RANDOM	ILLUMINA	NextSeq 2000	PRJNA1102327	cattle
SRR36114829	138036117	465071	25-025912-002	2025	USA	CATTLE	SAMN53332437	WGS	RANDOM	ILLUMINA	NextSeq 2000	PRJNA1102327	cattle
SRR36114830	95521335	321665	25-025803-001	2025	USA	CATTLE	SAMN53332436	WGS	RANDOM	ILLUMINA	NextSeq 2000	PRJNA1102327	cattle
SRR36114831	121147797	413655	25-024858-004	2025	USA	CATTLE	SAMN53332435	WGS	RANDOM	ILLUMINA	NextSeq 2000	PRJNA1102327	cattle
SRR36114832	106190910	362374	25-024858-001	2025	USA	CATTLE	SAMN53332434	WGS	RANDOM	ILLUMINA	NextSeq 2000	PRJNA1102327	cattle
SRR36114833	112723136	383653	25-024776-002	2025	USA	CATTLE	SAMN53332433	WGS	RANDOM	ILLUMINA	NextSeq 2000	PRJNA1102327	cattle
SRR36114834	90350098	307540	25-024776-001	2025	USA	CATTLE	SAMN53332432	WGS	RANDOM	ILLUMINA	NextSeq 2000	PRJNA1102327	cattle
SRR36114835	73411032	249364	25-024775-001	2025	USA	CATTLE	SAMN53332431	WGS	RANDOM	ILLUMINA	NextSeq 2000	PRJNA1102327	cattle
SRR36114836	82415872	279397	25-024771-003	2025	USA	CATTLE	SAMN53332430	WGS	RANDOM	ILLUMINA	NextSeq 2000	PRJNA1102327	cattle
SRR36114837	108156239	367881	25-024069-009	2025	USA	CATTLE	SAMN53332429	WGS	RANDOM	ILLUMINA	NextSeq 2000	PRJNA1102327	cattle
SRR36114838	75837386	256387	25-025430-002	2025	USA	CATTLE	SAMN53332420	WGS	RANDOM	ILLUMINA	NextSeq 2000	PRJNA1102327	cattle
SRR36114839	97452828	330143	25-025430-001	2025	USA	CATTLE	SAMN53332419	WGS	RANDOM	ILLUMINA	NextSeq 2000	PRJNA1102327	cattle
SRR35949318	121349760	408618	25-024069-003	2025	USA	CATTLE, DOMESTIC DAIRY (NO BREED SPECIFIED)	SAMN53088269	WGS	RANDOM	ILLUMINA	NextSeq 2000	PRJNA1102327	cattle
SRR35949319	72382075	245078	25-023966-002	2025	USA	CATTLE, DOMESTIC DAIRY (NO BREED SPECIFIED)	SAMN53088268	WGS	RANDOM	ILLUMINA	NextSeq 2000	PRJNA1102327	cattle
SRR35949320	74938196	252819	25-023966-001	2025	USA	CATTLE, DOMESTIC DAIRY (NO BREED SPECIFIED)	SAMN53088267	WGS	RANDOM	ILLUMINA	NextSeq 2000	PRJNA1102327	cattle
SRR35705011	84954188	287057	25-024867-001	2025	USA	CATTLE, DOMESTIC DAIRY (NO BREED SPECIFIED)	SAMN52199117	WGS	RANDOM	ILLUMINA	NextSeq 2000	PRJNA1102327	cattle
SRR35705012	47812646	161780	25-024865-006	2025	USA	CATTLE, DOMESTIC DAIRY (NO BREED SPECIFIED)	SAMN52199116	WGS	RANDOM	ILLUMINA	NextSeq 2000	PRJNA1102327	cattle
SRR35705013	55792005	188590	25-024858-003	2025	USA	CATTLE, DOMESTIC DAIRY (NO BREED SPECIFIED)	SAMN52199115	WGS	RANDOM	ILLUMINA	NextSeq 2000	PRJNA1102327	cattle
SRR35586550	39775234	134237	25-024659-007	2025	USA	CATTLE, DOMESTIC DAIRY (NO BREED SPECIFIED)	SAMN51820560	WGS	RANDOM	ILLUMINA	Illumina iSeq 100	PRJNA1102327	cattle
SRR35586551	53706663	180865	25-024659-006	2025	USA	CATTLE, DOMESTIC DAIRY (NO BREED SPECIFIED)	SAMN51820559	WGS	RANDOM	ILLUMINA	Illumina iSeq 100	PRJNA1102327	cattle
SRR35586552	50018892	168551	25-024659-004	2025	USA	CATTLE, DOMESTIC DAIRY (NO BREED SPECIFIED)	SAMN51820558	WGS	RANDOM	ILLUMINA	Illumina iSeq 100	PRJNA1102327	cattle
SRR35586553	50930899	171241	25-024659-002	2025	USA	CATTLE, DOMESTIC DAIRY (NO BREED SPECIFIED)	SAMN51820557	WGS	RANDOM	ILLUMINA	Illumina iSeq 100	PRJNA1102327	cattle
SRR35586554	47003350	158284	25-024659-001	2025	USA	CATTLE, DOMESTIC DAIRY (NO BREED SPECIFIED)	SAMN51820556	WGS	RANDOM	ILLUMINA	Illumina iSeq 100	PRJNA1102327	cattle
SRR35586555	37085528	124784	25-024395-001	2025	USA	CATTLE, DOMESTIC DAIRY (NO BREED SPECIFIED)	SAMN51820555	WGS	RANDOM	ILLUMINA	Illumina iSeq 100	PRJNA1102327	cattle
SRR35586556	39314081	132567	25-024383-002	2025	USA	CATTLE, DOMESTIC DAIRY (NO BREED SPECIFIED)	SAMN51820554	WGS	RANDOM	ILLUMINA	Illumina iSeq 100	PRJNA1102327	cattle
SRR35586557	51968955	175255	25-024858-002	2025	USA	CATTLE, DOMESTIC DAIRY (NO BREED SPECIFIED)	SAMN51820573	WGS	RANDOM	ILLUMINA	Illumina iSeq 100	PRJNA1102327	cattle
SRR35586558	48661636	164952	25-024775-002	2025	USA	CATTLE, DOMESTIC DAIRY (NO BREED SPECIFIED)	SAMN51820572	WGS	RANDOM	ILLUMINA	Illumina iSeq 100	PRJNA1102327	cattle
SRR35586559	70815032	239720	25-024773-003	2025	USA	CATTLE, DOMESTIC DAIRY (NO BREED SPECIFIED)	SAMN51820571	WGS	RANDOM	ILLUMINA	Illumina iSeq 100	PRJNA1102327	cattle
SRR35586560	34744713	117005	25-024309-001	2025	USA	CATTLE, DOMESTIC DAIRY (NO BREED SPECIFIED)	SAMN51820553	WGS	RANDOM	ILLUMINA	Illumina iSeq 100	PRJNA1102327	cattle
SRR35586561	57981106	196303	25-024773-002	2025	USA	CATTLE, DOMESTIC DAIRY (NO BREED SPECIFIED)	SAMN51820570	WGS	RANDOM	ILLUMINA	Illumina iSeq 100	PRJNA1102327	cattle
SRR35586562	52277065	177900	25-024773-001	2025	USA	CATTLE, DOMESTIC DAIRY (NO BREED SPECIFIED)	SAMN51820569	WGS	RANDOM	ILLUMINA	Illumina iSeq 100	PRJNA1102327	cattle
SRR35586563	76136204	257348	25-024771-002	2025	USA	CATTLE, DOMESTIC DAIRY (NO BREED SPECIFIED)	SAMN51820568	WGS	RANDOM	ILLUMINA	Illumina iSeq 100	PRJNA1102327	cattle
SRR35586564	39202936	132733	25-024771-001	2025	USA	CATTLE, DOMESTIC DAIRY (NO BREED SPECIFIED)	SAMN51820567	WGS	RANDOM	ILLUMINA	Illumina iSeq 100	PRJNA1102327	cattle
SRR35586565	129074703	437180	25-024472-012	2025	USA	CATTLE, DOMESTIC DAIRY (NO BREED SPECIFIED)	SAMN51820566	WGS	RANDOM	ILLUMINA	NextSeq 2000	PRJNA1102327	cattle
SRR35586566	119542725	403253	25-024472-001	2025	USA	CATTLE, DOMESTIC DAIRY (NO BREED SPECIFIED)	SAMN51820565	WGS	RANDOM	ILLUMINA	NextSeq 2000	PRJNA1102327	cattle
SRR35586567	142585938	482222	25-024467-002	2025	USA	CATTLE, DOMESTIC DAIRY (NO BREED SPECIFIED)	SAMN51820564	WGS	RANDOM	ILLUMINA	NextSeq 2000	PRJNA1102327	cattle
SRR35586568	144585992	488552	25-024461-006	2025	USA	CATTLE, DOMESTIC DAIRY (NO BREED SPECIFIED)	SAMN51820563	WGS	RANDOM	ILLUMINA	NextSeq 2000	PRJNA1102327	cattle
SRR35586569	126493490	426248	25-024461-005	2025	USA	CATTLE, DOMESTIC DAIRY (NO BREED SPECIFIED)	SAMN51820562	WGS	RANDOM	ILLUMINA	NextSeq 2000	PRJNA1102327	cattle
SRR35586570	44342788	149395	25-024659-008	2025	USA	CATTLE, DOMESTIC DAIRY (NO BREED SPECIFIED)	SAMN51820561	WGS	RANDOM	ILLUMINA	Illumina iSeq 100	PRJNA1102327	cattle
SRR35586571	42565051	143473	25-024307-002	2025	USA	CATTLE, DOMESTIC DAIRY (NO BREED SPECIFIED)	SAMN51820552	WGS	RANDOM	ILLUMINA	Illumina iSeq 100	PRJNA1102327	cattle
SRR35586572	39906942	134383	25-024307-001	2025	USA	CATTLE, DOMESTIC DAIRY (NO BREED SPECIFIED)	SAMN51820551	WGS	RANDOM	ILLUMINA	Illumina iSeq 100	PRJNA1102327	cattle
SRR35316963	60158308	202458	25-023338-009	2025	USA	CATTLE	SAMN51238697	WGS	RANDOM	ILLUMINA	NextSeq 2000	PRJNA1102327	cattle
SRR35316964	81702511	274742	25-023338-008	2025	USA	CATTLE	SAMN51238696	WGS	RANDOM	ILLUMINA	NextSeq 2000	PRJNA1102327	cattle
SRR35316965	60903612	204669	25-023338-007	2025	USA	CATTLE	SAMN51238695	WGS	RANDOM	ILLUMINA	NextSeq 2000	PRJNA1102327	cattle
SRR35316966	91391698	307818	25-023338-006	2025	USA	CATTLE	SAMN51238694	WGS	RANDOM	ILLUMINA	NextSeq 2000	PRJNA1102327	cattle
SRR35316967	75065693	252840	25-023338-004	2025	USA	CATTLE	SAMN51238693	WGS	RANDOM	ILLUMINA	NextSeq 2000	PRJNA1102327	cattle
SRR35316968	99609224	336080	25-023338-002	2025	USA	CATTLE	SAMN51238692	WGS	RANDOM	ILLUMINA	NextSeq 2000	PRJNA1102327	cattle
SRR35316969	100414741	338260	25-023333-004	2025	USA	CATTLE	SAMN51238691	WGS	RANDOM	ILLUMINA	NextSeq 2000	PRJNA1102327	cattle
SRR35316970	121916716	413299	25-023557-001	2025	USA	CATTLE	SAMN51238708	WGS	RANDOM	ILLUMINA	NextSeq 2000	PRJNA1102327	cattle
SRR35316971	71296038	239989	25-023333-002	2025	USA	CATTLE	SAMN51238690	WGS	RANDOM	ILLUMINA	NextSeq 2000	PRJNA1102327	cattle
SRR35316972	104391495	356230	25-023548-002	2025	USA	CATTLE	SAMN51238707	WGS	RANDOM	ILLUMINA	NextSeq 2000	PRJNA1102327	cattle
SRR35316973	175824625	599454	25-023548-001	2025	USA	CATTLE	SAMN51238706	WGS	RANDOM	ILLUMINA	NextSeq 2000	PRJNA1102327	cattle
SRR35316974	129633337	440253	25-023538-002	2025	USA	CATTLE	SAMN51238705	WGS	RANDOM	ILLUMINA	NextSeq 2000	PRJNA1102327	cattle
SRR35316975	188626673	648169	25-023538-001	2025	USA	CATTLE	SAMN51238704	WGS	RANDOM	ILLUMINA	NextSeq 2000	PRJNA1102327	cattle
SRR35316976	40683631	140562	25-023428-002	2025	USA	CATTLE	SAMN51238703	WGS	RANDOM	ILLUMINA	Illumina iSeq 100	PRJNA1102327	cattle
SRR35316977	47127302	160787	25-023428-001	2025	USA	CATTLE	SAMN51238702	WGS	RANDOM	ILLUMINA	Illumina iSeq 100	PRJNA1102327	cattle
SRR35316978	104524421	352410	25-023360-004	2025	USA	CATTLE	SAMN51238701	WGS	RANDOM	ILLUMINA	NextSeq 2000	PRJNA1102327	cattle
SRR35316979	125060588	422195	25-023360-003	2025	USA	CATTLE	SAMN51238700	WGS	RANDOM	ILLUMINA	NextSeq 2000	PRJNA1102327	cattle
SRR35316980	107683820	363448	25-023360-002	2025	USA	CATTLE	SAMN51238699	WGS	RANDOM	ILLUMINA	NextSeq 2000	PRJNA1102327	cattle
SRR35316981	111299998	375578	25-023360-001	2025	USA	CATTLE	SAMN51238698	WGS	RANDOM	ILLUMINA	NextSeq 2000	PRJNA1102327	cattle
SRR35316982	133028235	447532	25-023333-001	2025	USA	CATTLE	SAMN51238689	WGS	RANDOM	ILLUMINA	NextSeq 2000	PRJNA1102327	cattle
SRR35316983	143293949	483073	25-023004-001	2025	USA	CATTLE	SAMN51238688	WGS	RANDOM	ILLUMINA	NextSeq 2000	PRJNA1102327	cattle
SRR35150448	149732940	505151	25-022263-001	2025	USA	CATTLE	SAMN50804704	WGS	RANDOM	ILLUMINA	NextSeq 2000	PRJNA1102327	cattle
SRR35150449	154167436	524255	25-022261-003	2025	USA	CATTLE	SAMN50804703	WGS	RANDOM	ILLUMINA	NextSeq 2000	PRJNA1102327	cattle
SRR35150450	95770048	324475	25-022249-003	2025	USA	CATTLE	SAMN50804702	WGS	RANDOM	ILLUMINA	NextSeq 2000	PRJNA1102327	cattle
SRR35150451	114895400	389486	25-022249-002	2025	USA	CATTLE	SAMN50804701	WGS	RANDOM	ILLUMINA	NextSeq 2000	PRJNA1102327	cattle
SRR35150452	28661506	100901	25-022249-001	2025	USA	CATTLE	SAMN50804700	WGS	RANDOM	ILLUMINA	NextSeq 2000	PRJNA1102327	cattle
SRR35150453	127235300	429766	25-022247-005	2025	USA	CATTLE	SAMN50804699	WGS	RANDOM	ILLUMINA	NextSeq 2000	PRJNA1102327	cattle
SRR35150454	155767526	529313	25-022247-002	2025	USA	CATTLE	SAMN50804698	WGS	RANDOM	ILLUMINA	NextSeq 2000	PRJNA1102327	cattle
SRR35150455	186930907	634258	25-022240-002	2025	USA	CATTLE	SAMN50804697	WGS	RANDOM	ILLUMINA	NextSeq 2000	PRJNA1102327	cattle
SRR35150456	127080306	433161	25-022240-001	2025	USA	CATTLE	SAMN50804696	WGS	RANDOM	ILLUMINA	NextSeq 2000	PRJNA1102327	cattle
SRR35150457	187987968	639103	25-022238-001	2025	USA	CATTLE	SAMN50804695	WGS	RANDOM	ILLUMINA	NextSeq 2000	PRJNA1102327	cattle
SRR35150458	96367162	324511	25-020794-001	2025	USA	CATTLE	SAMN50804614	WGS	RANDOM	ILLUMINA	NextSeq 2000	PRJNA1102327	cattle
SRR35150459	101403183	343598	25-022237-003	2025	USA	CATTLE	SAMN50804694	WGS	RANDOM	ILLUMINA	NextSeq 2000	PRJNA1102327	cattle
SRR35150460	99680855	338810	25-022237-002	2025	USA	CATTLE	SAMN50804693	WGS	RANDOM	ILLUMINA	NextSeq 2000	PRJNA1102327	cattle
SRR35150461	210269492	724993	25-021511-001	2025	USA	CATTLE	SAMN50804692	WGS	RANDOM	ILLUMINA	NextSeq 2000	PRJNA1102327	cattle
SRR35150462	219925271	800729	25-021508-002	2025	USA	CATTLE	SAMN50804691	WGS	RANDOM	ILLUMINA	NextSeq 2000	PRJNA1102327	cattle
SRR35150463	134249086	458430	25-021264-001	2025	USA	CATTLE	SAMN50804690	WGS	RANDOM	ILLUMINA	NextSeq 2000	PRJNA1102327	cattle
SRR35150464	168823906	574670	25-021263-001	2025	USA	CATTLE	SAMN50804689	WGS	RANDOM	ILLUMINA	NextSeq 2000	PRJNA1102327	cattle
SRR35150465	129896230	438542	25-021246-007	2025	USA	CATTLE	SAMN50804688	WGS	RANDOM	ILLUMINA	NextSeq 2000	PRJNA1102327	cattle
SRR35150466	97488523	328558	25-021246-006	2025	USA	CATTLE	SAMN50804687	WGS	RANDOM	ILLUMINA	NextSeq 2000	PRJNA1102327	cattle
SRR35150467	109840419	369374	25-021246-005	2025	USA	CATTLE	SAMN50804686	WGS	RANDOM	ILLUMINA	NextSeq 2000	PRJNA1102327	cattle
SRR35150468	126470780	426258	25-021246-004	2025	USA	CATTLE	SAMN50804685	WGS	RANDOM	ILLUMINA	NextSeq 2000	PRJNA1102327	cattle
SRR35150469	122272412	412464	25-020787-001	2025	USA	CATTLE	SAMN50804613	WGS	RANDOM	ILLUMINA	NextSeq 2000	PRJNA1102327	cattle
SRR35150470	107876573	363170	25-021246-003	2025	USA	CATTLE	SAMN50804684	WGS	RANDOM	ILLUMINA	NextSeq 2000	PRJNA1102327	cattle
SRR35150471	112353575	378957	25-021246-002	2025	USA	CATTLE	SAMN50804683	WGS	RANDOM	ILLUMINA	NextSeq 2000	PRJNA1102327	cattle
SRR35150472	94714288	319129	25-021246-001	2025	USA	CATTLE	SAMN50804682	WGS	RANDOM	ILLUMINA	NextSeq 2000	PRJNA1102327	cattle
SRR35150473	128029721	431858	25-021245-002	2025	USA	CATTLE	SAMN50804681	WGS	RANDOM	ILLUMINA	NextSeq 2000	PRJNA1102327	cattle
SRR35150474	104914111	352809	25-021245-001	2025	USA	CATTLE	SAMN50804680	WGS	RANDOM	ILLUMINA	NextSeq 2000	PRJNA1102327	cattle
SRR35150475	125940794	425022	25-021243-003	2025	USA	CATTLE	SAMN50804679	WGS	RANDOM	ILLUMINA	NextSeq 2000	PRJNA1102327	cattle
SRR35150476	88801067	298873	25-021243-002	2025	USA	CATTLE	SAMN50804678	WGS	RANDOM	ILLUMINA	NextSeq 2000	PRJNA1102327	cattle
SRR35150477	74067982	249110	25-021243-001	2025	USA	CATTLE	SAMN50804677	WGS	RANDOM	ILLUMINA	NextSeq 2000	PRJNA1102327	cattle
SRR35150478	141009567	476048	25-021241-001	2025	USA	CATTLE	SAMN50804676	WGS	RANDOM	ILLUMINA	NextSeq 2000	PRJNA1102327	cattle
SRR35150479	110462773	372104	25-021236-002	2025	USA	CATTLE	SAMN50804675	WGS	RANDOM	ILLUMINA	NextSeq 2000	PRJNA1102327	cattle
SRR35150480	117193978	394702	25-020786-001	2025	USA	CATTLE	SAMN50804612	WGS	RANDOM	ILLUMINA	NextSeq 2000	PRJNA1102327	cattle
SRR35150481	103401166	348044	25-021236-001	2025	USA	CATTLE	SAMN50804674	WGS	RANDOM	ILLUMINA	NextSeq 2000	PRJNA1102327	cattle
SRR35150482	95984273	324928	25-021235-002	2025	USA	CATTLE	SAMN50804673	WGS	RANDOM	ILLUMINA	NextSeq 2000	PRJNA1102327	cattle
SRR35150483	90103179	303279	25-021235-001	2025	USA	CATTLE	SAMN50804672	WGS	RANDOM	ILLUMINA	NextSeq 2000	PRJNA1102327	cattle
SRR35150484	89353163	300485	25-021234-002	2025	USA	CATTLE	SAMN50804671	WGS	RANDOM	ILLUMINA	NextSeq 2000	PRJNA1102327	cattle
SRR35150485	95503807	321227	25-021230-009	2025	USA	CATTLE	SAMN50804670	WGS	RANDOM	ILLUMINA	NextSeq 2000	PRJNA1102327	cattle
SRR35150486	93976339	316916	25-021230-008	2025	USA	CATTLE	SAMN50804669	WGS	RANDOM	ILLUMINA	NextSeq 2000	PRJNA1102327	cattle
SRR35150487	111165598	374726	25-021230-007	2025	USA	CATTLE	SAMN50804668	WGS	RANDOM	ILLUMINA	NextSeq 2000	PRJNA1102327	cattle
SRR35150488	92004702	309810	25-021230-006	2025	USA	CATTLE	SAMN50804667	WGS	RANDOM	ILLUMINA	NextSeq 2000	PRJNA1102327	cattle
SRR35150489	101620696	343098	25-021230-005	2025	USA	CATTLE	SAMN50804666	WGS	RANDOM	ILLUMINA	NextSeq 2000	PRJNA1102327	cattle
SRR35150490	107029256	360323	25-021230-004	2025	USA	CATTLE	SAMN50804665	WGS	RANDOM	ILLUMINA	NextSeq 2000	PRJNA1102327	cattle
SRR35150491	109528519	368886	25-020778-004	2025	USA	CATTLE	SAMN50804611	WGS	RANDOM	ILLUMINA	NextSeq 2000	PRJNA1102327	cattle
SRR35150492	109623095	369625	25-021230-003	2025	USA	CATTLE	SAMN50804664	WGS	RANDOM	ILLUMINA	NextSeq 2000	PRJNA1102327	cattle
SRR35150493	113183568	381059	25-021230-002	2025	USA	CATTLE	SAMN50804663	WGS	RANDOM	ILLUMINA	NextSeq 2000	PRJNA1102327	cattle
SRR35150494	125242697	422046	25-021230-001	2025	USA	CATTLE	SAMN50804662	WGS	RANDOM	ILLUMINA	NextSeq 2000	PRJNA1102327	cattle
SRR35150495	107332707	361189	25-021148-001	2025	USA	CATTLE	SAMN50804661	WGS	RANDOM	ILLUMINA	NextSeq 2000	PRJNA1102327	cattle
SRR35150496	102272030	343861	25-021147-001	2025	USA	CATTLE	SAMN50804660	WGS	RANDOM	ILLUMINA	NextSeq 2000	PRJNA1102327	cattle
SRR35150497	96103739	323532	25-021145-001	2025	USA	CATTLE	SAMN50804659	WGS	RANDOM	ILLUMINA	NextSeq 2000	PRJNA1102327	cattle
SRR35150498	111544761	375268	25-021065-002	2025	USA	CATTLE	SAMN50804658	WGS	RANDOM	ILLUMINA	NextSeq 2000	PRJNA1102327	cattle
SRR35150499	118450553	399374	25-021065-001	2025	USA	CATTLE	SAMN50804657	WGS	RANDOM	ILLUMINA	NextSeq 2000	PRJNA1102327	cattle
SRR35150500	125957390	424789	25-021064-006	2025	USA	CATTLE	SAMN50804656	WGS	RANDOM	ILLUMINA	NextSeq 2000	PRJNA1102327	cattle
SRR35150501	121949820	410829	25-021064-005	2025	USA	CATTLE	SAMN50804655	WGS	RANDOM	ILLUMINA	NextSeq 2000	PRJNA1102327	cattle
SRR35150502	86967396	293677	25-020778-002	2025	USA	CATTLE	SAMN50804610	WGS	RANDOM	ILLUMINA	NextSeq 2000	PRJNA1102327	cattle
SRR35150503	98779038	332827	25-021064-002	2025	USA	CATTLE	SAMN50804654	WGS	RANDOM	ILLUMINA	NextSeq 2000	PRJNA1102327	cattle
SRR35150504	106906144	359731	25-021064-001	2025	USA	CATTLE	SAMN50804653	WGS	RANDOM	ILLUMINA	NextSeq 2000	PRJNA1102327	cattle
SRR35150505	109742346	370076	25-021063-004	2025	USA	CATTLE	SAMN50804652	WGS	RANDOM	ILLUMINA	NextSeq 2000	PRJNA1102327	cattle
SRR35150506	106934709	359929	25-021063-003	2025	USA	CATTLE	SAMN50804651	WGS	RANDOM	ILLUMINA	NextSeq 2000	PRJNA1102327	cattle
SRR35150507	104942672	353222	25-021063-002	2025	USA	CATTLE	SAMN50804650	WGS	RANDOM	ILLUMINA	NextSeq 2000	PRJNA1102327	cattle
SRR35150508	107095589	360271	25-021063-001	2025	USA	CATTLE	SAMN50804649	WGS	RANDOM	ILLUMINA	NextSeq 2000	PRJNA1102327	cattle
SRR35150509	101231620	340124	25-021062-007	2025	USA	CATTLE	SAMN50804648	WGS	RANDOM	ILLUMINA	NextSeq 2000	PRJNA1102327	cattle
SRR35150510	114387705	384988	25-021061-006	2025	USA	CATTLE	SAMN50804647	WGS	RANDOM	ILLUMINA	NextSeq 2000	PRJNA1102327	cattle
SRR35150511	129707970	436493	25-021061-005	2025	USA	CATTLE	SAMN50804646	WGS	RANDOM	ILLUMINA	NextSeq 2000	PRJNA1102327	cattle
SRR35150512	132746651	447131	25-021061-004	2025	USA	CATTLE	SAMN50804645	WGS	RANDOM	ILLUMINA	NextSeq 2000	PRJNA1102327	cattle
SRR35150513	130192763	439476	25-020650-001	2025	USA	CATTLE	SAMN50804609	WGS	RANDOM	ILLUMINA	NextSeq 2000	PRJNA1102327	cattle
SRR35150514	112662298	379532	25-021061-003	2025	USA	CATTLE	SAMN50804644	WGS	RANDOM	ILLUMINA	NextSeq 2000	PRJNA1102327	cattle
SRR35150515	112889532	380393	25-021061-002	2025	USA	CATTLE	SAMN50804643	WGS	RANDOM	ILLUMINA	NextSeq 2000	PRJNA1102327	cattle
SRR35150516	96415789	324420	25-021061-001	2025	USA	CATTLE	SAMN50804642	WGS	RANDOM	ILLUMINA	NextSeq 2000	PRJNA1102327	cattle
SRR35150517	88086281	296014	25-021057-004	2025	USA	CATTLE	SAMN50804641	WGS	RANDOM	ILLUMINA	NextSeq 2000	PRJNA1102327	cattle
SRR35150518	97097381	326396	25-021056-010	2025	USA	CATTLE	SAMN50804640	WGS	RANDOM	ILLUMINA	NextSeq 2000	PRJNA1102327	cattle
SRR35150519	98589848	332334	25-021056-009	2025	USA	CATTLE	SAMN50804639	WGS	RANDOM	ILLUMINA	NextSeq 2000	PRJNA1102327	cattle
SRR35150520	115882655	390235	25-021056-008	2025	USA	CATTLE	SAMN50804638	WGS	RANDOM	ILLUMINA	NextSeq 2000	PRJNA1102327	cattle
SRR35150521	110877077	373273	25-021056-006	2025	USA	CATTLE	SAMN50804637	WGS	RANDOM	ILLUMINA	NextSeq 2000	PRJNA1102327	cattle
SRR35150522	113435881	382128	25-021056-005	2025	USA	CATTLE	SAMN50804636	WGS	RANDOM	ILLUMINA	NextSeq 2000	PRJNA1102327	cattle
SRR35150523	107059670	360162	25-021056-004	2025	USA	CATTLE	SAMN50804635	WGS	RANDOM	ILLUMINA	NextSeq 2000	PRJNA1102327	cattle
SRR35150524	150002834	506598	25-020553-001	2025	USA	CATTLE	SAMN50804608	WGS	RANDOM	ILLUMINA	NextSeq 2000	PRJNA1102327	cattle
SRR35150525	111851537	376352	25-021056-003	2025	USA	CATTLE	SAMN50804634	WGS	RANDOM	ILLUMINA	NextSeq 2000	PRJNA1102327	cattle
SRR35150526	112655863	379892	25-021056-002	2025	USA	CATTLE	SAMN50804633	WGS	RANDOM	ILLUMINA	NextSeq 2000	PRJNA1102327	cattle
SRR35150527	99044295	333382	25-021056-001	2025	USA	CATTLE	SAMN50804632	WGS	RANDOM	ILLUMINA	NextSeq 2000	PRJNA1102327	cattle
SRR35150528	110555116	371696	25-021055-003	2025	USA	CATTLE	SAMN50804631	WGS	RANDOM	ILLUMINA	NextSeq 2000	PRJNA1102327	cattle
SRR35150529	113461303	382664	25-021052-009	2025	USA	CATTLE	SAMN50804630	WGS	RANDOM	ILLUMINA	NextSeq 2000	PRJNA1102327	cattle
SRR35150530	129031982	434862	25-021052-008	2025	USA	CATTLE	SAMN50804629	WGS	RANDOM	ILLUMINA	NextSeq 2000	PRJNA1102327	cattle
SRR35150531	122203682	411708	25-021052-007	2025	USA	CATTLE	SAMN50804628	WGS	RANDOM	ILLUMINA	NextSeq 2000	PRJNA1102327	cattle
SRR35150532	117705746	396102	25-021052-006	2025	USA	CATTLE	SAMN50804627	WGS	RANDOM	ILLUMINA	NextSeq 2000	PRJNA1102327	cattle
SRR35150533	134656851	453704	25-021052-005	2025	USA	CATTLE	SAMN50804626	WGS	RANDOM	ILLUMINA	NextSeq 2000	PRJNA1102327	cattle
SRR35150534	126063952	425510	25-021052-004	2025	USA	CATTLE	SAMN50804625	WGS	RANDOM	ILLUMINA	NextSeq 2000	PRJNA1102327	cattle
SRR35150535	136880378	460517	25-020438-002	2025	USA	CATTLE	SAMN50804607	WGS	RANDOM	ILLUMINA	NextSeq 2000	PRJNA1102327	cattle
SRR35150536	120672756	407173	25-021052-003	2025	USA	CATTLE	SAMN50804624	WGS	RANDOM	ILLUMINA	NextSeq 2000	PRJNA1102327	cattle
SRR35150537	108362015	364843	25-021052-002	2025	USA	CATTLE	SAMN50804623	WGS	RANDOM	ILLUMINA	NextSeq 2000	PRJNA1102327	cattle
SRR35150538	120370631	405457	25-021052-001	2025	USA	CATTLE	SAMN50804622	WGS	RANDOM	ILLUMINA	NextSeq 2000	PRJNA1102327	cattle
SRR35150539	117578758	398426	25-020964-001	2025	USA	CATTLE	SAMN50804621	WGS	RANDOM	ILLUMINA	NextSeq 2000	PRJNA1102327	cattle
SRR35150540	126339762	425906	25-020797-001	2025	USA	CATTLE	SAMN50804620	WGS	RANDOM	ILLUMINA	NextSeq 2000	PRJNA1102327	cattle
SRR35150541	111353323	374687	25-020796-002	2025	USA	CATTLE	SAMN50804619	WGS	RANDOM	ILLUMINA	NextSeq 2000	PRJNA1102327	cattle
SRR35150542	125992750	424520	25-020796-001	2025	USA	CATTLE	SAMN50804618	WGS	RANDOM	ILLUMINA	NextSeq 2000	PRJNA1102327	cattle
SRR35150543	124342443	420223	25-022824-001	2025	USA	QUAIL	SAMN50804733	WGS	RANDOM	ILLUMINA	NextSeq 2000	PRJNA1102327	other
SRR35150544	119543408	404883	25-022482-003	2025	USA	CATTLE	SAMN50804732	WGS	RANDOM	ILLUMINA	NextSeq 2000	PRJNA1102327	cattle
SRR35150545	142760450	486317	25-022482-002	2025	USA	CATTLE	SAMN50804731	WGS	RANDOM	ILLUMINA	NextSeq 2000	PRJNA1102327	cattle
SRR35150546	103953610	351547	25-022482-001	2025	USA	CATTLE	SAMN50804730	WGS	RANDOM	ILLUMINA	NextSeq 2000	PRJNA1102327	cattle
SRR35150547	166308020	563950	25-022474-002	2025	USA	CATTLE	SAMN50804729	WGS	RANDOM	ILLUMINA	NextSeq 2000	PRJNA1102327	cattle
SRR35150548	176969098	601645	25-022472-002	2025	USA	CATTLE	SAMN50804728	WGS	RANDOM	ILLUMINA	NextSeq 2000	PRJNA1102327	cattle
SRR35150549	147910295	501479	25-022470-005	2025	USA	CATTLE	SAMN50804727	WGS	RANDOM	ILLUMINA	NextSeq 2000	PRJNA1102327	cattle
SRR35150550	144240105	488580	25-022470-004	2025	USA	CATTLE	SAMN50804726	WGS	RANDOM	ILLUMINA	NextSeq 2000	PRJNA1102327	cattle
SRR35150551	146508223	498333	25-022470-002	2025	USA	CATTLE	SAMN50804725	WGS	RANDOM	ILLUMINA	NextSeq 2000	PRJNA1102327	cattle
SRR35150552	125386063	422401	25-020795-005	2025	USA	CATTLE	SAMN50804617	WGS	RANDOM	ILLUMINA	NextSeq 2000	PRJNA1102327	cattle
SRR35150553	156259221	528769	25-022469-003	2025	USA	CATTLE	SAMN50804724	WGS	RANDOM	ILLUMINA	NextSeq 2000	PRJNA1102327	cattle
SRR35150554	200181496	677517	25-022469-002	2025	USA	CATTLE	SAMN50804723	WGS	RANDOM	ILLUMINA	NextSeq 2000	PRJNA1102327	cattle
SRR35150555	146532440	495683	25-022469-001	2025	USA	CATTLE	SAMN50804722	WGS	RANDOM	ILLUMINA	NextSeq 2000	PRJNA1102327	cattle
SRR35150556	173560848	589220	25-022467-002	2025	USA	CATTLE	SAMN50804721	WGS	RANDOM	ILLUMINA	NextSeq 2000	PRJNA1102327	cattle
SRR35150557	132752543	448284	25-022467-001	2025	USA	CATTLE	SAMN50804720	WGS	RANDOM	ILLUMINA	NextSeq 2000	PRJNA1102327	cattle
SRR35150558	166275822	563190	25-022463-001	2025	USA	CATTLE	SAMN50804719	WGS	RANDOM	ILLUMINA	NextSeq 2000	PRJNA1102327	cattle
SRR35150559	152877723	519924	25-022462-007	2025	USA	CATTLE	SAMN50804718	WGS	RANDOM	ILLUMINA	NextSeq 2000	PRJNA1102327	cattle
SRR35150560	162701245	549976	25-022462-006	2025	USA	CATTLE	SAMN50804717	WGS	RANDOM	ILLUMINA	NextSeq 2000	PRJNA1102327	cattle
SRR35150561	134611601	455018	25-022462-002	2025	USA	CATTLE	SAMN50804716	WGS	RANDOM	ILLUMINA	NextSeq 2000	PRJNA1102327	cattle
SRR35150562	165408731	560313	25-022462-001	2025	USA	CATTLE	SAMN50804715	WGS	RANDOM	ILLUMINA	NextSeq 2000	PRJNA1102327	cattle
SRR35150563	118587591	399575	25-020795-001	2025	USA	CATTLE	SAMN50804616	WGS	RANDOM	ILLUMINA	NextSeq 2000	PRJNA1102327	cattle
SRR35150564	156650384	532338	25-022454-005	2025	USA	CATTLE	SAMN50804714	WGS	RANDOM	ILLUMINA	NextSeq 2000	PRJNA1102327	cattle
SRR35150565	133114717	450982	25-022454-004	2025	USA	CATTLE	SAMN50804713	WGS	RANDOM	ILLUMINA	NextSeq 2000	PRJNA1102327	cattle
SRR35150566	145057083	491014	25-022454-001	2025	USA	CATTLE	SAMN50804712	WGS	RANDOM	ILLUMINA	NextSeq 2000	PRJNA1102327	cattle
SRR35150567	143640658	484920	25-022450-002	2025	USA	CATTLE	SAMN50804711	WGS	RANDOM	ILLUMINA	NextSeq 2000	PRJNA1102327	cattle
SRR35150568	140212307	475630	25-022450-001	2025	USA	CATTLE	SAMN50804710	WGS	RANDOM	ILLUMINA	NextSeq 2000	PRJNA1102327	cattle
SRR35150569	135897281	462924	25-022447-001	2025	USA	CATTLE	SAMN50804709	WGS	RANDOM	ILLUMINA	NextSeq 2000	PRJNA1102327	cattle
SRR35150570	118011899	399273	25-022446-001	2025	USA	CATTLE	SAMN50804708	WGS	RANDOM	ILLUMINA	NextSeq 2000	PRJNA1102327	cattle
SRR35150571	118781755	402979	25-022444-002	2025	USA	CATTLE	SAMN50804707	WGS	RANDOM	ILLUMINA	NextSeq 2000	PRJNA1102327	cattle
SRR35150572	111500478	376975	25-022368-003	2025	USA	CATTLE	SAMN50804706	WGS	RANDOM	ILLUMINA	NextSeq 2000	PRJNA1102327	cattle
SRR35150573	190044574	642959	25-022263-002	2025	USA	CATTLE	SAMN50804705	WGS	RANDOM	ILLUMINA	NextSeq 2000	PRJNA1102327	cattle
SRR35150574	113084022	381150	25-020794-002	2025	USA	CATTLE	SAMN50804615	WGS	RANDOM	ILLUMINA	NextSeq 2000	PRJNA1102327	cattle
SRR35150575	131868908	443188	25-020437-006	2025	USA	CATTLE	SAMN50804606	WGS	RANDOM	ILLUMINA	NextSeq 2000	PRJNA1102327	cattle
SRR35150576	134943875	454882	25-020437-005	2025	USA	CATTLE	SAMN50804605	WGS	RANDOM	ILLUMINA	NextSeq 2000	PRJNA1102327	cattle
SRR35088920	113535139	381456	25-020648-001	2025	USA	CATTLE	SAMN50750005	WGS	RANDOM	ILLUMINA	NextSeq 2000	PRJNA1102327	cattle
SRR35088921	107625732	361382	25-020647-001	2025	USA	CATTLE	SAMN50750004	WGS	RANDOM	ILLUMINA	NextSeq 2000	PRJNA1102327	cattle
SRR35088922	140543065	471318	25-021927-002	2025	USA	CATTLE	SAMN50750072	WGS	RANDOM	ILLUMINA	NextSeq 2000	PRJNA1102327	cattle
SRR35088923	142219755	476629	25-021927-001	2025	USA	CATTLE	SAMN50750071	WGS	RANDOM	ILLUMINA	NextSeq 2000	PRJNA1102327	cattle
SRR35088924	147185448	493556	25-021924-006	2025	USA	CATTLE	SAMN50750070	WGS	RANDOM	ILLUMINA	NextSeq 2000	PRJNA1102327	cattle
SRR35088925	163415610	548131	25-021924-005	2025	USA	CATTLE	SAMN50750069	WGS	RANDOM	ILLUMINA	NextSeq 2000	PRJNA1102327	cattle
SRR35088926	148505321	498335	25-021924-004	2025	USA	CATTLE	SAMN50750068	WGS	RANDOM	ILLUMINA	NextSeq 2000	PRJNA1102327	cattle
SRR35088927	187774629	630744	25-021924-003	2025	USA	CATTLE	SAMN50750067	WGS	RANDOM	ILLUMINA	NextSeq 2000	PRJNA1102327	cattle
SRR35088928	167222186	561049	25-021924-002	2025	USA	CATTLE	SAMN50750066	WGS	RANDOM	ILLUMINA	NextSeq 2000	PRJNA1102327	cattle
SRR35088929	181961758	613192	25-020560-005	2025	USA	CATTLE	SAMN50750003	WGS	RANDOM	ILLUMINA	NextSeq 2000	PRJNA1102327	cattle
SRR35088930	179690426	604012	25-021924-001	2025	USA	CATTLE	SAMN50750065	WGS	RANDOM	ILLUMINA	NextSeq 2000	PRJNA1102327	cattle
SRR35088931	223686974	750893	25-021921-002	2025	USA	CATTLE	SAMN50750064	WGS	RANDOM	ILLUMINA	NextSeq 2000	PRJNA1102327	cattle
SRR35088932	221011950	742387	25-021921-001	2025	USA	CATTLE	SAMN50750063	WGS	RANDOM	ILLUMINA	NextSeq 2000	PRJNA1102327	cattle
SRR35088933	160180616	537739	25-021919-001	2025	USA	CATTLE	SAMN50750062	WGS	RANDOM	ILLUMINA	NextSeq 2000	PRJNA1102327	cattle
SRR35088934	124248069	417944	25-021916-004	2025	USA	CATTLE	SAMN50750061	WGS	RANDOM	ILLUMINA	NextSeq 2000	PRJNA1102327	cattle
SRR35088935	153595915	515591	25-021916-002	2025	USA	CATTLE	SAMN50750060	WGS	RANDOM	ILLUMINA	NextSeq 2000	PRJNA1102327	cattle
SRR35088936	217307608	729221	25-021916-001	2025	USA	CATTLE	SAMN50750059	WGS	RANDOM	ILLUMINA	NextSeq 2000	PRJNA1102327	cattle
SRR35088937	172126776	577881	25-021913-005	2025	USA	CATTLE	SAMN50750058	WGS	RANDOM	ILLUMINA	NextSeq 2000	PRJNA1102327	cattle
SRR35088938	143470798	480955	25-021913-001	2025	USA	CATTLE	SAMN50750057	WGS	RANDOM	ILLUMINA	NextSeq 2000	PRJNA1102327	cattle
SRR35088939	161274803	541465	25-021906-006	2025	USA	CATTLE	SAMN50750056	WGS	RANDOM	ILLUMINA	NextSeq 2000	PRJNA1102327	cattle
SRR35088940	156767423	526784	25-020547-002	2025	USA	CATTLE	SAMN50750002	WGS	RANDOM	ILLUMINA	NextSeq 2000	PRJNA1102327	cattle
SRR35088941	113992440	382277	25-021906-005	2025	USA	CATTLE	SAMN50750055	WGS	RANDOM	ILLUMINA	NextSeq 2000	PRJNA1102327	cattle
SRR35088942	153786188	515559	25-021906-004	2025	USA	CATTLE	SAMN50750054	WGS	RANDOM	ILLUMINA	NextSeq 2000	PRJNA1102327	cattle
SRR35088943	177286824	595257	25-021906-001	2025	USA	CATTLE	SAMN50750053	WGS	RANDOM	ILLUMINA	NextSeq 2000	PRJNA1102327	cattle
SRR35088944	117726641	394708	25-021899-002	2025	USA	CATTLE	SAMN50750052	WGS	RANDOM	ILLUMINA	NextSeq 2000	PRJNA1102327	cattle
SRR35088945	163696307	549235	25-021899-001	2025	USA	CATTLE	SAMN50750051	WGS	RANDOM	ILLUMINA	NextSeq 2000	PRJNA1102327	cattle
SRR35088946	110011621	368550	25-021885-003	2025	USA	CATTLE	SAMN50750050	WGS	RANDOM	ILLUMINA	NextSeq 2000	PRJNA1102327	cattle
SRR35088947	153120279	512848	25-021885-001	2025	USA	CATTLE	SAMN50750049	WGS	RANDOM	ILLUMINA	NextSeq 2000	PRJNA1102327	cattle
SRR35088948	126436956	423748	25-021881-001	2025	USA	CATTLE	SAMN50750048	WGS	RANDOM	ILLUMINA	NextSeq 2000	PRJNA1102327	cattle
SRR35088949	186219737	626270	25-021877-001	2025	USA	CATTLE	SAMN50750047	WGS	RANDOM	ILLUMINA	NextSeq 2000	PRJNA1102327	cattle
SRR35088950	188038754	632888	25-021876-003	2025	USA	CATTLE	SAMN50750046	WGS	RANDOM	ILLUMINA	NextSeq 2000	PRJNA1102327	cattle
SRR35088951	198001486	669179	25-020434-002	2025	USA	CATTLE	SAMN50750001	WGS	RANDOM	ILLUMINA	NextSeq 2000	PRJNA1102327	cattle
SRR35088952	155954956	524025	25-021876-002	2025	USA	CATTLE	SAMN50750045	WGS	RANDOM	ILLUMINA	NextSeq 2000	PRJNA1102327	cattle
SRR35088953	180543951	605371	25-021876-001	2025	USA	CATTLE	SAMN50750044	WGS	RANDOM	ILLUMINA	NextSeq 2000	PRJNA1102327	cattle
SRR35088954	162963017	547914	25-021875-001	2025	USA	CATTLE	SAMN50750043	WGS	RANDOM	ILLUMINA	NextSeq 2000	PRJNA1102327	cattle
SRR35088955	162521499	547325	25-021873-003	2025	USA	CATTLE	SAMN50750042	WGS	RANDOM	ILLUMINA	NextSeq 2000	PRJNA1102327	cattle
SRR35088956	216848776	735282	25-021873-002	2025	USA	CATTLE	SAMN50750041	WGS	RANDOM	ILLUMINA	NextSeq 2000	PRJNA1102327	cattle
SRR35088957	191198302	642339	25-021872-002	2025	USA	CATTLE	SAMN50750040	WGS	RANDOM	ILLUMINA	NextSeq 2000	PRJNA1102327	cattle
SRR35088958	196352601	660065	25-021872-001	2025	USA	CATTLE	SAMN50750039	WGS	RANDOM	ILLUMINA	NextSeq 2000	PRJNA1102327	cattle
SRR35088959	139526535	468026	25-021870-003	2025	USA	CATTLE	SAMN50750038	WGS	RANDOM	ILLUMINA	NextSeq 2000	PRJNA1102327	cattle
SRR35088960	136604073	459376	25-021870-002	2025	USA	CATTLE	SAMN50750037	WGS	RANDOM	ILLUMINA	NextSeq 2000	PRJNA1102327	cattle
SRR35088961	176300500	593409	25-021870-001	2025	USA	CATTLE	SAMN50750036	WGS	RANDOM	ILLUMINA	NextSeq 2000	PRJNA1102327	cattle
SRR35088962	166155453	558043	25-020198-002	2025	USA	CATTLE	SAMN50750000	WGS	RANDOM	ILLUMINA	NextSeq 2000	PRJNA1102327	cattle
SRR35088963	182350471	613065	25-021646-001	2025	USA	CATTLE	SAMN50750035	WGS	RANDOM	ILLUMINA	NextSeq 2000	PRJNA1102327	cattle
SRR35088964	212559392	714827	25-021645-002	2025	USA	CATTLE	SAMN50750034	WGS	RANDOM	ILLUMINA	NextSeq 2000	PRJNA1102327	cattle
SRR35088965	165865528	557333	25-021507-004	2025	USA	CATTLE	SAMN50750033	WGS	RANDOM	ILLUMINA	NextSeq 2000	PRJNA1102327	cattle
SRR35088966	186550845	628678	25-021505-005	2025	USA	CATTLE	SAMN50750032	WGS	RANDOM	ILLUMINA	NextSeq 2000	PRJNA1102327	cattle
SRR35088967	167238648	562710	25-021505-004	2025	USA	CATTLE	SAMN50750031	WGS	RANDOM	ILLUMINA	NextSeq 2000	PRJNA1102327	cattle
SRR35088968	111112369	373371	25-021240-002	2025	USA	CATTLE	SAMN50750030	WGS	RANDOM	ILLUMINA	NextSeq 2000	PRJNA1102327	cattle
SRR35088969	83065528	278372	25-021240-001	2025	USA	CATTLE	SAMN50750029	WGS	RANDOM	ILLUMINA	NextSeq 2000	PRJNA1102327	cattle
SRR35088970	173125391	582776	25-020798-001	2025	USA	CATTLE	SAMN50750028	WGS	RANDOM	ILLUMINA	NextSeq 2000	PRJNA1102327	cattle
SRR35088971	121075511	407673	25-020790-002	2025	USA	CATTLE	SAMN50750027	WGS	RANDOM	ILLUMINA	NextSeq 2000	PRJNA1102327	cattle
SRR35088972	174991405	588522	25-020790-001	2025	USA	CATTLE	SAMN50750026	WGS	RANDOM	ILLUMINA	NextSeq 2000	PRJNA1102327	cattle
SRR35088973	107437178	361710	25-019909-001	2025	USA	CATTLE	SAMN50749999	WGS	RANDOM	ILLUMINA	NextSeq 2000	PRJNA1102327	cattle
SRR35088974	100878103	338666	25-020789-002	2025	USA	CATTLE	SAMN50750025	WGS	RANDOM	ILLUMINA	NextSeq 2000	PRJNA1102327	cattle
SRR35088975	96172263	322771	25-020789-001	2025	USA	CATTLE	SAMN50750024	WGS	RANDOM	ILLUMINA	NextSeq 2000	PRJNA1102327	cattle
SRR35088976	197218001	664242	25-020784-013	2025	USA	CATTLE	SAMN50750023	WGS	RANDOM	ILLUMINA	NextSeq 2000	PRJNA1102327	cattle
SRR35088977	166472781	560757	25-020784-012	2025	USA	CATTLE	SAMN50750022	WGS	RANDOM	ILLUMINA	NextSeq 2000	PRJNA1102327	cattle
SRR35088978	165539524	557543	25-020784-010	2025	USA	CATTLE	SAMN50750021	WGS	RANDOM	ILLUMINA	NextSeq 2000	PRJNA1102327	cattle
SRR35088979	98016130	330053	25-020784-008	2025	USA	CATTLE	SAMN50750020	WGS	RANDOM	ILLUMINA	NextSeq 2000	PRJNA1102327	cattle
SRR35088980	166657268	561761	25-020784-004	2025	USA	CATTLE	SAMN50750019	WGS	RANDOM	ILLUMINA	NextSeq 2000	PRJNA1102327	cattle
SRR35088981	116171136	390684	25-020773-007	2025	USA	CATTLE	SAMN50750018	WGS	RANDOM	ILLUMINA	NextSeq 2000	PRJNA1102327	cattle
SRR35088982	121580568	407408	25-020772-001	2025	USA	CATTLE	SAMN50750017	WGS	RANDOM	ILLUMINA	NextSeq 2000	PRJNA1102327	cattle
SRR35088983	176559447	592420	25-020771-005	2025	USA	CATTLE	SAMN50750016	WGS	RANDOM	ILLUMINA	NextSeq 2000	PRJNA1102327	cattle
SRR35088984	193938878	653143	25-019717-009	2025	USA	CATTLE	SAMN50749998	WGS	RANDOM	ILLUMINA	NextSeq 2000	PRJNA1102327	cattle
SRR35088985	160276248	539120	25-020771-004	2025	USA	CATTLE	SAMN50750015	WGS	RANDOM	ILLUMINA	NextSeq 2000	PRJNA1102327	cattle
SRR35088986	115352827	386830	25-020771-003	2025	USA	CATTLE	SAMN50750014	WGS	RANDOM	ILLUMINA	NextSeq 2000	PRJNA1102327	cattle
SRR35088987	118732716	397909	25-020771-002	2025	USA	CATTLE	SAMN50750013	WGS	RANDOM	ILLUMINA	NextSeq 2000	PRJNA1102327	cattle
SRR35088988	171175246	576103	25-020771-001	2025	USA	CATTLE	SAMN50750012	WGS	RANDOM	ILLUMINA	NextSeq 2000	PRJNA1102327	cattle
SRR35088989	132279726	443407	25-020766-002	2025	USA	CATTLE	SAMN50750011	WGS	RANDOM	ILLUMINA	NextSeq 2000	PRJNA1102327	cattle
SRR35088990	114182439	384906	25-020766-001	2025	USA	CATTLE	SAMN50750010	WGS	RANDOM	ILLUMINA	NextSeq 2000	PRJNA1102327	cattle
SRR35088991	218313719	735866	25-020652-003	2025	USA	CATTLE	SAMN50750009	WGS	RANDOM	ILLUMINA	NextSeq 2000	PRJNA1102327	cattle
SRR35088992	166444440	560403	25-020652-002	2025	USA	CATTLE	SAMN50750008	WGS	RANDOM	ILLUMINA	NextSeq 2000	PRJNA1102327	cattle
SRR35088993	305442942	1031119	25-020652-001	2025	USA	CATTLE	SAMN50750007	WGS	RANDOM	ILLUMINA	NextSeq 2000	PRJNA1102327	cattle
SRR35088994	79828597	268102	25-020648-002	2025	USA	CATTLE	SAMN50750006	WGS	RANDOM	ILLUMINA	NextSeq 2000	PRJNA1102327	cattle
SRR35088995	182385513	615429	25-019717-008	2025	USA	CATTLE	SAMN50749997	WGS	RANDOM	ILLUMINA	NextSeq 2000	PRJNA1102327	cattle
SRR35088996	143106486	482525	25-019652-002	2025	USA	CATTLE	SAMN50749996	WGS	RANDOM	ILLUMINA	NextSeq 2000	PRJNA1102327	cattle
SRR34980096	106017602	357028	25-021064-004	2025	USA	CATTLE	SAMN50607378	WGS	RANDOM	ILLUMINA	NextSeq 2000	PRJNA1102327	cattle
SRR34980097	108610955	364736	25-021064-003	2025	USA	CATTLE	SAMN50607377	WGS	RANDOM	ILLUMINA	NextSeq 2000	PRJNA1102327	cattle
SRR34980098	89495630	301105	25-021056-007	2025	USA	CATTLE	SAMN50607376	WGS	RANDOM	ILLUMINA	NextSeq 2000	PRJNA1102327	cattle
SRR34980099	126917134	433892	25-020220-001	2025	USA	CATTLE	SAMN50607375	WGS	RANDOM	ILLUMINA	NextSeq 2000	PRJNA1102327	cattle
SRR34980100	214145207	733771	25-020204-001	2025	USA	CATTLE	SAMN50607374	WGS	RANDOM	ILLUMINA	NextSeq 2000	PRJNA1102327	cattle
SRR34980101	146776478	502845	25-020078-001	2025	USA	CATTLE	SAMN50607373	WGS	RANDOM	ILLUMINA	NextSeq 2000	PRJNA1102327	cattle
SRR34913286	143440665	484536	25-020773-001	2025	USA	CATTLE	SAMN50501535	WGS	RANDOM	ILLUMINA	NextSeq 2000	PRJNA1102327	cattle
SRR34913287	137069227	463146	25-020547-001	2025	USA	CATTLE	SAMN50501534	WGS	RANDOM	ILLUMINA	NextSeq 2000	PRJNA1102327	cattle
SRR34913288	134120857	453081	25-020426-007	2025	USA	CATTLE	SAMN50501533	WGS	RANDOM	ILLUMINA	NextSeq 2000	PRJNA1102327	cattle
SRR34913289	177459161	601278	25-020426-005	2025	USA	CATTLE	SAMN50501532	WGS	RANDOM	ILLUMINA	NextSeq 2000	PRJNA1102327	cattle
SRR34913290	140332727	472526	25-020426-004	2025	USA	CATTLE	SAMN50501531	WGS	RANDOM	ILLUMINA	NextSeq 2000	PRJNA1102327	cattle
SRR34913291	156859487	529777	25-020426-003	2025	USA	CATTLE	SAMN50501530	WGS	RANDOM	ILLUMINA	NextSeq 2000	PRJNA1102327	cattle
SRR34913292	161111215	543995	25-020426-001	2025	USA	CATTLE	SAMN50501529	WGS	RANDOM	ILLUMINA	NextSeq 2000	PRJNA1102327	cattle
SRR34913294	121720088	408675	25-020793-001	2025	USA	CATTLE	SAMN50501552	WGS	RANDOM	ILLUMINA	NextSeq 2000	PRJNA1102327	cattle
SRR34913295	94988291	320259	25-020784-011	2025	USA	CATTLE	SAMN50501551	WGS	RANDOM	ILLUMINA	NextSeq 2000	PRJNA1102327	cattle
SRR34913296	83878331	282828	25-020784-009	2025	USA	CATTLE	SAMN50501550	WGS	RANDOM	ILLUMINA	NextSeq 2000	PRJNA1102327	cattle
SRR34913297	147255495	500698	25-020784-003	2025	USA	CATTLE	SAMN50501549	WGS	RANDOM	ILLUMINA	NextSeq 2000	PRJNA1102327	cattle
SRR34913298	145405866	494952	25-020784-002	2025	USA	CATTLE	SAMN50501548	WGS	RANDOM	ILLUMINA	NextSeq 2000	PRJNA1102327	cattle
SRR34913299	124637724	421100	25-020784-001	2025	USA	CATTLE	SAMN50501547	WGS	RANDOM	ILLUMINA	NextSeq 2000	PRJNA1102327	cattle
SRR34913300	166450239	561916	25-020778-008	2025	USA	CATTLE	SAMN50501546	WGS	RANDOM	ILLUMINA	NextSeq 2000	PRJNA1102327	cattle
SRR34913301	116906539	393254	25-020208-006	2025	USA	CATTLE	SAMN50501528	WGS	RANDOM	ILLUMINA	NextSeq 2000	PRJNA1102327	cattle
SRR34913302	170488360	578331	25-020778-007	2025	USA	CATTLE	SAMN50501545	WGS	RANDOM	ILLUMINA	NextSeq 2000	PRJNA1102327	cattle
SRR34913303	164651833	557091	25-020778-006	2025	USA	CATTLE	SAMN50501544	WGS	RANDOM	ILLUMINA	NextSeq 2000	PRJNA1102327	cattle
SRR34913304	155519271	527057	25-020778-005	2025	USA	CATTLE	SAMN50501543	WGS	RANDOM	ILLUMINA	NextSeq 2000	PRJNA1102327	cattle
SRR34913305	188805942	638661	25-020778-001	2025	USA	CATTLE	SAMN50501542	WGS	RANDOM	ILLUMINA	NextSeq 2000	PRJNA1102327	cattle
SRR34913306	130564165	441336	25-020777-001	2025	USA	CATTLE	SAMN50501541	WGS	RANDOM	ILLUMINA	NextSeq 2000	PRJNA1102327	cattle
SRR34913307	123826744	418627	25-020773-006	2025	USA	CATTLE	SAMN50501540	WGS	RANDOM	ILLUMINA	NextSeq 2000	PRJNA1102327	cattle
SRR34913308	118465141	400198	25-020773-005	2025	USA	CATTLE	SAMN50501539	WGS	RANDOM	ILLUMINA	NextSeq 2000	PRJNA1102327	cattle
SRR34913309	106082655	358295	25-020773-004	2025	USA	CATTLE	SAMN50501538	WGS	RANDOM	ILLUMINA	NextSeq 2000	PRJNA1102327	cattle
SRR34913310	130381569	441747	25-020773-003	2025	USA	CATTLE	SAMN50501537	WGS	RANDOM	ILLUMINA	NextSeq 2000	PRJNA1102327	cattle
SRR34913311	122549606	414269	25-020773-002	2025	USA	CATTLE	SAMN50501536	WGS	RANDOM	ILLUMINA	NextSeq 2000	PRJNA1102327	cattle
SRR34913312	93100947	313218	25-020198-001	2025	USA	CATTLE	SAMN50501527	WGS	RANDOM	ILLUMINA	NextSeq 2000	PRJNA1102327	cattle
SRR34913313	124798363	418895	25-019641-002	2025	USA	CATTLE	SAMN50501526	WGS	RANDOM	ILLUMINA	NextSeq 2000	PRJNA1102327	cattle
SRR34784287	69931343	234838	25-019718-002	2025	USA	CATTLE	SAMN50289240	WGS	RANDOM	ILLUMINA	NextSeq 2000	PRJNA1102327	cattle
SRR34784288	78963116	264947	25-019717-007	2025	USA	CATTLE	SAMN50289239	WGS	RANDOM	ILLUMINA	NextSeq 2000	PRJNA1102327	cattle
SRR34784289	126013732	423499	25-019710-003	2025	USA	CATTLE	SAMN50289238	WGS	RANDOM	ILLUMINA	NextSeq 2000	PRJNA1102327	cattle
SRR34784290	55061748	184691	25-019700-003	2025	USA	CATTLE	SAMN50289237	WGS	RANDOM	ILLUMINA	NextSeq 2000	PRJNA1102327	cattle
SRR34784291	79419219	267465	25-019663-003	2025	USA	CATTLE	SAMN50289236	WGS	RANDOM	ILLUMINA	NextSeq 2000	PRJNA1102327	cattle
SRR34784294	66137480	222037	25-020294-001	2025	USA	CATTLE	SAMN50289274	WGS	RANDOM	ILLUMINA	NextSeq 2000	PRJNA1102327	cattle
SRR34784295	101517842	341586	25-020224-002	2025	USA	CATTLE	SAMN50289273	WGS	RANDOM	ILLUMINA	NextSeq 2000	PRJNA1102327	cattle
SRR34784296	104932600	353140	25-020224-001	2025	USA	CATTLE	SAMN50289272	WGS	RANDOM	ILLUMINA	NextSeq 2000	PRJNA1102327	cattle
SRR34784297	84851684	285173	25-020217-002	2025	USA	CATTLE	SAMN50289271	WGS	RANDOM	ILLUMINA	NextSeq 2000	PRJNA1102327	cattle
SRR34784298	80079372	269969	25-019660-007	2025	USA	CATTLE	SAMN50289235	WGS	RANDOM	ILLUMINA	NextSeq 2000	PRJNA1102327	cattle
SRR34784299	77825807	261655	25-020216-002	2025	USA	CATTLE	SAMN50289270	WGS	RANDOM	ILLUMINA	NextSeq 2000	PRJNA1102327	cattle
SRR34784300	108853765	366805	25-020216-001	2025	USA	CATTLE	SAMN50289269	WGS	RANDOM	ILLUMINA	NextSeq 2000	PRJNA1102327	cattle
SRR34784301	94176380	316715	25-020215-007	2025	USA	CATTLE	SAMN50289268	WGS	RANDOM	ILLUMINA	NextSeq 2000	PRJNA1102327	cattle
SRR34784302	92631642	311899	25-020215-004	2025	USA	CATTLE	SAMN50289267	WGS	RANDOM	ILLUMINA	NextSeq 2000	PRJNA1102327	cattle
SRR34784303	133272651	449012	25-020215-003	2025	USA	CATTLE	SAMN50289266	WGS	RANDOM	ILLUMINA	NextSeq 2000	PRJNA1102327	cattle
SRR34784304	110783075	373669	25-020215-001	2025	USA	CATTLE	SAMN50289265	WGS	RANDOM	ILLUMINA	NextSeq 2000	PRJNA1102327	cattle
SRR34784305	117939618	397261	25-020208-007	2025	USA	CATTLE	SAMN50289264	WGS	RANDOM	ILLUMINA	NextSeq 2000	PRJNA1102327	cattle
SRR34784306	92725057	312160	25-020208-005	2025	USA	CATTLE	SAMN50289263	WGS	RANDOM	ILLUMINA	NextSeq 2000	PRJNA1102327	cattle
SRR34784307	93381536	313982	25-020208-002	2025	USA	CATTLE	SAMN50289262	WGS	RANDOM	ILLUMINA	NextSeq 2000	PRJNA1102327	cattle
SRR34784308	118052035	398297	25-020208-001	2025	USA	CATTLE	SAMN50289261	WGS	RANDOM	ILLUMINA	NextSeq 2000	PRJNA1102327	cattle
SRR34784309	124310912	419069	25-019658-001	2025	USA	CATTLE	SAMN50289234	WGS	RANDOM	ILLUMINA	NextSeq 2000	PRJNA1102327	cattle
SRR34784310	77317987	260044	25-020206-006	2025	USA	CATTLE	SAMN50289260	WGS	RANDOM	ILLUMINA	NextSeq 2000	PRJNA1102327	cattle
SRR34784311	86642791	291245	25-020206-002	2025	USA	CATTLE	SAMN50289259	WGS	RANDOM	ILLUMINA	NextSeq 2000	PRJNA1102327	cattle
SRR34784312	87925245	296451	25-020202-002	2025	USA	CATTLE	SAMN50289258	WGS	RANDOM	ILLUMINA	NextSeq 2000	PRJNA1102327	cattle
SRR34784313	85581205	288010	25-020202-001	2025	USA	CATTLE	SAMN50289257	WGS	RANDOM	ILLUMINA	NextSeq 2000	PRJNA1102327	cattle
SRR34784314	122328448	411994	25-020201-002	2025	USA	CATTLE	SAMN50289256	WGS	RANDOM	ILLUMINA	NextSeq 2000	PRJNA1102327	cattle
SRR34784315	93391125	314544	25-020201-001	2025	USA	CATTLE	SAMN50289255	WGS	RANDOM	ILLUMINA	NextSeq 2000	PRJNA1102327	cattle
SRR34784316	107434681	361770	25-020199-001	2025	USA	CATTLE	SAMN50289254	WGS	RANDOM	ILLUMINA	NextSeq 2000	PRJNA1102327	cattle
SRR34784317	113332193	380793	25-020195-003	2025	USA	CATTLE	SAMN50289253	WGS	RANDOM	ILLUMINA	NextSeq 2000	PRJNA1102327	cattle
SRR34784318	101882296	343375	25-020078-002	2025	USA	CATTLE	SAMN50289252	WGS	RANDOM	ILLUMINA	NextSeq 2000	PRJNA1102327	cattle
SRR34784319	106099010	356961	25-020073-006	2025	USA	CATTLE	SAMN50289251	WGS	RANDOM	ILLUMINA	NextSeq 2000	PRJNA1102327	cattle
SRR34784320	101846967	342500	25-019653-003	2025	USA	CATTLE	SAMN50289233	WGS	RANDOM	ILLUMINA	NextSeq 2000	PRJNA1102327	cattle
SRR34784321	84437113	284155	25-019924-001	2025	USA	CATTLE	SAMN50289250	WGS	RANDOM	ILLUMINA	NextSeq 2000	PRJNA1102327	cattle
SRR34784322	74888439	252599	25-019477-004	2025	USA	CATTLE	SAMN50289249	WGS	RANDOM	ILLUMINA	NextSeq 2000	PRJNA1102327	cattle
SRR34784323	121332131	408801	25-019018-008	2025	USA	CATTLE	SAMN50289248	WGS	RANDOM	ILLUMINA	NextSeq 2000	PRJNA1102327	cattle
SRR34784324	89486460	300674	25-019018-002	2025	USA	CATTLE	SAMN50289247	WGS	RANDOM	ILLUMINA	NextSeq 2000	PRJNA1102327	cattle
SRR34784325	96644537	325179	25-019010-007	2025	USA	CATTLE	SAMN50289246	WGS	RANDOM	ILLUMINA	NextSeq 2000	PRJNA1102327	cattle
SRR34784326	98230356	330450	25-019010-006	2025	USA	CATTLE	SAMN50289245	WGS	RANDOM	ILLUMINA	NextSeq 2000	PRJNA1102327	cattle
SRR34784327	75487617	253630	25-019010-002	2025	USA	CATTLE	SAMN50289244	WGS	RANDOM	ILLUMINA	NextSeq 2000	PRJNA1102327	cattle
SRR34784328	122114794	410487	25-019010-001	2025	USA	CATTLE	SAMN50289243	WGS	RANDOM	ILLUMINA	NextSeq 2000	PRJNA1102327	cattle
SRR34784329	91290672	307578	25-018995-002	2025	USA	CATTLE	SAMN50289242	WGS	RANDOM	ILLUMINA	NextSeq 2000	PRJNA1102327	cattle
SRR34784330	114717613	386256	25-018703-003	2025	USA	CATTLE	SAMN50289241	WGS	RANDOM	ILLUMINA	NextSeq 2000	PRJNA1102327	cattle
SRR34784331	75679116	254669	25-019650-006	2025	USA	CATTLE	SAMN50289232	WGS	RANDOM	ILLUMINA	NextSeq 2000	PRJNA1102327	cattle
SRR34784332	79205920	266422	25-019650-005	2025	USA	CATTLE	SAMN50289231	WGS	RANDOM	ILLUMINA	NextSeq 2000	PRJNA1102327	cattle
SRR34712464	105404963	355156	25-019914-003	2025	USA	CATTLE	SAMN50195767	WGS	RANDOM	ILLUMINA	NextSeq 2000	PRJNA1102327	cattle
SRR34712465	106157495	357508	25-019914-002	2025	USA	CATTLE	SAMN50195766	WGS	RANDOM	ILLUMINA	NextSeq 2000	PRJNA1102327	cattle
SRR34712466	103963832	349743	25-019914-001	2025	USA	CATTLE	SAMN50195765	WGS	RANDOM	ILLUMINA	NextSeq 2000	PRJNA1102327	cattle
SRR34712467	62744875	211203	25-019652-005	2025	USA	CATTLE	SAMN50195718	WGS	RANDOM	ILLUMINA	NextSeq 2000	PRJNA1102327	cattle
SRR34712468	111761148	376329	25-019651-003	2025	USA	CATTLE	SAMN50195717	WGS	RANDOM	ILLUMINA	NextSeq 2000	PRJNA1102327	cattle
SRR34712470	88113327	296479	25-019651-001	2025	USA	CATTLE	SAMN50195716	WGS	RANDOM	ILLUMINA	NextSeq 2000	PRJNA1102327	cattle
SRR34712471	92130109	310809	25-019922-002	2025	USA	CATTLE	SAMN50195778	WGS	RANDOM	ILLUMINA	NextSeq 2000	PRJNA1102327	cattle
SRR34712472	79772147	268563	25-019922-001	2025	USA	CATTLE	SAMN50195777	WGS	RANDOM	ILLUMINA	NextSeq 2000	PRJNA1102327	cattle
SRR34712473	79521643	267572	25-019921-008	2025	USA	CATTLE	SAMN50195776	WGS	RANDOM	ILLUMINA	NextSeq 2000	PRJNA1102327	cattle
SRR34712474	72099313	243033	25-019921-006	2025	USA	CATTLE	SAMN50195775	WGS	RANDOM	ILLUMINA	NextSeq 2000	PRJNA1102327	cattle
SRR34712475	124330372	420030	25-019921-005	2025	USA	CATTLE	SAMN50195774	WGS	RANDOM	ILLUMINA	NextSeq 2000	PRJNA1102327	cattle
SRR34712476	78389743	263446	25-019921-004	2025	USA	CATTLE	SAMN50195773	WGS	RANDOM	ILLUMINA	NextSeq 2000	PRJNA1102327	cattle
SRR34712477	76404188	257245	25-019921-003	2025	USA	CATTLE	SAMN50195772	WGS	RANDOM	ILLUMINA	NextSeq 2000	PRJNA1102327	cattle
SRR34712478	68093248	229109	25-019921-002	2025	USA	CATTLE	SAMN50195771	WGS	RANDOM	ILLUMINA	NextSeq 2000	PRJNA1102327	cattle
SRR34712479	68784785	231126	25-019918-004	2025	USA	CATTLE	SAMN50195770	WGS	RANDOM	ILLUMINA	NextSeq 2000	PRJNA1102327	cattle
SRR34712480	88248593	297105	25-019914-005	2025	USA	CATTLE	SAMN50195769	WGS	RANDOM	ILLUMINA	NextSeq 2000	PRJNA1102327	cattle
SRR34712481	92938002	313231	25-019650-003	2025	USA	CATTLE	SAMN50195715	WGS	RANDOM	ILLUMINA	NextSeq 2000	PRJNA1102327	cattle
SRR34712482	84151357	282685	25-019914-004	2025	USA	CATTLE	SAMN50195768	WGS	RANDOM	ILLUMINA	NextSeq 2000	PRJNA1102327	cattle
SRR34712483	87887659	295744	25-019706-006	2025	USA	CATTLE	SAMN50195747	WGS	RANDOM	ILLUMINA	NextSeq 2000	PRJNA1102327	cattle
SRR34712484	98025727	330034	25-019706-005	2025	USA	CATTLE	SAMN50195746	WGS	RANDOM	ILLUMINA	NextSeq 2000	PRJNA1102327	cattle
SRR34712485	106920011	359848	25-019706-004	2025	USA	CATTLE	SAMN50195745	WGS	RANDOM	ILLUMINA	NextSeq 2000	PRJNA1102327	cattle
SRR34712486	87841430	295557	25-019911-002	2025	USA	CATTLE	SAMN50195764	WGS	RANDOM	ILLUMINA	NextSeq 2000	PRJNA1102327	cattle
SRR34712487	73535110	247494	25-019911-001	2025	USA	CATTLE	SAMN50195763	WGS	RANDOM	ILLUMINA	NextSeq 2000	PRJNA1102327	cattle
SRR34712488	90665701	304859	25-019909-007	2025	USA	CATTLE	SAMN50195762	WGS	RANDOM	ILLUMINA	NextSeq 2000	PRJNA1102327	cattle
SRR34712489	87687399	295074	25-019909-005	2025	USA	CATTLE	SAMN50195761	WGS	RANDOM	ILLUMINA	NextSeq 2000	PRJNA1102327	cattle
SRR34712490	79195983	266755	25-019909-004	2025	USA	CATTLE	SAMN50195760	WGS	RANDOM	ILLUMINA	NextSeq 2000	PRJNA1102327	cattle
SRR34712491	68139555	228901	25-019718-001	2025	USA	CATTLE	SAMN50195759	WGS	RANDOM	ILLUMINA	NextSeq 2000	PRJNA1102327	cattle
SRR34712492	107477544	362605	25-019649-004	2025	USA	CATTLE	SAMN50195714	WGS	RANDOM	ILLUMINA	NextSeq 2000	PRJNA1102327	cattle
SRR34712493	66268076	222128	25-019717-006	2025	USA	CATTLE	SAMN50195758	WGS	RANDOM	ILLUMINA	NextSeq 2000	PRJNA1102327	cattle
SRR34712494	81348770	273089	25-019717-005	2025	USA	CATTLE	SAMN50195757	WGS	RANDOM	ILLUMINA	NextSeq 2000	PRJNA1102327	cattle
SRR34712495	59035441	197741	25-019717-004	2025	USA	CATTLE	SAMN50195756	WGS	RANDOM	ILLUMINA	NextSeq 2000	PRJNA1102327	cattle
SRR34712496	84871405	284786	25-019717-003	2025	USA	CATTLE	SAMN50195755	WGS	RANDOM	ILLUMINA	NextSeq 2000	PRJNA1102327	cattle
SRR34712497	95153267	319546	25-019717-002	2025	USA	CATTLE	SAMN50195754	WGS	RANDOM	ILLUMINA	NextSeq 2000	PRJNA1102327	cattle
SRR34712498	75418026	253391	25-019717-001	2025	USA	CATTLE	SAMN50195753	WGS	RANDOM	ILLUMINA	NextSeq 2000	PRJNA1102327	cattle
SRR34712499	117862506	395648	25-019710-005	2025	USA	CATTLE	SAMN50195752	WGS	RANDOM	ILLUMINA	NextSeq 2000	PRJNA1102327	cattle
SRR34712500	88586096	298501	25-019710-004	2025	USA	CATTLE	SAMN50195751	WGS	RANDOM	ILLUMINA	NextSeq 2000	PRJNA1102327	cattle
SRR34712501	65822374	220849	25-019710-002	2025	USA	CATTLE	SAMN50195750	WGS	RANDOM	ILLUMINA	NextSeq 2000	PRJNA1102327	cattle
SRR34712502	60086570	201484	25-019710-001	2025	USA	CATTLE	SAMN50195749	WGS	RANDOM	ILLUMINA	NextSeq 2000	PRJNA1102327	cattle
SRR34712503	93817018	316009	25-019649-003	2025	USA	CATTLE	SAMN50195713	WGS	RANDOM	ILLUMINA	NextSeq 2000	PRJNA1102327	cattle
SRR34712504	74190576	248914	25-019706-007	2025	USA	CATTLE	SAMN50195748	WGS	RANDOM	ILLUMINA	NextSeq 2000	PRJNA1102327	cattle
SRR34712505	87607520	295401	25-019706-003	2025	USA	CATTLE	SAMN50195744	WGS	RANDOM	ILLUMINA	NextSeq 2000	PRJNA1102327	cattle
SRR34712506	82308948	276894	25-019706-002	2025	USA	CATTLE	SAMN50195743	WGS	RANDOM	ILLUMINA	NextSeq 2000	PRJNA1102327	cattle
SRR34712507	72093041	242317	25-019706-001	2025	USA	CATTLE	SAMN50195742	WGS	RANDOM	ILLUMINA	NextSeq 2000	PRJNA1102327	cattle
SRR34712508	80740552	270798	25-019704-002	2025	USA	CATTLE	SAMN50195741	WGS	RANDOM	ILLUMINA	NextSeq 2000	PRJNA1102327	cattle
SRR34712509	101871090	342182	25-019700-001	2025	USA	CATTLE	SAMN50195740	WGS	RANDOM	ILLUMINA	NextSeq 2000	PRJNA1102327	cattle
SRR34712510	102230506	345105	25-019660-003	2025	USA	CATTLE	SAMN50195725	WGS	RANDOM	ILLUMINA	NextSeq 2000	PRJNA1102327	cattle
SRR34712511	73426159	247333	25-019660-004	2025	USA	CATTLE	SAMN50195726	WGS	RANDOM	ILLUMINA	NextSeq 2000	PRJNA1102327	cattle
SRR34712512	78335276	264846	25-019660-005	2025	USA	CATTLE	SAMN50195727	WGS	RANDOM	ILLUMINA	NextSeq 2000	PRJNA1102327	cattle
SRR34712513	88508299	298089	25-019660-006	2025	USA	CATTLE	SAMN50195728	WGS	RANDOM	ILLUMINA	NextSeq 2000	PRJNA1102327	cattle
SRR34712514	76560675	257933	25-019648-004	2025	USA	CATTLE	SAMN50195711	WGS	RANDOM	ILLUMINA	NextSeq 2000	PRJNA1102327	cattle
SRR34712515	70416052	237316	25-019661-001	2025	USA	CATTLE	SAMN50195729	WGS	RANDOM	ILLUMINA	NextSeq 2000	PRJNA1102327	cattle
SRR34712516	105063007	353536	25-019661-002	2025	USA	CATTLE	SAMN50195730	WGS	RANDOM	ILLUMINA	NextSeq 2000	PRJNA1102327	cattle
SRR34712517	113281923	382350	25-019661-003	2025	USA	CATTLE	SAMN50195731	WGS	RANDOM	ILLUMINA	NextSeq 2000	PRJNA1102327	cattle
SRR34712518	85897951	289992	25-019661-005	2025	USA	CATTLE	SAMN50195732	WGS	RANDOM	ILLUMINA	NextSeq 2000	PRJNA1102327	cattle
SRR34712519	82445911	278231	25-019662-002	2025	USA	CATTLE	SAMN50195733	WGS	RANDOM	ILLUMINA	NextSeq 2000	PRJNA1102327	cattle
SRR34712520	56659393	190492	25-019662-004	2025	USA	CATTLE	SAMN50195734	WGS	RANDOM	ILLUMINA	NextSeq 2000	PRJNA1102327	cattle
SRR34712521	90794586	306880	25-019663-002	2025	USA	CATTLE	SAMN50195735	WGS	RANDOM	ILLUMINA	NextSeq 2000	PRJNA1102327	cattle
SRR34712522	97664833	330383	25-019665-001	2025	USA	CATTLE	SAMN50195736	WGS	RANDOM	ILLUMINA	NextSeq 2000	PRJNA1102327	cattle
SRR34712523	63171836	212083	25-019665-002	2025	USA	CATTLE	SAMN50195737	WGS	RANDOM	ILLUMINA	NextSeq 2000	PRJNA1102327	cattle
SRR34712524	80095672	269428	25-019667-002	2025	USA	CATTLE	SAMN50195738	WGS	RANDOM	ILLUMINA	NextSeq 2000	PRJNA1102327	cattle
SRR34712525	66694953	224483	25-019649-001	2025	USA	CATTLE	SAMN50195712	WGS	RANDOM	ILLUMINA	NextSeq 2000	PRJNA1102327	cattle
SRR34712526	85843938	288849	25-019667-003	2025	USA	CATTLE	SAMN50195739	WGS	RANDOM	ILLUMINA	NextSeq 2000	PRJNA1102327	cattle
SRR34712527	77231875	259776	25-016195-001	2025	USA	CATTLE	SAMN50195709	WGS	RANDOM	ILLUMINA	NextSeq 2000	PRJNA1102327	cattle
SRR34712528	65819113	221916	25-019648-002	2025	USA	CATTLE	SAMN50195710	WGS	RANDOM	ILLUMINA	NextSeq 2000	PRJNA1102327	cattle
SRR34712529	92527358	311935	25-019654-002	2025	USA	CATTLE	SAMN50195719	WGS	RANDOM	ILLUMINA	NextSeq 2000	PRJNA1102327	cattle
SRR34712530	115250321	388898	25-019658-002	2025	USA	CATTLE	SAMN50195720	WGS	RANDOM	ILLUMINA	NextSeq 2000	PRJNA1102327	cattle
SRR34712531	110621107	373629	25-019658-003	2025	USA	CATTLE	SAMN50195721	WGS	RANDOM	ILLUMINA	NextSeq 2000	PRJNA1102327	cattle
SRR34712532	88259544	297583	25-019659-001	2025	USA	CATTLE	SAMN50195722	WGS	RANDOM	ILLUMINA	NextSeq 2000	PRJNA1102327	cattle
SRR34712533	78843346	266304	25-019660-001	2025	USA	CATTLE	SAMN50195723	WGS	RANDOM	ILLUMINA	NextSeq 2000	PRJNA1102327	cattle
SRR34712534	101796237	344027	25-019660-002	2025	USA	CATTLE	SAMN50195724	WGS	RANDOM	ILLUMINA	NextSeq 2000	PRJNA1102327	cattle
SRR34542513	116582745	395049	25-019211-001	2025	USA	CATTLE	SAMN49975122	WGS	RANDOM	ILLUMINA	NextSeq 2000	PRJNA1102327	cattle
SRR34542514	83988515	283279	25-019210-002	2025	USA	CATTLE	SAMN49975121	WGS	RANDOM	ILLUMINA	NextSeq 2000	PRJNA1102327	cattle
SRR34542515	62012519	208715	25-019210-001	2025	USA	CATTLE	SAMN49975120	WGS	RANDOM	ILLUMINA	NextSeq 2000	PRJNA1102327	cattle
SRR34542516	80882559	272321	25-019018-006	2025	USA	CATTLE	SAMN49975119	WGS	RANDOM	ILLUMINA	NextSeq 2000	PRJNA1102327	cattle
SRR34542517	104990493	353621	25-019018-003	2025	USA	CATTLE	SAMN49975118	WGS	RANDOM	ILLUMINA	NextSeq 2000	PRJNA1102327	cattle
SRR34542518	111565652	376190	25-019010-005	2025	USA	CATTLE	SAMN49975117	WGS	RANDOM	ILLUMINA	NextSeq 2000	PRJNA1102327	cattle
SRR34542519	161410770	548365	25-019010-004	2025	USA	CATTLE	SAMN49975116	WGS	RANDOM	ILLUMINA	NextSeq 2000	PRJNA1102327	cattle
SRR34542520	99347769	336491	25-019440-001	2025	USA	CATTLE	SAMN49975140	WGS	RANDOM	ILLUMINA	NextSeq 2000	PRJNA1102327	cattle
SRR34542521	109781357	370222	25-019276-001	2025	USA	CATTLE	SAMN49975139	WGS	RANDOM	ILLUMINA	NextSeq 2000	PRJNA1102327	cattle
SRR34542522	122325570	414009	25-019273-002	2025	USA	CATTLE	SAMN49975138	WGS	RANDOM	ILLUMINA	NextSeq 2000	PRJNA1102327	cattle
SRR34542523	123892448	418411	25-019273-001	2025	USA	CATTLE	SAMN49975137	WGS	RANDOM	ILLUMINA	NextSeq 2000	PRJNA1102327	cattle
SRR34542524	145927726	492551	25-019243-001	2025	USA	CATTLE	SAMN49975136	WGS	RANDOM	ILLUMINA	NextSeq 2000	PRJNA1102327	cattle
SRR34542525	118111535	398613	25-019240-001	2025	USA	CATTLE	SAMN49975135	WGS	RANDOM	ILLUMINA	NextSeq 2000	PRJNA1102327	cattle
SRR34542526	141113418	476995	25-019238-001	2025	USA	CATTLE	SAMN49975134	WGS	RANDOM	ILLUMINA	NextSeq 2000	PRJNA1102327	cattle
SRR34542527	119771361	404368	25-019214-005	2025	USA	CATTLE	SAMN49975133	WGS	RANDOM	ILLUMINA	NextSeq 2000	PRJNA1102327	cattle
SRR34542528	109133421	368334	25-019010-003	2025	USA	CATTLE	SAMN49975115	WGS	RANDOM	ILLUMINA	NextSeq 2000	PRJNA1102327	cattle
SRR34542529	231237252	788981	25-019214-004	2025	USA	CATTLE	SAMN49975132	WGS	RANDOM	ILLUMINA	NextSeq 2000	PRJNA1102327	cattle
SRR34542530	184224204	624430	25-019214-003	2025	USA	CATTLE	SAMN49975131	WGS	RANDOM	ILLUMINA	NextSeq 2000	PRJNA1102327	cattle
SRR34542531	194449984	659437	25-019214-002	2025	USA	CATTLE	SAMN49975130	WGS	RANDOM	ILLUMINA	NextSeq 2000	PRJNA1102327	cattle
SRR34542532	165526443	559940	25-019214-001	2025	USA	CATTLE	SAMN49975129	WGS	RANDOM	ILLUMINA	NextSeq 2000	PRJNA1102327	cattle
SRR34542533	143915143	486635	25-019212-003	2025	USA	CATTLE	SAMN49975128	WGS	RANDOM	ILLUMINA	NextSeq 2000	PRJNA1102327	cattle
SRR34542534	122310321	414371	25-019212-002	2025	USA	CATTLE	SAMN49975127	WGS	RANDOM	ILLUMINA	NextSeq 2000	PRJNA1102327	cattle
SRR34542535	117592961	397197	25-019212-001	2025	USA	CATTLE	SAMN49975126	WGS	RANDOM	ILLUMINA	NextSeq 2000	PRJNA1102327	cattle
SRR34542536	122820083	415748	25-019211-005	2025	USA	CATTLE	SAMN49975125	WGS	RANDOM	ILLUMINA	NextSeq 2000	PRJNA1102327	cattle
SRR34542537	136608447	461439	25-019211-004	2025	USA	CATTLE	SAMN49975124	WGS	RANDOM	ILLUMINA	NextSeq 2000	PRJNA1102327	cattle
SRR34542538	99136219	334656	25-019211-002	2025	USA	CATTLE	SAMN49975123	WGS	RANDOM	ILLUMINA	NextSeq 2000	PRJNA1102327	cattle
SRR34542539	133565317	449591	25-018905-001	2025	USA	CATTLE	SAMN49975114	WGS	RANDOM	ILLUMINA	NextSeq 2000	PRJNA1102327	cattle
SRR34542540	158521956	535240	25-018700-003	2025	USA	CATTLE	SAMN49975113	WGS	RANDOM	ILLUMINA	NextSeq 2000	PRJNA1102327	cattle
SRR34425685	68097080	230308	25-018598-003	2025	USA	CATTLE	SAMN49846895	WGS	RANDOM	ILLUMINA	Illumina iSeq 100	PRJNA1102327	cattle
SRR34425686	196489869	662784	25-018149-003	2025	USA	CATTLE	SAMN49846894	WGS	RANDOM	ILLUMINA	NextSeq 2000	PRJNA1102327	cattle
SRR34425687	177552691	598131	25-018149-002	2025	USA	CATTLE	SAMN49846893	WGS	RANDOM	ILLUMINA	NextSeq 2000	PRJNA1102327	cattle
SRR34425688	141567664	476649	25-018149-001	2025	USA	CATTLE	SAMN49846892	WGS	RANDOM	ILLUMINA	NextSeq 2000	PRJNA1102327	cattle
SRR34425689	149980708	505411	25-018144-003	2025	USA	CATTLE	SAMN49846891	WGS	RANDOM	ILLUMINA	NextSeq 2000	PRJNA1102327	cattle
SRR34425690	165406698	556458	25-018143-007	2025	USA	CATTLE	SAMN49846890	WGS	RANDOM	ILLUMINA	NextSeq 2000	PRJNA1102327	cattle
SRR34425691	210428566	707636	25-015735-001	2025	USA	CATTLE	SAMN49846889	WGS	RANDOM	ILLUMINA	NextSeq 2000	PRJNA1102327	cattle
SRR34425692	220840720	743806	25-015290-001	2025	USA	CATTLE	SAMN49846888	WGS	RANDOM	ILLUMINA	NextSeq 2000	PRJNA1102327	cattle
SRR34270146	218386974	806513	25-014358-002	2025	USA	CATTLE	SAMN49684834	WGS	RANDOM	ILLUMINA	NextSeq 2000	PRJNA1102327	cattle
SRR34270147	40079885	148488	25-014354-002	2025	USA	CATTLE	SAMN49684833	WGS	RANDOM	ILLUMINA	NextSeq 2000	PRJNA1102327	cattle
SRR34270148	368790307	1343748	25-013618-007	2025	USA	CATTLE	SAMN49684832	WGS	RANDOM	ILLUMINA	NextSeq 2000	PRJNA1102327	cattle
SRR34270149	51588639	188351	25-012945-002	2025	USA	CATTLE	SAMN49684831	WGS	RANDOM	ILLUMINA	NextSeq 2000	PRJNA1102327	cattle
SRR34270150	26720082	91248	25-017893-002	2025	USA	CATTLE	SAMN49684884	WGS	RANDOM	ILLUMINA	Illumina iSeq 100	PRJNA1102327	cattle
SRR34270151	105486415	356771	25-017892-004	2025	USA	CATTLE	SAMN49684883	WGS	RANDOM	ILLUMINA	Illumina iSeq 100	PRJNA1102327	cattle
SRR34270152	53059962	179720	25-017891-001	2025	USA	CATTLE	SAMN49684882	WGS	RANDOM	ILLUMINA	Illumina iSeq 100	PRJNA1102327	cattle
SRR34270153	51021538	172128	25-017889-001	2025	USA	CATTLE	SAMN49684881	WGS	RANDOM	ILLUMINA	Illumina iSeq 100	PRJNA1102327	cattle
SRR34270154	71460877	241287	25-017887-001	2025	USA	CATTLE	SAMN49684880	WGS	RANDOM	ILLUMINA	Illumina iSeq 100	PRJNA1102327	cattle
SRR34270155	60512717	204855	25-017884-002	2025	USA	CATTLE	SAMN49684879	WGS	RANDOM	ILLUMINA	Illumina iSeq 100	PRJNA1102327	cattle
SRR34270156	64481237	219502	25-017880-004	2025	USA	CATTLE	SAMN49684878	WGS	RANDOM	ILLUMINA	Illumina iSeq 100	PRJNA1102327	cattle
SRR34270157	80963226	273127	25-017874-001	2025	USA	CATTLE	SAMN49684877	WGS	RANDOM	ILLUMINA	Illumina iSeq 100	PRJNA1102327	cattle
SRR34270158	148962358	501101	25-017727-003	2025	USA	CHICKEN	SAMN49684876	WGS	RANDOM	ILLUMINA	NextSeq 2000	PRJNA1102327	poultry_wildbird
SRR34270159	144366167	485692	25-017727-002	2025	USA	DUCK	SAMN49684875	WGS	RANDOM	ILLUMINA	NextSeq 2000	PRJNA1102327	poultry_wildbird
SRR34270160	47218749	173444	25-012939-004	2025	USA	CATTLE	SAMN49684830	WGS	RANDOM	ILLUMINA	NextSeq 2000	PRJNA1102327	cattle
SRR34270161	135527172	457258	25-017727-001	2025	USA	CHICKEN	SAMN49684874	WGS	RANDOM	ILLUMINA	NextSeq 2000	PRJNA1102327	poultry_wildbird
SRR34270162	66273811	226375	25-017520-001	2025	USA	CATTLE	SAMN49684873	WGS	RANDOM	ILLUMINA	Illumina iSeq 100	PRJNA1102327	cattle
SRR34270163	60476503	205157	25-017518-001	2025	USA	CATTLE	SAMN49684872	WGS	RANDOM	ILLUMINA	Illumina iSeq 100	PRJNA1102327	cattle
SRR34270164	66343866	224841	25-017516-005	2025	USA	CATTLE	SAMN49684871	WGS	RANDOM	ILLUMINA	Illumina iSeq 100	PRJNA1102327	cattle
SRR34270165	64067664	217294	25-017516-003	2025	USA	CATTLE	SAMN49684870	WGS	RANDOM	ILLUMINA	Illumina iSeq 100	PRJNA1102327	cattle
SRR34270166	42884695	145404	25-017516-002	2025	USA	CATTLE	SAMN49684869	WGS	RANDOM	ILLUMINA	Illumina iSeq 100	PRJNA1102327	cattle
SRR34270167	52228890	176647	25-017516-001	2025	USA	CATTLE	SAMN49684868	WGS	RANDOM	ILLUMINA	Illumina iSeq 100	PRJNA1102327	cattle
SRR34270168	37872429	127941	25-017515-006	2025	USA	CATTLE	SAMN49684867	WGS	RANDOM	ILLUMINA	Illumina iSeq 100	PRJNA1102327	cattle
SRR34270169	45229158	153540	25-017515-005	2025	USA	CATTLE	SAMN49684866	WGS	RANDOM	ILLUMINA	Illumina iSeq 100	PRJNA1102327	cattle
SRR34270170	36902315	125392	25-017515-004	2025	USA	CATTLE	SAMN49684865	WGS	RANDOM	ILLUMINA	Illumina iSeq 100	PRJNA1102327	cattle
SRR34270171	23738919	89709	25-010022-001	2025	USA	CATTLE	SAMN49684829	WGS	RANDOM	ILLUMINA	NextSeq 2000	PRJNA1102327	cattle
SRR34270172	122031482	430556	25-017515-002	2025	USA	CATTLE	SAMN49684864	WGS	RANDOM	ILLUMINA	Illumina iSeq 100	PRJNA1102327	cattle
SRR34270173	45121501	153345	25-017504-003	2025	USA	CATTLE	SAMN49684863	WGS	RANDOM	ILLUMINA	Illumina iSeq 100	PRJNA1102327	cattle
SRR34270174	48068879	162710	25-017504-002	2025	USA	CATTLE	SAMN49684862	WGS	RANDOM	ILLUMINA	Illumina iSeq 100	PRJNA1102327	cattle
SRR34270175	65920125	223589	25-017501-004	2025	USA	CATTLE	SAMN49684861	WGS	RANDOM	ILLUMINA	Illumina iSeq 100	PRJNA1102327	cattle
SRR34270176	47209073	160550	25-017501-003	2025	USA	CATTLE	SAMN49684860	WGS	RANDOM	ILLUMINA	Illumina iSeq 100	PRJNA1102327	cattle
SRR34270177	40189170	136557	25-017501-002	2025	USA	CATTLE	SAMN49684859	WGS	RANDOM	ILLUMINA	Illumina iSeq 100	PRJNA1102327	cattle
SRR34270178	66543306	225923	25-017501-001	2025	USA	CATTLE	SAMN49684858	WGS	RANDOM	ILLUMINA	Illumina iSeq 100	PRJNA1102327	cattle
SRR34270179	34386802	117477	25-017500-001	2025	USA	CATTLE	SAMN49684857	WGS	RANDOM	ILLUMINA	Illumina iSeq 100	PRJNA1102327	cattle
SRR34270180	7418046	37963	25-015748-001	2025	USA	CATTLE	SAMN49684856	WGS	RANDOM	ILLUMINA	NextSeq 2000	PRJNA1102327	cattle
SRR34270181	556960747	2094857	25-015745-001	2025	USA	CATTLE	SAMN49684855	WGS	RANDOM	ILLUMINA	NextSeq 2000	PRJNA1102327	cattle
SRR34270182	136128661	464744	24-036392-001	2024	USA	CATTLE	SAMN49684828	WGS	RANDOM	ILLUMINA	NextSeq 2000	PRJNA1102327	cattle
SRR34270183	418674566	1566334	25-015742-004	2025	USA	CATTLE	SAMN49684854	WGS	RANDOM	ILLUMINA	NextSeq 2000	PRJNA1102327	cattle
SRR34270184	427118297	1606275	25-015741-001	2025	USA	CATTLE	SAMN49684853	WGS	RANDOM	ILLUMINA	NextSeq 2000	PRJNA1102327	cattle
SRR34270185	639550721	2394670	25-015739-005	2025	USA	CATTLE	SAMN49684852	WGS	RANDOM	ILLUMINA	NextSeq 2000	PRJNA1102327	cattle
SRR34270186	321021999	1214792	25-015739-003	2025	USA	CATTLE	SAMN49684851	WGS	RANDOM	ILLUMINA	NextSeq 2000	PRJNA1102327	cattle
SRR34270187	544451332	2002124	25-015738-002	2025	USA	CATTLE	SAMN49684850	WGS	RANDOM	ILLUMINA	NextSeq 2000	PRJNA1102327	cattle
SRR34270188	716208706	2640856	25-015736-001	2025	USA	CATTLE	SAMN49684849	WGS	RANDOM	ILLUMINA	NextSeq 2000	PRJNA1102327	cattle
SRR34270189	539830043	2033311	25-015734-005	2025	USA	CATTLE	SAMN49684848	WGS	RANDOM	ILLUMINA	NextSeq 2000	PRJNA1102327	cattle
SRR34270190	1288798898	4702846	25-015734-001	2025	USA	CATTLE	SAMN49684847	WGS	RANDOM	ILLUMINA	NextSeq 2000	PRJNA1102327	cattle
SRR34270191	656132632	2391081	25-015733-003	2025	USA	CATTLE	SAMN49684846	WGS	RANDOM	ILLUMINA	NextSeq 2000	PRJNA1102327	cattle
SRR34270192	639390534	2324814	25-015733-002	2025	USA	CATTLE	SAMN49684845	WGS	RANDOM	ILLUMINA	NextSeq 2000	PRJNA1102327	cattle
SRR34270193	109360423	383734	24-033994-003	2024	USA	CATTLE	SAMN49684827	WGS	RANDOM	ILLUMINA	NextSeq 2000	PRJNA1102327	cattle
SRR34270194	366203246	1350680	25-015733-001	2025	USA	CATTLE	SAMN49684844	WGS	RANDOM	ILLUMINA	NextSeq 2000	PRJNA1102327	cattle
SRR34270195	1940792073	7734283	25-015732-001	2025	USA	CATTLE	SAMN49684843	WGS	RANDOM	ILLUMINA	NextSeq 2000	PRJNA1102327	cattle
SRR34270196	653947721	2385167	25-015120-002	2025	USA	CATTLE	SAMN49684842	WGS	RANDOM	ILLUMINA	NextSeq 2000	PRJNA1102327	cattle
SRR34270197	794420331	2906188	25-015108-002	2025	USA	CATTLE	SAMN49684841	WGS	RANDOM	ILLUMINA	NextSeq 2000	PRJNA1102327	cattle
SRR34270198	760257041	2800714	25-015108-001	2025	USA	CATTLE	SAMN49684840	WGS	RANDOM	ILLUMINA	NextSeq 2000	PRJNA1102327	cattle
SRR34270199	251645617	993030	25-015015-001	2025	USA	CATTLE	SAMN49684839	WGS	RANDOM	ILLUMINA	NextSeq 2000	PRJNA1102327	cattle
SRR34270200	1026307915	3786676	25-015008-001	2025	USA	CATTLE	SAMN49684838	WGS	RANDOM	ILLUMINA	NextSeq 2000	PRJNA1102327	cattle
SRR34270201	325192092	1202887	25-015005-001	2025	USA	CATTLE	SAMN49684837	WGS	RANDOM	ILLUMINA	NextSeq 2000	PRJNA1102327	cattle
SRR34270202	366152968	1359328	25-015002-001	2025	USA	CATTLE	SAMN49684836	WGS	RANDOM	ILLUMINA	NextSeq 2000	PRJNA1102327	cattle
SRR34270203	242883362	904191	25-014358-003	2025	USA	CATTLE	SAMN49684835	WGS	RANDOM	ILLUMINA	NextSeq 2000	PRJNA1102327	cattle
SRR34270204	93076566	314488	24-033523-004	2024	USA	CATTLE	SAMN49684826	WGS	RANDOM	ILLUMINA	NextSeq 2000	PRJNA1102327	cattle
SRR34270205	108354120	366302	24-030030-004	2024	USA	CATTLE	SAMN49684825	WGS	RANDOM	ILLUMINA	NextSeq 2000	PRJNA1102327	cattle
SRR33993023	68132847	229943	25-016878-002	2025	USA	CATTLE	SAMN49104730	WGS	RANDOM	ILLUMINA	Illumina iSeq 100	PRJNA1102327	cattle
SRR33993024	63105544	212986	25-016866-004	2025	USA	CATTLE	SAMN49104729	WGS	RANDOM	ILLUMINA	Illumina iSeq 100	PRJNA1102327	cattle
SRR33993025	46180111	155742	25-016866-002	2025	USA	CATTLE	SAMN49104728	WGS	RANDOM	ILLUMINA	Illumina iSeq 100	PRJNA1102327	cattle
SRR33993026	47042737	159422	25-016847-007	2025	USA	CATTLE	SAMN49104727	WGS	RANDOM	ILLUMINA	Illumina iSeq 100	PRJNA1102327	cattle
SRR33993027	65389924	221278	25-016847-006	2025	USA	CATTLE	SAMN49104726	WGS	RANDOM	ILLUMINA	Illumina iSeq 100	PRJNA1102327	cattle
SRR33993028	74054528	250553	25-016847-004	2025	USA	CATTLE	SAMN49104725	WGS	RANDOM	ILLUMINA	Illumina iSeq 100	PRJNA1102327	cattle
SRR33993029	522807379	1770810	25-017377-003	2025	USA	CATTLE	SAMN49104751	WGS	RANDOM	ILLUMINA	NextSeq 2000	PRJNA1102327	cattle
SRR33993030	54441692	184261	25-016846-001	2025	USA	CATTLE	SAMN49104724	WGS	RANDOM	ILLUMINA	Illumina iSeq 100	PRJNA1102327	cattle
SRR33993031	104663426	355341	25-017376-009	2025	USA	CATTLE	SAMN49104750	WGS	RANDOM	ILLUMINA	NextSeq 2000	PRJNA1102327	cattle
SRR33993032	235901105	799504	25-017376-008	2025	USA	CATTLE	SAMN49104749	WGS	RANDOM	ILLUMINA	NextSeq 2000	PRJNA1102327	cattle
SRR33993033	209453718	706989	25-017376-007	2025	USA	CATTLE	SAMN49104748	WGS	RANDOM	ILLUMINA	NextSeq 2000	PRJNA1102327	cattle
SRR33993034	200396122	676962	25-017376-006	2025	USA	CATTLE	SAMN49104747	WGS	RANDOM	ILLUMINA	NextSeq 2000	PRJNA1102327	cattle
SRR33993035	208159405	701986	25-017376-005	2025	USA	CATTLE	SAMN49104746	WGS	RANDOM	ILLUMINA	NextSeq 2000	PRJNA1102327	cattle
SRR33993036	209968472	709060	25-017376-004	2025	USA	CATTLE	SAMN49104745	WGS	RANDOM	ILLUMINA	NextSeq 2000	PRJNA1102327	cattle
SRR33993037	221485032	746486	25-017376-003	2025	USA	CATTLE	SAMN49104744	WGS	RANDOM	ILLUMINA	NextSeq 2000	PRJNA1102327	cattle
SRR33993038	190312401	642620	25-017376-002	2025	USA	CATTLE	SAMN49104743	WGS	RANDOM	ILLUMINA	NextSeq 2000	PRJNA1102327	cattle
SRR33993039	790397536	2676329	25-017376-001	2025	USA	CATTLE	SAMN49104742	WGS	RANDOM	ILLUMINA	NextSeq 2000	PRJNA1102327	cattle
SRR33993040	535205498	1807316	25-017370-004	2025	USA	CATTLE	SAMN49104741	WGS	RANDOM	ILLUMINA	NextSeq 2000	PRJNA1102327	cattle
SRR33993041	52474370	178141	25-016745-002	2025	USA	CATTLE	SAMN49104723	WGS	RANDOM	ILLUMINA	Illumina iSeq 100	PRJNA1102327	cattle
SRR33993042	668807754	2262201	25-017370-003	2025	USA	CATTLE	SAMN49104740	WGS	RANDOM	ILLUMINA	NextSeq 2000	PRJNA1102327	cattle
SRR33993043	574015012	1939667	25-017370-002	2025	USA	CATTLE	SAMN49104739	WGS	RANDOM	ILLUMINA	NextSeq 2000	PRJNA1102327	cattle
SRR33993044	239374429	808735	25-017369-001	2025	USA	CATTLE	SAMN49104738	WGS	RANDOM	ILLUMINA	NextSeq 2000	PRJNA1102327	cattle
SRR33993045	238793868	804855	25-017364-002	2025	USA	CATTLE	SAMN49104737	WGS	RANDOM	ILLUMINA	NextSeq 2000	PRJNA1102327	cattle
SRR33993046	185103703	624493	25-017364-001	2025	USA	CATTLE	SAMN49104736	WGS	RANDOM	ILLUMINA	NextSeq 2000	PRJNA1102327	cattle
SRR33993047	180096959	609622	25-017354-001	2025	USA	CATTLE	SAMN49104735	WGS	RANDOM	ILLUMINA	NextSeq 2000	PRJNA1102327	cattle
SRR33993048	45692579	172314	25-002509-001-tile	2025	USA	CATTLE	SAMN49104734	WGS	RANDOM	ILLUMINA	NextSeq 2000	PRJNA1102327	cattle
SRR33993049	108836285	365469	25-017049-001	2025	USA	CATTLE	SAMN49104733	WGS	RANDOM	ILLUMINA	NextSeq 2000	PRJNA1102327	cattle
SRR33993050	72069095	242953	25-016878-005	2025	USA	CATTLE	SAMN49104732	WGS	RANDOM	ILLUMINA	Illumina iSeq 100	PRJNA1102327	cattle
SRR33993051	71854425	242533	25-016878-003	2025	USA	CATTLE	SAMN49104731	WGS	RANDOM	ILLUMINA	Illumina iSeq 100	PRJNA1102327	cattle
SRR33993052	65353759	222233	25-016745-001	2025	USA	CATTLE	SAMN49104722	WGS	RANDOM	ILLUMINA	Illumina iSeq 100	PRJNA1102327	cattle
SRR33993053	24058580	82289	25-016741-001	2025	USA	CATTLE	SAMN49104721	WGS	RANDOM	ILLUMINA	Illumina iSeq 100	PRJNA1102327	cattle
SRR33943319	148541133	499994	25-012945-005	2025	USA	CATTLE	SAMN49008962	WGS	RANDOM	ILLUMINA	NextSeq 2000	PRJNA1102327	cattle
SRR33943320	184672211	623270	25-012945-003	2025	USA	CATTLE	SAMN49008961	WGS	RANDOM	ILLUMINA	NextSeq 2000	PRJNA1102327	cattle
SRR33943321	150788974	506954	25-016321-002	2025	USA	CATTLE	SAMN49008960	WGS	RANDOM	ILLUMINA	NextSeq 2000	PRJNA1102327	cattle
SRR33943322	164151423	552556	25-016321-001	2025	USA	CATTLE	SAMN49008959	WGS	RANDOM	ILLUMINA	NextSeq 2000	PRJNA1102327	cattle
SRR33943323	123004058	413781	25-016319-004	2025	USA	CATTLE	SAMN49008958	WGS	RANDOM	ILLUMINA	NextSeq 2000	PRJNA1102327	cattle
SRR33943324	53223296	180192	25-016740-001	2025	USA	CATTLE	SAMN49008994	WGS	RANDOM	ILLUMINA	Illumina iSeq 100	PRJNA1102327	cattle
SRR33943325	67151190	227126	25-016739-001	2025	USA	CATTLE	SAMN49008993	WGS	RANDOM	ILLUMINA	Illumina iSeq 100	PRJNA1102327	cattle
SRR33943326	120238762	404103	25-016317-005	2025	USA	CATTLE	SAMN49008957	WGS	RANDOM	ILLUMINA	NextSeq 2000	PRJNA1102327	cattle
SRR33943327	42520817	144089	25-016737-002	2025	USA	CATTLE	SAMN49008992	WGS	RANDOM	ILLUMINA	Illumina iSeq 100	PRJNA1102327	cattle
SRR33943328	56014340	189572	25-016735-001	2025	USA	CATTLE	SAMN49008991	WGS	RANDOM	ILLUMINA	Illumina iSeq 100	PRJNA1102327	cattle
SRR33943329	44529348	150599	25-016734-001	2025	USA	CATTLE	SAMN49008990	WGS	RANDOM	ILLUMINA	Illumina iSeq 100	PRJNA1102327	cattle
SRR33943330	57645088	194819	25-016733-004	2025	USA	CATTLE	SAMN49008989	WGS	RANDOM	ILLUMINA	Illumina iSeq 100	PRJNA1102327	cattle
SRR33943331	62926178	212221	25-016733-003	2025	USA	CATTLE	SAMN49008988	WGS	RANDOM	ILLUMINA	Illumina iSeq 100	PRJNA1102327	cattle
SRR33943332	15131248	51329	25-016733-002	2025	USA	CATTLE	SAMN49008987	WGS	RANDOM	ILLUMINA	Illumina iSeq 100	PRJNA1102327	cattle
SRR33943333	66978319	226456	25-016733-001	2025	USA	CATTLE	SAMN49008986	WGS	RANDOM	ILLUMINA	Illumina iSeq 100	PRJNA1102327	cattle
SRR33943334	62625269	211759	25-016732-002	2025	USA	CATTLE	SAMN49008985	WGS	RANDOM	ILLUMINA	Illumina iSeq 100	PRJNA1102327	cattle
SRR33943335	56677946	192068	25-016732-001	2025	USA	CATTLE	SAMN49008984	WGS	RANDOM	ILLUMINA	Illumina iSeq 100	PRJNA1102327	cattle
SRR33943336	34594015	118031	25-016731-001	2025	USA	CATTLE	SAMN49008983	WGS	RANDOM	ILLUMINA	Illumina iSeq 100	PRJNA1102327	cattle
SRR33943337	173646152	585062	25-016317-004	2025	USA	CATTLE	SAMN49008956	WGS	RANDOM	ILLUMINA	NextSeq 2000	PRJNA1102327	cattle
SRR33943338	24233872	82348	25-016730-001	2025	USA	CATTLE	SAMN49008982	WGS	RANDOM	ILLUMINA	Illumina iSeq 100	PRJNA1102327	cattle
SRR33943339	36303018	123584	25-016729-001	2025	USA	CATTLE	SAMN49008981	WGS	RANDOM	ILLUMINA	Illumina iSeq 100	PRJNA1102327	cattle
SRR33943340	33774389	114969	25-016727-003	2025	USA	CATTLE	SAMN49008980	WGS	RANDOM	ILLUMINA	Illumina iSeq 100	PRJNA1102327	cattle
SRR33943341	55999290	189535	25-016724-005	2025	USA	CATTLE	SAMN49008979	WGS	RANDOM	ILLUMINA	Illumina iSeq 100	PRJNA1102327	cattle
SRR33943342	43935043	148737	25-016724-004	2025	USA	CATTLE	SAMN49008978	WGS	RANDOM	ILLUMINA	Illumina iSeq 100	PRJNA1102327	cattle
SRR33943343	39554607	134603	25-016724-003	2025	USA	CATTLE	SAMN49008977	WGS	RANDOM	ILLUMINA	Illumina iSeq 100	PRJNA1102327	cattle
SRR33943344	53489189	181188	25-016724-002	2025	USA	CATTLE	SAMN49008976	WGS	RANDOM	ILLUMINA	Illumina iSeq 100	PRJNA1102327	cattle
SRR33943345	55444182	187980	25-016724-001	2025	USA	CATTLE	SAMN49008975	WGS	RANDOM	ILLUMINA	Illumina iSeq 100	PRJNA1102327	cattle
SRR33943346	140471086	472179	25-016596-001	2025	USA	CATTLE	SAMN49008974	WGS	RANDOM	ILLUMINA	NextSeq 2000	PRJNA1102327	cattle
SRR33943347	163321351	555501	25-013614-004	2025	USA	CATTLE	SAMN49008973	WGS	RANDOM	ILLUMINA	NextSeq 2000	PRJNA1102327	cattle
SRR33943348	162735700	547593	25-016317-003	2025	USA	CATTLE	SAMN49008955	WGS	RANDOM	ILLUMINA	NextSeq 2000	PRJNA1102327	cattle
SRR33943349	166655939	561440	25-013614-003	2025	USA	CATTLE	SAMN49008972	WGS	RANDOM	ILLUMINA	NextSeq 2000	PRJNA1102327	cattle
SRR33943350	165567232	556308	25-013614-002	2025	USA	CATTLE	SAMN49008971	WGS	RANDOM	ILLUMINA	NextSeq 2000	PRJNA1102327	cattle
SRR33943351	145175698	489666	25-013614-001	2025	USA	CATTLE	SAMN49008970	WGS	RANDOM	ILLUMINA	NextSeq 2000	PRJNA1102327	cattle
SRR33943352	188691727	635967	25-013598-004	2025	USA	CATTLE	SAMN49008969	WGS	RANDOM	ILLUMINA	NextSeq 2000	PRJNA1102327	cattle
SRR33943353	192973240	650406	25-013598-001	2025	USA	CATTLE	SAMN49008968	WGS	RANDOM	ILLUMINA	NextSeq 2000	PRJNA1102327	cattle
SRR33943354	211465655	714702	25-013597-002	2025	USA	CATTLE	SAMN49008967	WGS	RANDOM	ILLUMINA	NextSeq 2000	PRJNA1102327	cattle
SRR33943355	172257192	580728	25-013597-001	2025	USA	CATTLE	SAMN49008966	WGS	RANDOM	ILLUMINA	NextSeq 2000	PRJNA1102327	cattle
SRR33943356	131809485	444251	25-013594-003	2025	USA	CATTLE	SAMN49008965	WGS	RANDOM	ILLUMINA	NextSeq 2000	PRJNA1102327	cattle
SRR33943357	151715643	510906	25-013594-002	2025	USA	CATTLE	SAMN49008964	WGS	RANDOM	ILLUMINA	NextSeq 2000	PRJNA1102327	cattle
SRR33943358	145468815	489510	25-013594-001	2025	USA	CATTLE	SAMN49008963	WGS	RANDOM	ILLUMINA	NextSeq 2000	PRJNA1102327	cattle
SRR33943359	141682464	476544	25-016317-001	2025	USA	CATTLE	SAMN49008954	WGS	RANDOM	ILLUMINA	NextSeq 2000	PRJNA1102327	cattle
SRR33943360	109583296	368787	25-015080-001	2025	USA	CATTLE	SAMN49008953	WGS	RANDOM	ILLUMINA	NextSeq 2000	PRJNA1102327	cattle
SRR33830355	55990153	188720	25-016216-005	2025	USA	CATTLE	SAMN48895509	WGS	RANDOM	ILLUMINA	NextSeq 2000	PRJNA1102327	cattle
SRR33830356	66468300	224576	25-016216-004	2025	USA	CATTLE	SAMN48895508	WGS	RANDOM	ILLUMINA	NextSeq 2000	PRJNA1102327	cattle
SRR33830357	43625396	146964	25-016216-003	2025	USA	CATTLE	SAMN48895507	WGS	RANDOM	ILLUMINA	NextSeq 2000	PRJNA1102327	cattle
SRR33830358	71752435	242103	25-016216-002	2025	USA	CATTLE	SAMN48895506	WGS	RANDOM	ILLUMINA	NextSeq 2000	PRJNA1102327	cattle
SRR33830359	44659981	150435	25-016216-001	2025	USA	CATTLE	SAMN48895505	WGS	RANDOM	ILLUMINA	NextSeq 2000	PRJNA1102327	cattle
SRR33830360	53767974	181234	25-016215-002	2025	USA	CATTLE	SAMN48895504	WGS	RANDOM	ILLUMINA	NextSeq 2000	PRJNA1102327	cattle
SRR33830361	120262397	405241	25-015677-001	2025	USA	CATTLE	SAMN48895423	WGS	RANDOM	ILLUMINA	NextSeq 2000	PRJNA1102327	cattle
SRR33830362	8088162	27331	25-016215-001	2025	USA	CATTLE	SAMN48895503	WGS	RANDOM	ILLUMINA	NextSeq 2000	PRJNA1102327	cattle
SRR33830363	61741250	208151	25-016214-001	2025	USA	CATTLE	SAMN48895502	WGS	RANDOM	ILLUMINA	NextSeq 2000	PRJNA1102327	cattle
SRR33830364	49451353	166776	25-016212-002	2025	USA	CATTLE	SAMN48895501	WGS	RANDOM	ILLUMINA	NextSeq 2000	PRJNA1102327	cattle
SRR33830365	63694221	214440	25-016212-001	2025	USA	CATTLE	SAMN48895500	WGS	RANDOM	ILLUMINA	NextSeq 2000	PRJNA1102327	cattle
SRR33830366	60252715	203441	25-016210-002	2025	USA	CATTLE	SAMN48895499	WGS	RANDOM	ILLUMINA	NextSeq 2000	PRJNA1102327	cattle
SRR33830367	78567714	265631	25-016210-001	2025	USA	CATTLE	SAMN48895498	WGS	RANDOM	ILLUMINA	NextSeq 2000	PRJNA1102327	cattle
SRR33830368	51521992	173616	25-016209-001	2025	USA	CATTLE	SAMN48895497	WGS	RANDOM	ILLUMINA	NextSeq 2000	PRJNA1102327	cattle
SRR33830369	22440237	75596	25-016208-001	2025	USA	CATTLE	SAMN48895496	WGS	RANDOM	ILLUMINA	NextSeq 2000	PRJNA1102327	cattle
SRR33830370	12252275	41291	25-016207-001	2025	USA	CATTLE	SAMN48895495	WGS	RANDOM	ILLUMINA	NextSeq 2000	PRJNA1102327	cattle
SRR33830371	8009222	27135	25-016205-001	2025	USA	CATTLE	SAMN48895494	WGS	RANDOM	ILLUMINA	NextSeq 2000	PRJNA1102327	cattle
SRR33830372	117532180	395453	25-015655-001	2025	USA	CATTLE	SAMN48895422	WGS	RANDOM	ILLUMINA	NextSeq 2000	PRJNA1102327	cattle
SRR33830373	40795497	137565	25-016204-001	2025	USA	CATTLE	SAMN48895493	WGS	RANDOM	ILLUMINA	NextSeq 2000	PRJNA1102327	cattle
SRR33830374	54112702	182266	25-016202-001	2025	USA	CATTLE	SAMN48895492	WGS	RANDOM	ILLUMINA	NextSeq 2000	PRJNA1102327	cattle
SRR33830375	46338266	156121	25-016201-001	2025	USA	CATTLE	SAMN48895491	WGS	RANDOM	ILLUMINA	NextSeq 2000	PRJNA1102327	cattle
SRR33830376	67747153	228611	25-016200-002	2025	USA	CATTLE	SAMN48895490	WGS	RANDOM	ILLUMINA	NextSeq 2000	PRJNA1102327	cattle
SRR33830377	64630123	218520	25-016200-001	2025	USA	CATTLE	SAMN48895489	WGS	RANDOM	ILLUMINA	NextSeq 2000	PRJNA1102327	cattle
SRR33830378	61364101	207544	25-016199-001	2025	USA	CATTLE	SAMN48895488	WGS	RANDOM	ILLUMINA	NextSeq 2000	PRJNA1102327	cattle
SRR33830379	90867916	307084	25-016198-001	2025	USA	CATTLE	SAMN48895487	WGS	RANDOM	ILLUMINA	NextSeq 2000	PRJNA1102327	cattle
SRR33830380	37969966	127812	25-016196-002	2025	USA	CATTLE	SAMN48895486	WGS	RANDOM	ILLUMINA	NextSeq 2000	PRJNA1102327	cattle
SRR33830381	78621120	265084	25-016196-001	2025	USA	CATTLE	SAMN48895485	WGS	RANDOM	ILLUMINA	NextSeq 2000	PRJNA1102327	cattle
SRR33830382	45190654	152064	25-016187-001	2025	USA	CATTLE	SAMN48895484	WGS	RANDOM	ILLUMINA	NextSeq 2000	PRJNA1102327	cattle
SRR33830383	64284670	256471	24-038352-001-tile	2024	USA	CATTLE	SAMN48895421	WGS	RANDOM	ILLUMINA	NextSeq 2000	PRJNA1102327	cattle
SRR33830384	68168613	230668	25-010490-001-v	2025	USA	CATTLE	SAMN48895483	WGS	RANDOM	ILLUMINA	NextSeq 2000	PRJNA1102327	cattle
SRR33830385	102773773	345892	25-015748-002	2025	USA	CATTLE	SAMN48895482	WGS	RANDOM	ILLUMINA	NextSeq 2000	PRJNA1102327	cattle
SRR33830386	144657005	486120	25-015739-002	2025	USA	CATTLE	SAMN48895481	WGS	RANDOM	ILLUMINA	NextSeq 2000	PRJNA1102327	cattle
SRR33830387	126804433	426545	25-015739-001	2025	USA	CATTLE	SAMN48895480	WGS	RANDOM	ILLUMINA	NextSeq 2000	PRJNA1102327	cattle
SRR33830388	77510206	260780	25-015738-001	2025	USA	CATTLE	SAMN48895479	WGS	RANDOM	ILLUMINA	NextSeq 2000	PRJNA1102327	cattle
SRR33830389	100742087	338293	25-015736-002	2025	USA	CATTLE	SAMN48895478	WGS	RANDOM	ILLUMINA	NextSeq 2000	PRJNA1102327	cattle
SRR33830390	103426601	347924	25-015734-004	2025	USA	CATTLE	SAMN48895477	WGS	RANDOM	ILLUMINA	NextSeq 2000	PRJNA1102327	cattle
SRR33830391	159889345	542556	25-015734-002	2025	USA	CATTLE	SAMN48895476	WGS	RANDOM	ILLUMINA	NextSeq 2000	PRJNA1102327	cattle
SRR33830392	144261568	486937	25-015730-002	2025	USA	CATTLE	SAMN48895475	WGS	RANDOM	ILLUMINA	NextSeq 2000	PRJNA1102327	cattle
SRR33830393	138802798	468831	25-015724-003	2025	USA	CATTLE	SAMN48895474	WGS	RANDOM	ILLUMINA	NextSeq 2000	PRJNA1102327	cattle
SRR33830394	361871299	1268881	24-037350-001-tile	2024	USA	CATTLE	SAMN48895420	WGS	RANDOM	ILLUMINA	NextSeq 2000	PRJNA1102327	cattle
SRR33830395	122494284	414122	25-015723-002	2025	USA	CATTLE	SAMN48895473	WGS	RANDOM	ILLUMINA	NextSeq 2000	PRJNA1102327	cattle
SRR33830396	144398602	488767	25-015723-001	2025	USA	CATTLE	SAMN48895472	WGS	RANDOM	ILLUMINA	NextSeq 2000	PRJNA1102327	cattle
SRR33830397	135570333	458891	25-015713-005	2025	USA	CATTLE	SAMN48895471	WGS	RANDOM	ILLUMINA	NextSeq 2000	PRJNA1102327	cattle
SRR33830398	112049543	377698	25-015713-004	2025	USA	CATTLE	SAMN48895470	WGS	RANDOM	ILLUMINA	NextSeq 2000	PRJNA1102327	cattle
SRR33830399	131052490	441237	25-015704-001	2025	USA	CATTLE	SAMN48895469	WGS	RANDOM	ILLUMINA	NextSeq 2000	PRJNA1102327	cattle
SRR33830400	105881425	358291	25-015696-002	2025	USA	CATTLE	SAMN48895468	WGS	RANDOM	ILLUMINA	NextSeq 2000	PRJNA1102327	cattle
SRR33830401	131092024	441213	25-015696-001	2025	USA	CATTLE	SAMN48895467	WGS	RANDOM	ILLUMINA	NextSeq 2000	PRJNA1102327	cattle
SRR33830402	115897576	390549	25-015689-004	2025	USA	CATTLE	SAMN48895466	WGS	RANDOM	ILLUMINA	NextSeq 2000	PRJNA1102327	cattle
SRR33830403	112596796	379604	25-015689-003	2025	USA	CATTLE	SAMN48895465	WGS	RANDOM	ILLUMINA	NextSeq 2000	PRJNA1102327	cattle
SRR33830404	114106379	385399	25-015689-002	2025	USA	CATTLE	SAMN48895464	WGS	RANDOM	ILLUMINA	NextSeq 2000	PRJNA1102327	cattle
SRR33830405	152013595	552265	24-036764-003-tile	2024	USA	CATTLE	SAMN48895419	WGS	RANDOM	ILLUMINA	NextSeq 2000	PRJNA1102327	cattle
SRR33830406	108954549	367612	25-015689-001	2025	USA	CATTLE	SAMN48895463	WGS	RANDOM	ILLUMINA	NextSeq 2000	PRJNA1102327	cattle
SRR33830407	90936421	308064	25-015688-002	2025	USA	CATTLE	SAMN48895462	WGS	RANDOM	ILLUMINA	NextSeq 2000	PRJNA1102327	cattle
SRR33830408	93605029	314815	25-015686-009	2025	USA	CATTLE	SAMN48895461	WGS	RANDOM	ILLUMINA	NextSeq 2000	PRJNA1102327	cattle
SRR33830409	103140926	347965	25-015686-008	2025	USA	CATTLE	SAMN48895460	WGS	RANDOM	ILLUMINA	NextSeq 2000	PRJNA1102327	cattle
SRR33830410	133972186	450658	25-015686-007	2025	USA	CATTLE	SAMN48895459	WGS	RANDOM	ILLUMINA	NextSeq 2000	PRJNA1102327	cattle
SRR33830411	113121997	380416	25-015686-006	2025	USA	CATTLE	SAMN48895458	WGS	RANDOM	ILLUMINA	NextSeq 2000	PRJNA1102327	cattle
SRR33830412	106835339	360371	25-015686-005	2025	USA	CATTLE	SAMN48895457	WGS	RANDOM	ILLUMINA	NextSeq 2000	PRJNA1102327	cattle
SRR33830413	130922612	440345	25-015686-004	2025	USA	CATTLE	SAMN48895456	WGS	RANDOM	ILLUMINA	NextSeq 2000	PRJNA1102327	cattle
SRR33830414	88623218	298094	25-015686-003	2025	USA	CATTLE	SAMN48895455	WGS	RANDOM	ILLUMINA	NextSeq 2000	PRJNA1102327	cattle
SRR33830415	135518844	458476	25-015686-002	2025	USA	CATTLE	SAMN48895454	WGS	RANDOM	ILLUMINA	NextSeq 2000	PRJNA1102327	cattle
SRR33830416	171309960	621604	24-036764-002-tile	2024	USA	CATTLE	SAMN48895418	WGS	RANDOM	ILLUMINA	NextSeq 2000	PRJNA1102327	cattle
SRR33830417	118346622	398098	25-015686-001	2025	USA	CATTLE	SAMN48895453	WGS	RANDOM	ILLUMINA	NextSeq 2000	PRJNA1102327	cattle
SRR33830418	94235298	318331	25-015684-008	2025	USA	CATTLE	SAMN48895452	WGS	RANDOM	ILLUMINA	NextSeq 2000	PRJNA1102327	cattle
SRR33830419	114887314	389403	25-015684-007	2025	USA	CATTLE	SAMN48895451	WGS	RANDOM	ILLUMINA	NextSeq 2000	PRJNA1102327	cattle
SRR33830420	88279821	296997	25-015684-006	2025	USA	CATTLE	SAMN48895450	WGS	RANDOM	ILLUMINA	NextSeq 2000	PRJNA1102327	cattle
SRR33830421	102139597	344584	25-015684-005	2025	USA	CATTLE	SAMN48895449	WGS	RANDOM	ILLUMINA	NextSeq 2000	PRJNA1102327	cattle
SRR33830422	92411986	311853	25-015684-004	2025	USA	CATTLE	SAMN48895448	WGS	RANDOM	ILLUMINA	NextSeq 2000	PRJNA1102327	cattle
SRR33830423	114076224	383314	25-015684-003	2025	USA	CATTLE	SAMN48895447	WGS	RANDOM	ILLUMINA	NextSeq 2000	PRJNA1102327	cattle
SRR33830424	89398863	300614	25-015684-002	2025	USA	CATTLE	SAMN48895446	WGS	RANDOM	ILLUMINA	NextSeq 2000	PRJNA1102327	cattle
SRR33830425	86639417	291870	25-015684-001	2025	USA	CATTLE	SAMN48895445	WGS	RANDOM	ILLUMINA	NextSeq 2000	PRJNA1102327	cattle
SRR33830426	108115973	364849	25-015683-001	2025	USA	CATTLE	SAMN48895444	WGS	RANDOM	ILLUMINA	NextSeq 2000	PRJNA1102327	cattle
SRR33830427	170490133	618944	24-036419-001-tile	2024	USA	CATTLE	SAMN48895417	WGS	RANDOM	ILLUMINA	NextSeq 2000	PRJNA1102327	cattle
SRR33830428	89807879	302565	25-015682-003	2025	USA	CATTLE	SAMN48895443	WGS	RANDOM	ILLUMINA	NextSeq 2000	PRJNA1102327	cattle
SRR33830429	82542242	278511	25-015682-002	2025	USA	CATTLE	SAMN48895442	WGS	RANDOM	ILLUMINA	NextSeq 2000	PRJNA1102327	cattle
SRR33830430	74511398	250455	25-015682-001	2025	USA	CATTLE	SAMN48895441	WGS	RANDOM	ILLUMINA	NextSeq 2000	PRJNA1102327	cattle
SRR33830431	128753723	433998	25-015681-014	2025	USA	CATTLE	SAMN48895440	WGS	RANDOM	ILLUMINA	NextSeq 2000	PRJNA1102327	cattle
SRR33830432	115762163	390736	25-015681-013	2025	USA	CATTLE	SAMN48895439	WGS	RANDOM	ILLUMINA	NextSeq 2000	PRJNA1102327	cattle
SRR33830433	120423306	405585	25-015681-012	2025	USA	CATTLE	SAMN48895438	WGS	RANDOM	ILLUMINA	NextSeq 2000	PRJNA1102327	cattle
SRR33830434	131408288	442420	25-015681-011	2025	USA	CATTLE	SAMN48895437	WGS	RANDOM	ILLUMINA	NextSeq 2000	PRJNA1102327	cattle
SRR33830435	131983048	443600	25-015681-010	2025	USA	CATTLE	SAMN48895436	WGS	RANDOM	ILLUMINA	NextSeq 2000	PRJNA1102327	cattle
SRR33830436	105300686	353208	25-015681-009	2025	USA	CATTLE	SAMN48895435	WGS	RANDOM	ILLUMINA	NextSeq 2000	PRJNA1102327	cattle
SRR33830437	118597893	399200	25-015681-008	2025	USA	CATTLE	SAMN48895434	WGS	RANDOM	ILLUMINA	NextSeq 2000	PRJNA1102327	cattle
SRR33830438	139202045	506597	24-036414-001-tile	2024	USA	CATTLE	SAMN48895416	WGS	RANDOM	ILLUMINA	NextSeq 2000	PRJNA1102327	cattle
SRR33830439	97115641	326942	25-015681-007	2025	USA	CATTLE	SAMN48895433	WGS	RANDOM	ILLUMINA	NextSeq 2000	PRJNA1102327	cattle
SRR33830440	131425996	443672	25-015681-006	2025	USA	CATTLE	SAMN48895432	WGS	RANDOM	ILLUMINA	NextSeq 2000	PRJNA1102327	cattle
SRR33830441	130011687	437224	25-015681-005	2025	USA	CATTLE	SAMN48895431	WGS	RANDOM	ILLUMINA	NextSeq 2000	PRJNA1102327	cattle
SRR33830442	131678617	444702	25-015681-004	2025	USA	CATTLE	SAMN48895430	WGS	RANDOM	ILLUMINA	NextSeq 2000	PRJNA1102327	cattle
SRR33830443	100597029	339544	25-015681-003	2025	USA	CATTLE	SAMN48895429	WGS	RANDOM	ILLUMINA	NextSeq 2000	PRJNA1102327	cattle
SRR33830444	131987248	444343	25-015681-002	2025	USA	CATTLE	SAMN48895428	WGS	RANDOM	ILLUMINA	NextSeq 2000	PRJNA1102327	cattle
SRR33830445	115677479	390415	25-015681-001	2025	USA	CATTLE	SAMN48895427	WGS	RANDOM	ILLUMINA	NextSeq 2000	PRJNA1102327	cattle
SRR33830446	95232771	320037	25-015677-004	2025	USA	CATTLE	SAMN48895426	WGS	RANDOM	ILLUMINA	NextSeq 2000	PRJNA1102327	cattle
SRR33830447	106145246	357497	25-015677-003	2025	USA	CATTLE	SAMN48895425	WGS	RANDOM	ILLUMINA	NextSeq 2000	PRJNA1102327	cattle
SRR33830448	110812426	373547	25-015677-002	2025	USA	CATTLE	SAMN48895424	WGS	RANDOM	ILLUMINA	NextSeq 2000	PRJNA1102327	cattle
SRR33830449	67358891	255768	24-036379-001-tile	2024	USA	CATTLE	SAMN48895415	WGS	RANDOM	ILLUMINA	NextSeq 2000	PRJNA1102327	cattle
SRR33830450	69602732	265195	24-034788-001-tile	2024	USA	CATTLE	SAMN48895414	WGS	RANDOM	ILLUMINA	NextSeq 2000	PRJNA1102327	cattle
SRR33764527	164797992	552860	25-015129-005	2025	USA	CATTLE	SAMN48808548	WGS	RANDOM	ILLUMINA	NextSeq 2000	PRJNA1102327	cattle
SRR33764528	145880229	489754	25-015129-004	2025	USA	CATTLE	SAMN48808547	WGS	RANDOM	ILLUMINA	NextSeq 2000	PRJNA1102327	cattle
SRR33764529	188966734	635499	25-015129-003	2025	USA	CATTLE	SAMN48808546	WGS	RANDOM	ILLUMINA	NextSeq 2000	PRJNA1102327	cattle
SRR33764530	281378559	945991	25-015129-001	2025	USA	CATTLE	SAMN48808545	WGS	RANDOM	ILLUMINA	NextSeq 2000	PRJNA1102327	cattle
SRR33764531	93406077	317650	25-015059-001	2025	USA	CATTLE	SAMN48808591	WGS	RANDOM	ILLUMINA	Illumina iSeq 100	PRJNA1102327	cattle
SRR33764532	93500421	313596	25-015125-001	2025	USA	CATTLE	SAMN48808590	WGS	RANDOM	ILLUMINA	NextSeq 2000	PRJNA1102327	cattle
SRR33764533	78936905	264895	25-015124-002	2025	USA	CATTLE	SAMN48808589	WGS	RANDOM	ILLUMINA	NextSeq 2000	PRJNA1102327	cattle
SRR33764534	450534746	1516160	25-015128-004	2025	USA	CATTLE	SAMN48808544	WGS	RANDOM	ILLUMINA	NextSeq 2000	PRJNA1102327	cattle
SRR33764535	316905368	1073976	25-015124-001	2025	USA	CATTLE	SAMN48808588	WGS	RANDOM	ILLUMINA	NextSeq 2000	PRJNA1102327	cattle
SRR33764536	337431845	1136567	25-015123-002	2025	USA	CATTLE	SAMN48808587	WGS	RANDOM	ILLUMINA	NextSeq 2000	PRJNA1102327	cattle
SRR33764537	234142601	799689	25-015123-001	2025	USA	CATTLE	SAMN48808586	WGS	RANDOM	ILLUMINA	NextSeq 2000	PRJNA1102327	cattle
SRR33764538	34595449	116761	25-015122-004	2025	USA	CATTLE	SAMN48808585	WGS	RANDOM	ILLUMINA	NextSeq 2000	PRJNA1102327	cattle
SRR33764539	123743673	417996	25-015122-002	2025	USA	CATTLE	SAMN48808584	WGS	RANDOM	ILLUMINA	NextSeq 2000	PRJNA1102327	cattle
SRR33764540	341806325	1173603	25-015122-001	2025	USA	CATTLE	SAMN48808583	WGS	RANDOM	ILLUMINA	NextSeq 2000	PRJNA1102327	cattle
SRR33764541	332043518	1124113	25-015121-003	2025	USA	CATTLE	SAMN48808582	WGS	RANDOM	ILLUMINA	NextSeq 2000	PRJNA1102327	cattle
SRR33764542	282610312	959852	25-015121-002	2025	USA	CATTLE	SAMN48808581	WGS	RANDOM	ILLUMINA	NextSeq 2000	PRJNA1102327	cattle
SRR33764543	307930316	1038076	25-015121-001	2025	USA	CATTLE	SAMN48808580	WGS	RANDOM	ILLUMINA	NextSeq 2000	PRJNA1102327	cattle
SRR33764544	150897006	506960	25-015120-010	2025	USA	CATTLE	SAMN48808579	WGS	RANDOM	ILLUMINA	NextSeq 2000	PRJNA1102327	cattle
SRR33764545	281391941	945086	25-015128-003	2025	USA	CATTLE	SAMN48808543	WGS	RANDOM	ILLUMINA	NextSeq 2000	PRJNA1102327	cattle
SRR33764546	259046534	875460	25-015120-009	2025	USA	CATTLE	SAMN48808578	WGS	RANDOM	ILLUMINA	NextSeq 2000	PRJNA1102327	cattle
SRR33764547	66376134	222640	25-015120-008	2025	USA	CATTLE	SAMN48808577	WGS	RANDOM	ILLUMINA	NextSeq 2000	PRJNA1102327	cattle
SRR33764548	226073482	764553	25-015120-007	2025	USA	CATTLE	SAMN48808576	WGS	RANDOM	ILLUMINA	NextSeq 2000	PRJNA1102327	cattle
SRR33764549	63849674	214456	25-015120-006	2025	USA	CATTLE	SAMN48808575	WGS	RANDOM	ILLUMINA	NextSeq 2000	PRJNA1102327	cattle
SRR33764550	143411748	480818	25-015120-005	2025	USA	CATTLE	SAMN48808574	WGS	RANDOM	ILLUMINA	NextSeq 2000	PRJNA1102327	cattle
SRR33764551	169593590	569756	25-015120-004	2025	USA	CATTLE	SAMN48808573	WGS	RANDOM	ILLUMINA	NextSeq 2000	PRJNA1102327	cattle
SRR33764552	175355846	596146	25-015120-003	2025	USA	CATTLE	SAMN48808572	WGS	RANDOM	ILLUMINA	NextSeq 2000	PRJNA1102327	cattle
SRR33764553	311643518	1057252	25-015120-001	2025	USA	CATTLE	SAMN48808571	WGS	RANDOM	ILLUMINA	NextSeq 2000	PRJNA1102327	cattle
SRR33764554	46782875	165736	24-034841-004-tile	2024	USA	CATTLE	SAMN48808570	WGS	RANDOM	ILLUMINA	NextSeq 2000	PRJNA1102327	cattle
SRR33764555	49022611	177387	24-034841-002-tile	2024	USA	CATTLE	SAMN48808569	WGS	RANDOM	ILLUMINA	NextSeq 2000	PRJNA1102327	cattle
SRR33764556	262574595	884848	25-015128-002	2025	USA	CATTLE	SAMN48808542	WGS	RANDOM	ILLUMINA	NextSeq 2000	PRJNA1102327	cattle
SRR33764557	79644186	313751	25-015039-005	2025	USA	CATTLE	SAMN48808568	WGS	RANDOM	ILLUMINA	Illumina iSeq 100	PRJNA1102327	cattle
SRR33764558	78767385	294185	25-015039-004	2025	USA	CATTLE	SAMN48808567	WGS	RANDOM	ILLUMINA	Illumina iSeq 100	PRJNA1102327	cattle
SRR33764559	66236548	254734	25-015038-001	2025	USA	CATTLE	SAMN48808566	WGS	RANDOM	ILLUMINA	Illumina iSeq 100	PRJNA1102327	cattle
SRR33764560	53935647	213914	25-015019-002	2025	USA	CATTLE	SAMN48808565	WGS	RANDOM	ILLUMINA	Illumina iSeq 100	PRJNA1102327	cattle
SRR33764561	68828912	269138	25-015019-001	2025	USA	CATTLE	SAMN48808564	WGS	RANDOM	ILLUMINA	Illumina iSeq 100	PRJNA1102327	cattle
SRR33764562	83479807	324494	25-015004-001	2025	USA	CATTLE	SAMN48808563	WGS	RANDOM	ILLUMINA	Illumina iSeq 100	PRJNA1102327	cattle
SRR33764563	89805800	331678	25-015001-001	2025	USA	CATTLE	SAMN48808562	WGS	RANDOM	ILLUMINA	Illumina iSeq 100	PRJNA1102327	cattle
SRR33764564	315235600	1058542	25-015140-001	2025	USA	CATTLE	SAMN48808561	WGS	RANDOM	ILLUMINA	NextSeq 2000	PRJNA1102327	cattle
SRR33764565	361918904	1216309	25-015138-002	2025	USA	CATTLE	SAMN48808560	WGS	RANDOM	ILLUMINA	NextSeq 2000	PRJNA1102327	cattle
SRR33764566	260740628	875590	25-015138-001	2025	USA	CATTLE	SAMN48808559	WGS	RANDOM	ILLUMINA	NextSeq 2000	PRJNA1102327	cattle
SRR33764567	228387047	773168	25-015128-001	2025	USA	CATTLE	SAMN48808541	WGS	RANDOM	ILLUMINA	NextSeq 2000	PRJNA1102327	cattle
SRR33764568	212478665	713120	25-015136-002	2025	USA	CATTLE	SAMN48808558	WGS	RANDOM	ILLUMINA	NextSeq 2000	PRJNA1102327	cattle
SRR33764569	215549121	723299	25-015136-001	2025	USA	CATTLE	SAMN48808557	WGS	RANDOM	ILLUMINA	NextSeq 2000	PRJNA1102327	cattle
SRR33764570	232123428	781950	25-015135-001	2025	USA	CATTLE	SAMN48808556	WGS	RANDOM	ILLUMINA	NextSeq 2000	PRJNA1102327	cattle
SRR33764571	188748111	632690	25-015132-002	2025	USA	CATTLE	SAMN48808555	WGS	RANDOM	ILLUMINA	NextSeq 2000	PRJNA1102327	cattle
SRR33764572	166304713	557806	25-015132-001	2025	USA	CATTLE	SAMN48808554	WGS	RANDOM	ILLUMINA	NextSeq 2000	PRJNA1102327	cattle
SRR33764573	109874051	368698	25-015131-001	2025	USA	CATTLE	SAMN48808553	WGS	RANDOM	ILLUMINA	NextSeq 2000	PRJNA1102327	cattle
SRR33764574	218039256	734133	25-015130-002	2025	USA	CATTLE	SAMN48808552	WGS	RANDOM	ILLUMINA	NextSeq 2000	PRJNA1102327	cattle
SRR33764575	196185183	660650	25-015130-001	2025	USA	CATTLE	SAMN48808551	WGS	RANDOM	ILLUMINA	NextSeq 2000	PRJNA1102327	cattle
SRR33764576	162307305	544709	25-015129-007	2025	USA	CATTLE	SAMN48808550	WGS	RANDOM	ILLUMINA	NextSeq 2000	PRJNA1102327	cattle
SRR33764577	155050007	519993	25-015129-006	2025	USA	CATTLE	SAMN48808549	WGS	RANDOM	ILLUMINA	NextSeq 2000	PRJNA1102327	cattle
SRR33764578	184590427	620627	25-015126-002	2025	USA	CATTLE	SAMN48808540	WGS	RANDOM	ILLUMINA	NextSeq 2000	PRJNA1102327	cattle
SRR33764579	188171652	633891	25-015126-001	2025	USA	CATTLE	SAMN48808539	WGS	RANDOM	ILLUMINA	NextSeq 2000	PRJNA1102327	cattle
SRR33681751	140327915	501477	24-028764-001-tile	2024	USA	CATTLE	SAMN48710855	WGS	RANDOM	ILLUMINA	NextSeq 2000	PRJNA1102327	cattle
SRR33681752	83824664	308658	24-027659-001-tile	2024	USA	CATTLE	SAMN48710854	WGS	RANDOM	ILLUMINA	NextSeq 2000	PRJNA1102327	cattle
SRR33681753	120042243	429848	24-027500-001-tile	2024	USA	CATTLE	SAMN48710853	WGS	RANDOM	ILLUMINA	NextSeq 2000	PRJNA1102327	cattle
SRR33681754	101528361	342910	25-014358-001	2025	USA	CATTLE	SAMN48710915	WGS	RANDOM	ILLUMINA	NextSeq 2000	PRJNA1102327	cattle
SRR33681755	112533314	380620	25-014357-002	2025	USA	CATTLE	SAMN48710914	WGS	RANDOM	ILLUMINA	NextSeq 2000	PRJNA1102327	cattle
SRR33681756	90208994	304376	25-014357-001	2025	USA	CATTLE	SAMN48710913	WGS	RANDOM	ILLUMINA	NextSeq 2000	PRJNA1102327	cattle
SRR33681757	97884682	331650	25-014356-001	2025	USA	CATTLE	SAMN48710912	WGS	RANDOM	ILLUMINA	NextSeq 2000	PRJNA1102327	cattle
SRR33681758	96841490	328349	25-014352-003	2025	USA	CATTLE	SAMN48710911	WGS	RANDOM	ILLUMINA	NextSeq 2000	PRJNA1102327	cattle
SRR33681759	99947828	338525	25-014352-001	2025	USA	CATTLE	SAMN48710910	WGS	RANDOM	ILLUMINA	NextSeq 2000	PRJNA1102327	cattle
SRR33681760	97222579	328204	25-014351-003	2025	USA	CATTLE	SAMN48710909	WGS	RANDOM	ILLUMINA	NextSeq 2000	PRJNA1102327	cattle
SRR33681761	124211673	420234	25-014351-002	2025	USA	CATTLE	SAMN48710908	WGS	RANDOM	ILLUMINA	NextSeq 2000	PRJNA1102327	cattle
SRR33681762	126177560	426355	25-014351-001	2025	USA	CATTLE	SAMN48710907	WGS	RANDOM	ILLUMINA	NextSeq 2000	PRJNA1102327	cattle
SRR33681763	87166826	294775	25-014349-001	2025	USA	CATTLE	SAMN48710906	WGS	RANDOM	ILLUMINA	NextSeq 2000	PRJNA1102327	cattle
SRR33681764	106163401	382176	24-027498-001-tile	2024	USA	CATTLE	SAMN48710852	WGS	RANDOM	ILLUMINA	NextSeq 2000	PRJNA1102327	cattle
SRR33681765	122271492	414826	25-014348-002	2025	USA	CATTLE	SAMN48710905	WGS	RANDOM	ILLUMINA	NextSeq 2000	PRJNA1102327	cattle
SRR33681766	105163143	356725	25-014348-001	2025	USA	CATTLE	SAMN48710904	WGS	RANDOM	ILLUMINA	NextSeq 2000	PRJNA1102327	cattle
SRR33681767	92258740	312976	25-014346-003	2025	USA	CATTLE	SAMN48710903	WGS	RANDOM	ILLUMINA	NextSeq 2000	PRJNA1102327	cattle
SRR33681768	95681838	323277	25-014346-002	2025	USA	CATTLE	SAMN48710902	WGS	RANDOM	ILLUMINA	NextSeq 2000	PRJNA1102327	cattle
SRR33681769	120270354	407811	25-014346-001	2025	USA	CATTLE	SAMN48710901	WGS	RANDOM	ILLUMINA	NextSeq 2000	PRJNA1102327	cattle
SRR33681770	113618958	383852	25-014343-002	2025	USA	CATTLE	SAMN48710900	WGS	RANDOM	ILLUMINA	NextSeq 2000	PRJNA1102327	cattle
SRR33681771	145132476	490985	25-014343-001	2025	USA	CATTLE	SAMN48710899	WGS	RANDOM	ILLUMINA	NextSeq 2000	PRJNA1102327	cattle
SRR33681772	79326374	270056	25-014342-003	2025	USA	CATTLE	SAMN48710898	WGS	RANDOM	ILLUMINA	NextSeq 2000	PRJNA1102327	cattle
SRR33681773	88798336	299359	25-014342-001	2025	USA	CATTLE	SAMN48710897	WGS	RANDOM	ILLUMINA	NextSeq 2000	PRJNA1102327	cattle
SRR33681774	108315090	366801	25-014341-001	2025	USA	CATTLE	SAMN48710896	WGS	RANDOM	ILLUMINA	NextSeq 2000	PRJNA1102327	cattle
SRR33681775	65974131	242343	24-027469-003-tile	2024	USA	CATTLE	SAMN48710851	WGS	RANDOM	ILLUMINA	NextSeq 2000	PRJNA1102327	cattle
SRR33681776	104659286	352091	25-014340-002	2025	USA	CATTLE	SAMN48710895	WGS	RANDOM	ILLUMINA	NextSeq 2000	PRJNA1102327	cattle
SRR33681777	87116528	293747	25-014340-001	2025	USA	CATTLE	SAMN48710894	WGS	RANDOM	ILLUMINA	NextSeq 2000	PRJNA1102327	cattle
SRR33681778	93226683	316473	25-014339-002	2025	USA	CATTLE	SAMN48710893	WGS	RANDOM	ILLUMINA	NextSeq 2000	PRJNA1102327	cattle
SRR33681779	124644753	423278	25-014339-001	2025	USA	CATTLE	SAMN48710892	WGS	RANDOM	ILLUMINA	NextSeq 2000	PRJNA1102327	cattle
SRR33681780	129576604	439451	25-014338-001	2025	USA	CATTLE	SAMN48710891	WGS	RANDOM	ILLUMINA	NextSeq 2000	PRJNA1102327	cattle
SRR33681781	129283607	436007	25-014337-002	2025	USA	CATTLE	SAMN48710890	WGS	RANDOM	ILLUMINA	NextSeq 2000	PRJNA1102327	cattle
SRR33681782	137457110	466494	25-014337-001	2025	USA	CATTLE	SAMN48710889	WGS	RANDOM	ILLUMINA	NextSeq 2000	PRJNA1102327	cattle
SRR33681783	129515258	439808	25-014327-005	2025	USA	CATTLE	SAMN48710888	WGS	RANDOM	ILLUMINA	NextSeq 2000	PRJNA1102327	cattle
SRR33681784	132835019	448075	25-014327-004	2025	USA	CATTLE	SAMN48710887	WGS	RANDOM	ILLUMINA	NextSeq 2000	PRJNA1102327	cattle
SRR33681785	99635218	337513	25-014327-003	2025	USA	CATTLE	SAMN48710886	WGS	RANDOM	ILLUMINA	NextSeq 2000	PRJNA1102327	cattle
SRR33681786	157352395	561960	24-027469-002-tile	2024	USA	CATTLE	SAMN48710850	WGS	RANDOM	ILLUMINA	NextSeq 2000	PRJNA1102327	cattle
SRR33681787	76744330	259770	25-014327-002	2025	USA	CATTLE	SAMN48710885	WGS	RANDOM	ILLUMINA	NextSeq 2000	PRJNA1102327	cattle
SRR33681788	78688578	266040	25-014327-001	2025	USA	CATTLE	SAMN48710884	WGS	RANDOM	ILLUMINA	NextSeq 2000	PRJNA1102327	cattle
SRR33681789	77047655	261781	25-014319-001	2025	USA	CATTLE	SAMN48710883	WGS	RANDOM	ILLUMINA	NextSeq 2000	PRJNA1102327	cattle
SRR33681790	132118209	449514	25-014317-003	2025	USA	CATTLE	SAMN48710882	WGS	RANDOM	ILLUMINA	NextSeq 2000	PRJNA1102327	cattle
SRR33681791	138725328	470467	25-014317-002	2025	USA	CATTLE	SAMN48710881	WGS	RANDOM	ILLUMINA	NextSeq 2000	PRJNA1102327	cattle
SRR33681792	92643771	315633	25-014317-001	2025	USA	CATTLE	SAMN48710880	WGS	RANDOM	ILLUMINA	NextSeq 2000	PRJNA1102327	cattle
SRR33681793	125327851	425912	25-014314-004	2025	USA	CATTLE	SAMN48710879	WGS	RANDOM	ILLUMINA	NextSeq 2000	PRJNA1102327	cattle
SRR33681794	105462947	356993	25-014314-003	2025	USA	CATTLE	SAMN48710878	WGS	RANDOM	ILLUMINA	NextSeq 2000	PRJNA1102327	cattle
SRR33681795	120168880	407898	25-014314-002	2025	USA	CATTLE	SAMN48710877	WGS	RANDOM	ILLUMINA	NextSeq 2000	PRJNA1102327	cattle
SRR33681796	91040312	308454	25-014314-001	2025	USA	CATTLE	SAMN48710876	WGS	RANDOM	ILLUMINA	NextSeq 2000	PRJNA1102327	cattle
SRR33681797	162720529	588044	24-020174-002-tile	2024	USA	CATTLE	SAMN48710849	WGS	RANDOM	ILLUMINA	NextSeq 2000	PRJNA1102327	cattle
SRR33681798	97551477	328936	25-014311-002	2025	USA	CATTLE	SAMN48710875	WGS	RANDOM	ILLUMINA	NextSeq 2000	PRJNA1102327	cattle
SRR33681799	60336447	203195	25-014311-001	2025	USA	CATTLE	SAMN48710874	WGS	RANDOM	ILLUMINA	NextSeq 2000	PRJNA1102327	cattle
SRR33681800	92574919	335056	24-033823-001-tile	2024	USA	CATTLE	SAMN48710873	WGS	RANDOM	ILLUMINA	NextSeq 2000	PRJNA1102327	cattle
SRR33681801	122296426	435879	24-031492-001-tile	2024	USA	CATTLE	SAMN48710872	WGS	RANDOM	ILLUMINA	NextSeq 2000	PRJNA1102327	cattle
SRR33681802	103905856	381450	24-031328-001-tile	2024	USA	CATTLE	SAMN48710871	WGS	RANDOM	ILLUMINA	NextSeq 2000	PRJNA1102327	cattle
SRR33681803	101053027	369536	24-031324-001-tile	2024	USA	CATTLE	SAMN48710870	WGS	RANDOM	ILLUMINA	NextSeq 2000	PRJNA1102327	cattle
SRR33681804	41550188	157372	24-031315-001-tile	2024	USA	CATTLE	SAMN48710869	WGS	RANDOM	ILLUMINA	NextSeq 2000	PRJNA1102327	cattle
SRR33681805	109661088	399926	24-031159-001-tile	2024	USA	CATTLE	SAMN48710868	WGS	RANDOM	ILLUMINA	NextSeq 2000	PRJNA1102327	cattle
SRR33681806	152443280	544306	24-031153-001-tile	2024	USA	CATTLE	SAMN48710867	WGS	RANDOM	ILLUMINA	NextSeq 2000	PRJNA1102327	cattle
SRR33681807	136921948	491316	24-031088-001-tile	2024	USA	CATTLE	SAMN48710866	WGS	RANDOM	ILLUMINA	NextSeq 2000	PRJNA1102327	cattle
SRR33681808	55477744	191467	25-014289-002	2025	USA	CATTLE	SAMN48710848	WGS	RANDOM	ILLUMINA	Illumina iSeq 100	PRJNA1102327	cattle
SRR33681809	83094542	297246	24-030164-001-tile	2024	USA	CATTLE	SAMN48710865	WGS	RANDOM	ILLUMINA	NextSeq 2000	PRJNA1102327	cattle
SRR33681810	148626845	543150	24-029953-001-tile	2024	USA	CATTLE	SAMN48710864	WGS	RANDOM	ILLUMINA	NextSeq 2000	PRJNA1102327	cattle
SRR33681811	126350018	466548	24-029380-002-tile	2024	USA	CATTLE	SAMN48710863	WGS	RANDOM	ILLUMINA	NextSeq 2000	PRJNA1102327	cattle
SRR33681812	45022871	165883	24-029171-001-tile	2024	USA	CATTLE	SAMN48710862	WGS	RANDOM	ILLUMINA	NextSeq 2000	PRJNA1102327	cattle
SRR33681813	111365411	397780	24-028985-001-tile	2024	USA	CATTLE	SAMN48710861	WGS	RANDOM	ILLUMINA	NextSeq 2000	PRJNA1102327	cattle
SRR33681814	131333701	470991	24-028981-001-tile	2024	USA	CATTLE	SAMN48710860	WGS	RANDOM	ILLUMINA	NextSeq 2000	PRJNA1102327	cattle
SRR33681815	120538373	429084	24-028980-001-tile	2024	USA	CATTLE	SAMN48710859	WGS	RANDOM	ILLUMINA	NextSeq 2000	PRJNA1102327	cattle
SRR33681816	125337656	450250	24-028768-001-tile	2024	USA	CATTLE	SAMN48710858	WGS	RANDOM	ILLUMINA	NextSeq 2000	PRJNA1102327	cattle
SRR33681817	137816251	496322	24-028767-001-tile	2024	USA	CATTLE	SAMN48710857	WGS	RANDOM	ILLUMINA	NextSeq 2000	PRJNA1102327	cattle
SRR33681818	91515242	327756	24-028765-001-tile	2024	USA	CATTLE	SAMN48710856	WGS	RANDOM	ILLUMINA	NextSeq 2000	PRJNA1102327	cattle
SRR33681819	62761725	215205	25-013556-003	2025	USA	CATTLE	SAMN48710847	WGS	RANDOM	ILLUMINA	NextSeq 2000	PRJNA1102327	cattle
SRR33681820	55588820	191759	25-013556-001	2025	USA	CATTLE	SAMN48710846	WGS	RANDOM	ILLUMINA	NextSeq 2000	PRJNA1102327	cattle
SRR33565399	74080540	253599	25-013627-001	2025	USA	CATTLE	SAMN48491496	WGS	RANDOM	ILLUMINA	NextSeq 2000	PRJNA1102327	cattle
SRR33565400	87588794	298260	25-013625-001	2025	USA	CATTLE	SAMN48491495	WGS	RANDOM	ILLUMINA	NextSeq 2000	PRJNA1102327	cattle
SRR33565401	57712864	197699	25-013623-002	2025	USA	CATTLE	SAMN48491494	WGS	RANDOM	ILLUMINA	NextSeq 2000	PRJNA1102327	cattle
SRR33565402	67858703	229245	25-013623-001	2025	USA	CATTLE	SAMN48491493	WGS	RANDOM	ILLUMINA	NextSeq 2000	PRJNA1102327	cattle
SRR33565403	58731236	198272	25-013621-005	2025	USA	CATTLE	SAMN48491492	WGS	RANDOM	ILLUMINA	NextSeq 2000	PRJNA1102327	cattle
SRR33565404	67774206	229393	25-013621-004	2025	USA	CATTLE	SAMN48491491	WGS	RANDOM	ILLUMINA	NextSeq 2000	PRJNA1102327	cattle
SRR33565405	67152836	225736	25-013621-003	2025	USA	CATTLE	SAMN48491490	WGS	RANDOM	ILLUMINA	NextSeq 2000	PRJNA1102327	cattle
SRR33565406	235525258	904560	24-016686-014-tile	2024	USA	CATTLE	SAMN48491436	WGS	RANDOM	ILLUMINA	NextSeq 2000	PRJNA1102327	cattle
SRR33565407	57113485	193400	25-013621-002	2025	USA	CATTLE	SAMN48491489	WGS	RANDOM	ILLUMINA	NextSeq 2000	PRJNA1102327	cattle
SRR33565408	66773607	226718	25-013621-001	2025	USA	CATTLE	SAMN48491488	WGS	RANDOM	ILLUMINA	NextSeq 2000	PRJNA1102327	cattle
SRR33565409	87012316	295946	25-013620-005	2025	USA	CATTLE	SAMN48491487	WGS	RANDOM	ILLUMINA	NextSeq 2000	PRJNA1102327	cattle
SRR33565410	80046960	273015	25-013620-003	2025	USA	CATTLE	SAMN48491486	WGS	RANDOM	ILLUMINA	NextSeq 2000	PRJNA1102327	cattle
SRR33565411	76691380	262537	25-013620-002	2025	USA	CATTLE	SAMN48491485	WGS	RANDOM	ILLUMINA	NextSeq 2000	PRJNA1102327	cattle
SRR33565412	62645259	214342	25-013620-001	2025	USA	CATTLE	SAMN48491484	WGS	RANDOM	ILLUMINA	NextSeq 2000	PRJNA1102327	cattle
SRR33565413	69936003	239284	25-013619-002	2025	USA	CATTLE	SAMN48491483	WGS	RANDOM	ILLUMINA	NextSeq 2000	PRJNA1102327	cattle
SRR33565414	78671807	266472	25-013618-006	2025	USA	CATTLE	SAMN48491482	WGS	RANDOM	ILLUMINA	NextSeq 2000	PRJNA1102327	cattle
SRR33565415	90045748	302522	25-013618-005	2025	USA	CATTLE	SAMN48491481	WGS	RANDOM	ILLUMINA	NextSeq 2000	PRJNA1102327	cattle
SRR33565416	76826446	259101	25-013618-004	2025	USA	CATTLE	SAMN48491480	WGS	RANDOM	ILLUMINA	NextSeq 2000	PRJNA1102327	cattle
SRR33565417	38171094	167257	24-016686-013-tile	2024	USA	CATTLE	SAMN48491435	WGS	RANDOM	ILLUMINA	NextSeq 2000	PRJNA1102327	cattle
SRR33565418	81159099	275284	25-013618-003	2025	USA	CATTLE	SAMN48491479	WGS	RANDOM	ILLUMINA	NextSeq 2000	PRJNA1102327	cattle
SRR33565419	63858384	215986	25-013618-002	2025	USA	CATTLE	SAMN48491478	WGS	RANDOM	ILLUMINA	NextSeq 2000	PRJNA1102327	cattle
SRR33565420	75648055	256767	25-013618-001	2025	USA	CATTLE	SAMN48491477	WGS	RANDOM	ILLUMINA	NextSeq 2000	PRJNA1102327	cattle
SRR33565421	69018873	232718	25-013617-010	2025	USA	CATTLE	SAMN48491476	WGS	RANDOM	ILLUMINA	NextSeq 2000	PRJNA1102327	cattle
SRR33565422	78396942	268856	25-013617-009	2025	USA	CATTLE	SAMN48491475	WGS	RANDOM	ILLUMINA	NextSeq 2000	PRJNA1102327	cattle
SRR33565423	84187133	287639	25-013617-008	2025	USA	CATTLE	SAMN48491474	WGS	RANDOM	ILLUMINA	NextSeq 2000	PRJNA1102327	cattle
SRR33565424	74663149	255610	25-013617-007	2025	USA	CATTLE	SAMN48491473	WGS	RANDOM	ILLUMINA	NextSeq 2000	PRJNA1102327	cattle
SRR33565425	85552432	293335	25-013617-006	2025	USA	CATTLE	SAMN48491472	WGS	RANDOM	ILLUMINA	NextSeq 2000	PRJNA1102327	cattle
SRR33565426	72084012	251704	25-013617-005	2025	USA	CATTLE	SAMN48491471	WGS	RANDOM	ILLUMINA	NextSeq 2000	PRJNA1102327	cattle
SRR33565427	73037441	246334	25-013617-004	2025	USA	CATTLE	SAMN48491470	WGS	RANDOM	ILLUMINA	NextSeq 2000	PRJNA1102327	cattle
SRR33565428	87926285	335453	24-016686-011-tile	2024	USA	CATTLE	SAMN48491434	WGS	RANDOM	ILLUMINA	NextSeq 2000	PRJNA1102327	cattle
SRR33565429	68868509	231772	25-013617-003	2025	USA	CATTLE	SAMN48491469	WGS	RANDOM	ILLUMINA	NextSeq 2000	PRJNA1102327	cattle
SRR33565430	83682124	283583	25-013617-002	2025	USA	CATTLE	SAMN48491468	WGS	RANDOM	ILLUMINA	NextSeq 2000	PRJNA1102327	cattle
SRR33565431	79085843	267089	25-013617-001	2025	USA	CATTLE	SAMN48491467	WGS	RANDOM	ILLUMINA	NextSeq 2000	PRJNA1102327	cattle
SRR33565432	56372203	188549	25-013615-004	2025	USA	CATTLE	SAMN48491466	WGS	RANDOM	ILLUMINA	NextSeq 2000	PRJNA1102327	cattle
SRR33565433	34915930	117195	25-013613-001	2025	USA	CATTLE	SAMN48491465	WGS	RANDOM	ILLUMINA	NextSeq 2000	PRJNA1102327	cattle
SRR33565434	52244247	175196	25-013605-002	2025	USA	CATTLE	SAMN48491464	WGS	RANDOM	ILLUMINA	NextSeq 2000	PRJNA1102327	cattle
SRR33565435	52229257	175330	25-013483-001	2025	USA	CATTLE	SAMN48491463	WGS	RANDOM	ILLUMINA	NextSeq 2000	PRJNA1102327	cattle
SRR33565436	66375878	222185	25-013477-006	2025	USA	CATTLE	SAMN48491462	WGS	RANDOM	ILLUMINA	NextSeq 2000	PRJNA1102327	cattle
SRR33565437	48367224	162072	25-013477-005	2025	USA	CATTLE	SAMN48491461	WGS	RANDOM	ILLUMINA	NextSeq 2000	PRJNA1102327	cattle
SRR33565438	44043429	147514	25-013477-002	2025	USA	CATTLE	SAMN48491460	WGS	RANDOM	ILLUMINA	NextSeq 2000	PRJNA1102327	cattle
SRR33565439	246585117	923967	24-016686-010-tile	2024	USA	CATTLE	SAMN48491433	WGS	RANDOM	ILLUMINA	NextSeq 2000	PRJNA1102327	cattle
SRR33565440	45667092	153126	25-013477-001	2025	USA	CATTLE	SAMN48491459	WGS	RANDOM	ILLUMINA	NextSeq 2000	PRJNA1102327	cattle
SRR33565441	41734800	139808	25-013476-003	2025	USA	CATTLE	SAMN48491458	WGS	RANDOM	ILLUMINA	NextSeq 2000	PRJNA1102327	cattle
SRR33565442	53579669	179461	25-013476-002	2025	USA	CATTLE	SAMN48491457	WGS	RANDOM	ILLUMINA	NextSeq 2000	PRJNA1102327	cattle
SRR33565443	56183643	188376	25-013473-005	2025	USA	CATTLE	SAMN48491456	WGS	RANDOM	ILLUMINA	NextSeq 2000	PRJNA1102327	cattle
SRR33565444	68373949	229765	25-013473-004	2025	USA	CATTLE	SAMN48491455	WGS	RANDOM	ILLUMINA	NextSeq 2000	PRJNA1102327	cattle
SRR33565445	54049764	181326	25-013473-003	2025	USA	CATTLE	SAMN48491454	WGS	RANDOM	ILLUMINA	NextSeq 2000	PRJNA1102327	cattle
SRR33565446	59994063	201199	25-013473-002	2025	USA	CATTLE	SAMN48491453	WGS	RANDOM	ILLUMINA	NextSeq 2000	PRJNA1102327	cattle
SRR33565447	62053324	208207	25-013473-001	2025	USA	CATTLE	SAMN48491452	WGS	RANDOM	ILLUMINA	NextSeq 2000	PRJNA1102327	cattle
SRR33565448	65162582	218473	25-013469-001	2025	USA	CATTLE	SAMN48491451	WGS	RANDOM	ILLUMINA	NextSeq 2000	PRJNA1102327	cattle
SRR33565449	177977059	669379	24-028773-001-tile	2024	USA	CATTLE	SAMN48491450	WGS	RANDOM	ILLUMINA	NextSeq 2000	PRJNA1102327	cattle
SRR33565450	217305324	844480	24-016686-008-tile	2024	USA	CATTLE	SAMN48491432	WGS	RANDOM	ILLUMINA	NextSeq 2000	PRJNA1102327	cattle
SRR33565451	127577960	491288	24-028760-003-tile	2024	USA	CATTLE	SAMN48491449	WGS	RANDOM	ILLUMINA	NextSeq 2000	PRJNA1102327	cattle
SRR33565452	222979540	846654	24-028760-002-tile	2024	USA	CATTLE	SAMN48491448	WGS	RANDOM	ILLUMINA	NextSeq 2000	PRJNA1102327	cattle
SRR33565453	508411100	1888822	24-028760-001-tile	2024	USA	CATTLE	SAMN48491447	WGS	RANDOM	ILLUMINA	NextSeq 2000	PRJNA1102327	cattle
SRR33565454	87796111	346372	24-020928-002-tile	2024	USA	CATTLE	SAMN48491446	WGS	RANDOM	ILLUMINA	NextSeq 2000	PRJNA1102327	cattle
SRR33565455	110399108	474321	24-020928-001-tile	2024	USA	CATTLE	SAMN48491445	WGS	RANDOM	ILLUMINA	NextSeq 2000	PRJNA1102327	cattle
SRR33565456	195634138	804438	24-020799-004-tile	2024	USA	CATTLE	SAMN48491444	WGS	RANDOM	ILLUMINA	NextSeq 2000	PRJNA1102327	cattle
SRR33565457	299563979	1183348	24-020799-003-tile	2024	USA	CATTLE	SAMN48491443	WGS	RANDOM	ILLUMINA	NextSeq 2000	PRJNA1102327	cattle
SRR33565458	187239143	746461	24-020799-001-tile	2024	USA	CATTLE	SAMN48491442	WGS	RANDOM	ILLUMINA	NextSeq 2000	PRJNA1102327	cattle
SRR33565459	445715649	1729661	24-019380-002-tile	2024	USA	CATTLE	SAMN48491441	WGS	RANDOM	ILLUMINA	NextSeq 2000	PRJNA1102327	cattle
SRR33565460	145913175	563027	24-019380-001-tile	2024	USA	CATTLE	SAMN48491440	WGS	RANDOM	ILLUMINA	NextSeq 2000	PRJNA1102327	cattle
SRR33565461	139892220	582324	24-016686-007-tile	2024	USA	CATTLE	SAMN48491431	WGS	RANDOM	ILLUMINA	NextSeq 2000	PRJNA1102327	cattle
SRR33565462	271270140	1015040	24-016686-006-tile	2024	USA	CATTLE	SAMN48491430	WGS	RANDOM	ILLUMINA	NextSeq 2000	PRJNA1102327	cattle
SRR33565463	95604165	322472	25-014289-003	2025	USA	CATTLE	SAMN48491522	WGS	RANDOM	ILLUMINA	Illumina iSeq 100	PRJNA1102327	cattle
SRR33565464	74619224	251578	25-014289-001	2025	USA	CATTLE	SAMN48491521	WGS	RANDOM	ILLUMINA	Illumina iSeq 100	PRJNA1102327	cattle
SRR33565465	83072161	280273	25-014288-001	2025	USA	CATTLE	SAMN48491520	WGS	RANDOM	ILLUMINA	Illumina iSeq 100	PRJNA1102327	cattle
SRR33565466	405706339	1479166	24-019372-001-tile	2024	USA	CATTLE	SAMN48491439	WGS	RANDOM	ILLUMINA	NextSeq 2000	PRJNA1102327	cattle
SRR33565467	60053825	203286	25-014287-004	2025	USA	CATTLE	SAMN48491519	WGS	RANDOM	ILLUMINA	Illumina iSeq 100	PRJNA1102327	cattle
SRR33565468	46684985	157878	25-014287-001	2025	USA	CATTLE	SAMN48491518	WGS	RANDOM	ILLUMINA	Illumina iSeq 100	PRJNA1102327	cattle
SRR33565469	76575327	257990	25-014286-002	2025	USA	CATTLE	SAMN48491517	WGS	RANDOM	ILLUMINA	Illumina iSeq 100	PRJNA1102327	cattle
SRR33565470	66684942	227766	25-013636-004	2025	USA	CATTLE	SAMN48491516	WGS	RANDOM	ILLUMINA	NextSeq 2000	PRJNA1102327	cattle
SRR33565471	58925958	200049	25-013636-002	2025	USA	CATTLE	SAMN48491515	WGS	RANDOM	ILLUMINA	NextSeq 2000	PRJNA1102327	cattle
SRR33565472	78417016	267224	25-013635-002	2025	USA	CATTLE	SAMN48491514	WGS	RANDOM	ILLUMINA	NextSeq 2000	PRJNA1102327	cattle
SRR33565473	70706777	237431	25-013635-001	2025	USA	CATTLE	SAMN48491513	WGS	RANDOM	ILLUMINA	NextSeq 2000	PRJNA1102327	cattle
SRR33565474	80814570	271925	25-013634-004	2025	USA	CATTLE	SAMN48491512	WGS	RANDOM	ILLUMINA	NextSeq 2000	PRJNA1102327	cattle
SRR33565475	88210077	296749	25-013634-002	2025	USA	CATTLE	SAMN48491511	WGS	RANDOM	ILLUMINA	NextSeq 2000	PRJNA1102327	cattle
SRR33565476	77602415	261913	25-013634-001	2025	USA	CATTLE	SAMN48491510	WGS	RANDOM	ILLUMINA	NextSeq 2000	PRJNA1102327	cattle
SRR33565477	140470599	554439	24-019047-001-tile	2024	USA	CATTLE	SAMN48491438	WGS	RANDOM	ILLUMINA	NextSeq 2000	PRJNA1102327	cattle
SRR33565478	72169427	243321	25-013633-002	2025	USA	CATTLE	SAMN48491509	WGS	RANDOM	ILLUMINA	NextSeq 2000	PRJNA1102327	cattle
SRR33565479	77077901	260951	25-013633-001	2025	USA	CATTLE	SAMN48491508	WGS	RANDOM	ILLUMINA	NextSeq 2000	PRJNA1102327	cattle
SRR33565480	84729413	285887	25-013631-005	2025	USA	CATTLE	SAMN48491507	WGS	RANDOM	ILLUMINA	NextSeq 2000	PRJNA1102327	cattle
SRR33565481	80736972	272646	25-013631-004	2025	USA	CATTLE	SAMN48491506	WGS	RANDOM	ILLUMINA	NextSeq 2000	PRJNA1102327	cattle
SRR33565482	55301990	189386	25-013631-002	2025	USA	CATTLE	SAMN48491505	WGS	RANDOM	ILLUMINA	NextSeq 2000	PRJNA1102327	cattle
SRR33565483	81888791	279373	25-013631-001	2025	USA	CATTLE	SAMN48491504	WGS	RANDOM	ILLUMINA	NextSeq 2000	PRJNA1102327	cattle
SRR33565484	63663431	213698	25-013630-001	2025	USA	CATTLE	SAMN48491503	WGS	RANDOM	ILLUMINA	NextSeq 2000	PRJNA1102327	cattle
SRR33565485	85242822	286757	25-013629-002	2025	USA	CATTLE	SAMN48491502	WGS	RANDOM	ILLUMINA	NextSeq 2000	PRJNA1102327	cattle
SRR33565486	76031333	255605	25-013629-001	2025	USA	CATTLE	SAMN48491501	WGS	RANDOM	ILLUMINA	NextSeq 2000	PRJNA1102327	cattle
SRR33565487	71878475	242521	25-013628-001	2025	USA	CATTLE	SAMN48491500	WGS	RANDOM	ILLUMINA	NextSeq 2000	PRJNA1102327	cattle
SRR33565488	374922298	1379479	24-016686-017-tile	2024	USA	CATTLE	SAMN48491437	WGS	RANDOM	ILLUMINA	NextSeq 2000	PRJNA1102327	cattle
SRR33565489	58438942	196991	25-013627-005	2025	USA	CATTLE	SAMN48491499	WGS	RANDOM	ILLUMINA	NextSeq 2000	PRJNA1102327	cattle
SRR33565490	73125034	246928	25-013627-004	2025	USA	CATTLE	SAMN48491498	WGS	RANDOM	ILLUMINA	NextSeq 2000	PRJNA1102327	cattle
SRR33565491	74601613	254065	25-013627-002	2025	USA	CATTLE	SAMN48491497	WGS	RANDOM	ILLUMINA	NextSeq 2000	PRJNA1102327	cattle
SRR33508205	124086403	418649	25-010524-003	2025	USA	CATTLE	SAMN48412005	WGS	RANDOM	ILLUMINA	NextSeq 2000	PRJNA1102327	cattle
SRR33508206	96468748	324346	25-010524-002	2025	USA	CATTLE	SAMN48412004	WGS	RANDOM	ILLUMINA	NextSeq 2000	PRJNA1102327	cattle
SRR33508207	106196564	356913	25-010524-001	2025	USA	CATTLE	SAMN48412003	WGS	RANDOM	ILLUMINA	NextSeq 2000	PRJNA1102327	cattle
SRR33508208	111383891	376080	25-010523-001	2025	USA	CATTLE	SAMN48412002	WGS	RANDOM	ILLUMINA	NextSeq 2000	PRJNA1102327	cattle
SRR33508209	87558283	293943	25-010521-001	2025	USA	CATTLE	SAMN48412001	WGS	RANDOM	ILLUMINA	NextSeq 2000	PRJNA1102327	cattle
SRR33508210	106414377	357958	25-010517-005	2025	USA	CATTLE	SAMN48412000	WGS	RANDOM	ILLUMINA	NextSeq 2000	PRJNA1102327	cattle
SRR33508213	70540080	236366	25-010642-007	2025	USA	CATTLE	SAMN48412027	WGS	RANDOM	ILLUMINA	NextSeq 2000	PRJNA1102327	cattle
SRR33508214	76207741	255480	25-010642-006	2025	USA	CATTLE	SAMN48412026	WGS	RANDOM	ILLUMINA	NextSeq 2000	PRJNA1102327	cattle
SRR33508215	70880859	238210	25-010517-003	2025	USA	CATTLE	SAMN48411999	WGS	RANDOM	ILLUMINA	NextSeq 2000	PRJNA1102327	cattle
SRR33508216	76091202	255220	25-010642-005	2025	USA	CATTLE	SAMN48412025	WGS	RANDOM	ILLUMINA	NextSeq 2000	PRJNA1102327	cattle
SRR33508217	80797174	270983	25-010642-004	2025	USA	CATTLE	SAMN48412024	WGS	RANDOM	ILLUMINA	NextSeq 2000	PRJNA1102327	cattle
SRR33508218	87020441	292130	25-010642-003	2025	USA	CATTLE	SAMN48412023	WGS	RANDOM	ILLUMINA	NextSeq 2000	PRJNA1102327	cattle
SRR33508219	84385755	283233	25-010642-001	2025	USA	CATTLE	SAMN48412022	WGS	RANDOM	ILLUMINA	NextSeq 2000	PRJNA1102327	cattle
SRR33508220	116366098	392228	25-010637-003	2025	USA	CATTLE	SAMN48412021	WGS	RANDOM	ILLUMINA	NextSeq 2000	PRJNA1102327	cattle
SRR33508221	112485537	379455	25-010637-002	2025	USA	CATTLE	SAMN48412020	WGS	RANDOM	ILLUMINA	NextSeq 2000	PRJNA1102327	cattle
SRR33508222	116496345	391316	25-010637-001	2025	USA	CATTLE	SAMN48412019	WGS	RANDOM	ILLUMINA	NextSeq 2000	PRJNA1102327	cattle
SRR33508223	126240718	424623	25-010626-005	2025	USA	CATTLE	SAMN48412018	WGS	RANDOM	ILLUMINA	NextSeq 2000	PRJNA1102327	cattle
SRR33508224	93051843	312286	25-010626-004	2025	USA	CATTLE	SAMN48412017	WGS	RANDOM	ILLUMINA	NextSeq 2000	PRJNA1102327	cattle
SRR33508225	79771896	267702	25-010626-003	2025	USA	CATTLE	SAMN48412016	WGS	RANDOM	ILLUMINA	NextSeq 2000	PRJNA1102327	cattle
SRR33508226	85835948	289658	25-010517-002	2025	USA	CATTLE	SAMN48411998	WGS	RANDOM	ILLUMINA	NextSeq 2000	PRJNA1102327	cattle
SRR33508227	112830426	378626	25-010626-002	2025	USA	CATTLE	SAMN48412015	WGS	RANDOM	ILLUMINA	NextSeq 2000	PRJNA1102327	cattle
SRR33508228	111679710	375361	25-010626-001	2025	USA	CATTLE	SAMN48412014	WGS	RANDOM	ILLUMINA	NextSeq 2000	PRJNA1102327	cattle
SRR33508229	71400587	240248	25-010526-004	2025	USA	CATTLE	SAMN48412013	WGS	RANDOM	ILLUMINA	NextSeq 2000	PRJNA1102327	cattle
SRR33508230	73586321	247334	25-010526-003	2025	USA	CATTLE	SAMN48412012	WGS	RANDOM	ILLUMINA	NextSeq 2000	PRJNA1102327	cattle
SRR33508231	59338836	199429	25-010526-002	2025	USA	CATTLE	SAMN48412011	WGS	RANDOM	ILLUMINA	NextSeq 2000	PRJNA1102327	cattle
SRR33508232	85129080	287420	25-010525-004	2025	USA	CATTLE	SAMN48412010	WGS	RANDOM	ILLUMINA	NextSeq 2000	PRJNA1102327	cattle
SRR33508233	85721957	288829	25-010525-003	2025	USA	CATTLE	SAMN48412009	WGS	RANDOM	ILLUMINA	NextSeq 2000	PRJNA1102327	cattle
SRR33508234	79488621	269155	25-010525-002	2025	USA	CATTLE	SAMN48412008	WGS	RANDOM	ILLUMINA	NextSeq 2000	PRJNA1102327	cattle
SRR33508235	93591053	315722	25-010525-001	2025	USA	CATTLE	SAMN48412007	WGS	RANDOM	ILLUMINA	NextSeq 2000	PRJNA1102327	cattle
SRR33508236	116301787	393049	25-010524-004	2025	USA	CATTLE	SAMN48412006	WGS	RANDOM	ILLUMINA	NextSeq 2000	PRJNA1102327	cattle
SRR33508237	88075656	296984	25-010517-001	2025	USA	CATTLE	SAMN48411997	WGS	RANDOM	ILLUMINA	NextSeq 2000	PRJNA1102327	cattle
SRR33508238	90271735	304037	25-010516-001	2025	USA	CATTLE	SAMN48411996	WGS	RANDOM	ILLUMINA	NextSeq 2000	PRJNA1102327	cattle
SRR33476704	380405864	1276559	25-012902-008	2025	USA	CATTLE	SAMN48398174	WGS	RANDOM	ILLUMINA	NextSeq 2000	PRJNA1102327	cattle
SRR33476705	263878534	886557	25-012902-007	2025	USA	CATTLE	SAMN48398173	WGS	RANDOM	ILLUMINA	NextSeq 2000	PRJNA1102327	cattle
SRR33476706	229835548	772141	25-012902-006	2025	USA	CATTLE	SAMN48398172	WGS	RANDOM	ILLUMINA	NextSeq 2000	PRJNA1102327	cattle
SRR33476707	252527527	848508	25-012902-005	2025	USA	CATTLE	SAMN48398171	WGS	RANDOM	ILLUMINA	NextSeq 2000	PRJNA1102327	cattle
SRR33476708	156966198	526393	25-012902-004	2025	USA	CATTLE	SAMN48398170	WGS	RANDOM	ILLUMINA	NextSeq 2000	PRJNA1102327	cattle
SRR33476709	219709447	736889	25-012902-003	2025	USA	CATTLE	SAMN48398169	WGS	RANDOM	ILLUMINA	NextSeq 2000	PRJNA1102327	cattle
SRR33476710	123045683	412346	25-012939-007	2025	USA	CATTLE	SAMN48398203	WGS	RANDOM	ILLUMINA	NextSeq 2000	PRJNA1102327	cattle
SRR33476711	280579572	941509	25-012934-004	2025	USA	CATTLE	SAMN48398202	WGS	RANDOM	ILLUMINA	NextSeq 2000	PRJNA1102327	cattle
SRR33476712	267996137	901923	25-012934-003	2025	USA	CATTLE	SAMN48398201	WGS	RANDOM	ILLUMINA	NextSeq 2000	PRJNA1102327	cattle
SRR33476713	315506751	1059272	25-012934-002	2025	USA	CATTLE	SAMN48398200	WGS	RANDOM	ILLUMINA	NextSeq 2000	PRJNA1102327	cattle
SRR33476714	244855322	819770	25-012934-001	2025	USA	CATTLE	SAMN48398199	WGS	RANDOM	ILLUMINA	NextSeq 2000	PRJNA1102327	cattle
SRR33476715	361246315	1209730	25-012928-002	2025	USA	CATTLE	SAMN48398198	WGS	RANDOM	ILLUMINA	NextSeq 2000	PRJNA1102327	cattle
SRR33476716	227864708	764657	25-012928-001	2025	USA	CATTLE	SAMN48398197	WGS	RANDOM	ILLUMINA	NextSeq 2000	PRJNA1102327	cattle
SRR33476717	267292728	897021	25-012917-001	2025	USA	CATTLE	SAMN48398196	WGS	RANDOM	ILLUMINA	NextSeq 2000	PRJNA1102327	cattle
SRR33476718	243180785	815452	25-012911-004	2025	USA	CATTLE	SAMN48398195	WGS	RANDOM	ILLUMINA	NextSeq 2000	PRJNA1102327	cattle
SRR33476719	235569508	790791	25-012902-002	2025	USA	CATTLE	SAMN48398168	WGS	RANDOM	ILLUMINA	NextSeq 2000	PRJNA1102327	cattle
SRR33476720	235950860	790788	25-012911-003	2025	USA	CATTLE	SAMN48398194	WGS	RANDOM	ILLUMINA	NextSeq 2000	PRJNA1102327	cattle
SRR33476721	181888735	608464	25-012911-002	2025	USA	CATTLE	SAMN48398193	WGS	RANDOM	ILLUMINA	NextSeq 2000	PRJNA1102327	cattle
SRR33476722	207310395	694790	25-012911-001	2025	USA	CATTLE	SAMN48398192	WGS	RANDOM	ILLUMINA	NextSeq 2000	PRJNA1102327	cattle
SRR33476723	174043227	583467	25-012910-004	2025	USA	CATTLE	SAMN48398191	WGS	RANDOM	ILLUMINA	NextSeq 2000	PRJNA1102327	cattle
SRR33476724	256141423	859019	25-012910-002	2025	USA	CATTLE	SAMN48398190	WGS	RANDOM	ILLUMINA	NextSeq 2000	PRJNA1102327	cattle
SRR33476725	331567082	1111824	25-012910-001	2025	USA	CATTLE	SAMN48398189	WGS	RANDOM	ILLUMINA	NextSeq 2000	PRJNA1102327	cattle
SRR33476726	324043828	1091821	25-012909-004	2025	USA	CATTLE	SAMN48398188	WGS	RANDOM	ILLUMINA	NextSeq 2000	PRJNA1102327	cattle
SRR33476727	364755077	1222999	25-012909-003	2025	USA	CATTLE	SAMN48398187	WGS	RANDOM	ILLUMINA	NextSeq 2000	PRJNA1102327	cattle
SRR33476728	442178165	1482868	25-012909-002	2025	USA	CATTLE	SAMN48398186	WGS	RANDOM	ILLUMINA	NextSeq 2000	PRJNA1102327	cattle
SRR33476729	211247589	707838	25-012909-001	2025	USA	CATTLE	SAMN48398185	WGS	RANDOM	ILLUMINA	NextSeq 2000	PRJNA1102327	cattle
SRR33476730	209413869	702724	25-012902-001	2025	USA	CATTLE	SAMN48398167	WGS	RANDOM	ILLUMINA	NextSeq 2000	PRJNA1102327	cattle
SRR33476731	144891724	486144	25-012907-001	2025	USA	CATTLE	SAMN48398184	WGS	RANDOM	ILLUMINA	NextSeq 2000	PRJNA1102327	cattle
SRR33476732	187043216	627022	25-012906-001	2025	USA	CATTLE	SAMN48398183	WGS	RANDOM	ILLUMINA	NextSeq 2000	PRJNA1102327	cattle
SRR33476733	225021642	754984	25-012905-001	2025	USA	CATTLE	SAMN48398182	WGS	RANDOM	ILLUMINA	NextSeq 2000	PRJNA1102327	cattle
SRR33476734	201954194	676921	25-012903-003	2025	USA	CATTLE	SAMN48398181	WGS	RANDOM	ILLUMINA	NextSeq 2000	PRJNA1102327	cattle
SRR33476735	195885683	656802	25-012903-002	2025	USA	CATTLE	SAMN48398180	WGS	RANDOM	ILLUMINA	NextSeq 2000	PRJNA1102327	cattle
SRR33476736	216035180	725187	25-012903-001	2025	USA	CATTLE	SAMN48398179	WGS	RANDOM	ILLUMINA	NextSeq 2000	PRJNA1102327	cattle
SRR33476737	215326161	722655	25-012902-012	2025	USA	CATTLE	SAMN48398178	WGS	RANDOM	ILLUMINA	NextSeq 2000	PRJNA1102327	cattle
SRR33476738	331468297	1113137	25-012902-011	2025	USA	CATTLE	SAMN48398177	WGS	RANDOM	ILLUMINA	NextSeq 2000	PRJNA1102327	cattle
SRR33476739	360664691	1209690	25-012902-010	2025	USA	CATTLE	SAMN48398176	WGS	RANDOM	ILLUMINA	NextSeq 2000	PRJNA1102327	cattle
SRR33476740	310982655	1043984	25-012902-009	2025	USA	CATTLE	SAMN48398175	WGS	RANDOM	ILLUMINA	NextSeq 2000	PRJNA1102327	cattle
SRR33476741	9082681	35880	25-011466-001	2025	USA	CATTLE	SAMN48398166	WGS	RANDOM	ILLUMINA	NextSeq 2000	PRJNA1102327	cattle
SRR33476742	21850008	81438	25-011298-001	2025	USA	CATTLE	SAMN48398165	WGS	RANDOM	ILLUMINA	NextSeq 2000	PRJNA1102327	cattle
SRR33369778	126315677	427152	24-036208-001	2024	USA	CATTLE	SAMN48199898	WGS	RANDOM	ILLUMINA	NextSeq 2000	PRJNA1102327	cattle
SRR33369779	105847267	356696	24-036204-001	2024	USA	CATTLE	SAMN48199897	WGS	RANDOM	ILLUMINA	NextSeq 2000	PRJNA1102327	cattle
SRR33369780	170909051	584128	24-036203-002	2024	USA	CATTLE	SAMN48199896	WGS	RANDOM	ILLUMINA	NextSeq 2000	PRJNA1102327	cattle
SRR33369781	177988503	606569	24-036203-001	2024	USA	CATTLE	SAMN48199895	WGS	RANDOM	ILLUMINA	NextSeq 2000	PRJNA1102327	cattle
SRR33369782	59416781	201932	25-012953-001	2025	USA	CATTLE	SAMN48199943	WGS	RANDOM	ILLUMINA	Illumina iSeq 100	PRJNA1102327	cattle
SRR33369783	54175393	183306	25-012952-005	2025	USA	CATTLE	SAMN48199942	WGS	RANDOM	ILLUMINA	Illumina iSeq 100	PRJNA1102327	cattle
SRR33369784	74049174	250150	25-012952-003	2025	USA	CATTLE	SAMN48199941	WGS	RANDOM	ILLUMINA	Illumina iSeq 100	PRJNA1102327	cattle
SRR33369785	51659941	175170	25-012952-001	2025	USA	CATTLE	SAMN48199940	WGS	RANDOM	ILLUMINA	Illumina iSeq 100	PRJNA1102327	cattle
SRR33369786	65513093	222366	25-012951-002	2025	USA	CATTLE	SAMN48199939	WGS	RANDOM	ILLUMINA	Illumina iSeq 100	PRJNA1102327	cattle
SRR33369787	169664222	573246	24-036187-002	2024	USA	CATTLE	SAMN48199894	WGS	RANDOM	ILLUMINA	NextSeq 2000	PRJNA1102327	cattle
SRR33369788	46974451	158954	25-012949-002	2025	USA	CATTLE	SAMN48199938	WGS	RANDOM	ILLUMINA	Illumina iSeq 100	PRJNA1102327	cattle
SRR33369789	56250805	190405	25-012948-001	2025	USA	CATTLE	SAMN48199937	WGS	RANDOM	ILLUMINA	Illumina iSeq 100	PRJNA1102327	cattle
SRR33369790	149204036	503281	25-012189-005	2025	USA	CATTLE	SAMN48199936	WGS	RANDOM	ILLUMINA	NextSeq 2000	PRJNA1102327	cattle
SRR33369791	152248265	514311	25-012189-004	2025	USA	CATTLE	SAMN48199935	WGS	RANDOM	ILLUMINA	NextSeq 2000	PRJNA1102327	cattle
SRR33369792	144981357	488046	25-012189-002	2025	USA	CATTLE	SAMN48199934	WGS	RANDOM	ILLUMINA	NextSeq 2000	PRJNA1102327	cattle
SRR33369793	124641549	419420	25-012189-001	2025	USA	CATTLE	SAMN48199933	WGS	RANDOM	ILLUMINA	NextSeq 2000	PRJNA1102327	cattle
SRR33369794	205534180	697398	25-012187-005	2025	USA	CATTLE	SAMN48199932	WGS	RANDOM	ILLUMINA	NextSeq 2000	PRJNA1102327	cattle
SRR33369795	135414780	456947	25-012187-004	2025	USA	CATTLE	SAMN48199931	WGS	RANDOM	ILLUMINA	NextSeq 2000	PRJNA1102327	cattle
SRR33369796	123933142	416992	25-012183-004	2025	USA	CATTLE	SAMN48199930	WGS	RANDOM	ILLUMINA	NextSeq 2000	PRJNA1102327	cattle
SRR33369797	124891439	419719	25-012183-003	2025	USA	CATTLE	SAMN48199929	WGS	RANDOM	ILLUMINA	NextSeq 2000	PRJNA1102327	cattle
SRR33369798	157862707	535607	24-036187-001	2024	USA	CATTLE	SAMN48199893	WGS	RANDOM	ILLUMINA	NextSeq 2000	PRJNA1102327	cattle
SRR33369799	144464606	486025	25-012183-002	2025	USA	CATTLE	SAMN48199928	WGS	RANDOM	ILLUMINA	NextSeq 2000	PRJNA1102327	cattle
SRR33369800	115186305	387512	25-012183-001	2025	USA	CATTLE	SAMN48199927	WGS	RANDOM	ILLUMINA	NextSeq 2000	PRJNA1102327	cattle
SRR33369801	126056464	424687	25-012134-003	2025	USA	CATTLE	SAMN48199926	WGS	RANDOM	ILLUMINA	NextSeq 2000	PRJNA1102327	cattle
SRR33369802	111529254	374944	25-012134-001	2025	USA	CATTLE	SAMN48199925	WGS	RANDOM	ILLUMINA	NextSeq 2000	PRJNA1102327	cattle
SRR33369803	169535107	571478	25-012132-001	2025	USA	CATTLE	SAMN48199924	WGS	RANDOM	ILLUMINA	NextSeq 2000	PRJNA1102327	cattle
SRR33369804	84813132	285135	25-012129-001	2025	USA	CATTLE	SAMN48199923	WGS	RANDOM	ILLUMINA	NextSeq 2000	PRJNA1102327	cattle
SRR33369805	120340582	405046	25-012128-004	2025	USA	CATTLE	SAMN48199922	WGS	RANDOM	ILLUMINA	NextSeq 2000	PRJNA1102327	cattle
SRR33369806	139471180	467992	25-012128-003	2025	USA	CATTLE	SAMN48199921	WGS	RANDOM	ILLUMINA	NextSeq 2000	PRJNA1102327	cattle
SRR33369807	97080335	325850	25-012128-002	2025	USA	CATTLE	SAMN48199920	WGS	RANDOM	ILLUMINA	NextSeq 2000	PRJNA1102327	cattle
SRR33369808	92161799	309578	25-012128-001	2025	USA	CATTLE	SAMN48199919	WGS	RANDOM	ILLUMINA	NextSeq 2000	PRJNA1102327	cattle
SRR33369809	151102429	512249	24-036182-002	2024	USA	CATTLE	SAMN48199892	WGS	RANDOM	ILLUMINA	NextSeq 2000	PRJNA1102327	cattle
SRR33369810	89761906	301561	25-012127-006	2025	USA	CATTLE	SAMN48199918	WGS	RANDOM	ILLUMINA	NextSeq 2000	PRJNA1102327	cattle
SRR33369811	157970619	532240	25-012127-004	2025	USA	CATTLE	SAMN48199917	WGS	RANDOM	ILLUMINA	NextSeq 2000	PRJNA1102327	cattle
SRR33369812	138628510	465170	25-012127-003	2025	USA	CATTLE	SAMN48199916	WGS	RANDOM	ILLUMINA	NextSeq 2000	PRJNA1102327	cattle
SRR33369813	162003176	546464	25-012127-002	2025	USA	CATTLE	SAMN48199915	WGS	RANDOM	ILLUMINA	NextSeq 2000	PRJNA1102327	cattle
SRR33369814	139228937	470080	25-012127-001	2025	USA	CATTLE	SAMN48199914	WGS	RANDOM	ILLUMINA	NextSeq 2000	PRJNA1102327	cattle
SRR33369815	132086976	444658	25-012125-001	2025	USA	CATTLE	SAMN48199913	WGS	RANDOM	ILLUMINA	NextSeq 2000	PRJNA1102327	cattle
SRR33369816	100996518	340256	25-012124-001	2025	USA	CATTLE	SAMN48199912	WGS	RANDOM	ILLUMINA	NextSeq 2000	PRJNA1102327	cattle
SRR33369817	164665613	553965	25-012089-005	2025	USA	CATTLE	SAMN48199911	WGS	RANDOM	ILLUMINA	NextSeq 2000	PRJNA1102327	cattle
SRR33369818	187578361	631576	25-012089-004	2025	USA	CATTLE	SAMN48199910	WGS	RANDOM	ILLUMINA	NextSeq 2000	PRJNA1102327	cattle
SRR33369819	178224179	600326	25-012089-003	2025	USA	CATTLE	SAMN48199909	WGS	RANDOM	ILLUMINA	NextSeq 2000	PRJNA1102327	cattle
SRR33369820	100378110	339401	24-036182-001	2024	USA	CATTLE	SAMN48199891	WGS	RANDOM	ILLUMINA	NextSeq 2000	PRJNA1102327	cattle
SRR33369821	146987087	493055	25-012089-002	2025	USA	CATTLE	SAMN48199908	WGS	RANDOM	ILLUMINA	NextSeq 2000	PRJNA1102327	cattle
SRR33369822	205668716	692890	25-012089-001	2025	USA	CATTLE	SAMN48199907	WGS	RANDOM	ILLUMINA	NextSeq 2000	PRJNA1102327	cattle
SRR33369823	210374574	712592	25-011973-001	2025	USA	CATTLE	SAMN48199906	WGS	RANDOM	ILLUMINA	NextSeq 2000	PRJNA1102327	cattle
SRR33369824	118639586	400338	25-011907-009	2025	USA	CATTLE	SAMN48199905	WGS	RANDOM	ILLUMINA	NextSeq 2000	PRJNA1102327	cattle
SRR33369825	116973443	394082	25-011907-008	2025	USA	CATTLE	SAMN48199904	WGS	RANDOM	ILLUMINA	NextSeq 2000	PRJNA1102327	cattle
SRR33369826	91197691	306698	25-011907-007	2025	USA	CATTLE	SAMN48199903	WGS	RANDOM	ILLUMINA	NextSeq 2000	PRJNA1102327	cattle
SRR33369827	122897211	414970	25-011907-006	2025	USA	CATTLE	SAMN48199902	WGS	RANDOM	ILLUMINA	NextSeq 2000	PRJNA1102327	cattle
SRR33369828	151231202	511526	25-011907-003	2025	USA	CATTLE	SAMN48199901	WGS	RANDOM	ILLUMINA	NextSeq 2000	PRJNA1102327	cattle
SRR33369829	146740267	496521	25-011907-002	2025	USA	CATTLE	SAMN48199900	WGS	RANDOM	ILLUMINA	NextSeq 2000	PRJNA1102327	cattle
SRR33369830	182024260	612705	24-036208-002	2024	USA	CATTLE	SAMN48199899	WGS	RANDOM	ILLUMINA	NextSeq 2000	PRJNA1102327	cattle
SRR33369831	131993112	444597	24-036138-002	2024	USA	CATTLE	SAMN48199890	WGS	RANDOM	ILLUMINA	NextSeq 2000	PRJNA1102327	cattle
SRR33369832	232073985	791800	24-036138-001	2024	USA	CATTLE	SAMN48199889	WGS	RANDOM	ILLUMINA	NextSeq 2000	PRJNA1102327	cattle
SRR33318592	137674330	466838	25-011299-002	2025	USA	CATTLE	SAMN48151139	WGS	RANDOM	ILLUMINA	NextSeq 2000	PRJNA1102327	cattle
SRR33318593	88310132	302971	25-011299-001	2025	USA	CATTLE	SAMN48151138	WGS	RANDOM	ILLUMINA	NextSeq 2000	PRJNA1102327	cattle
SRR33318594	143098831	484144	25-011296-005	2025	USA	CATTLE	SAMN48151137	WGS	RANDOM	ILLUMINA	NextSeq 2000	PRJNA1102327	cattle
SRR33318595	142830753	484759	25-011296-004	2025	USA	CATTLE	SAMN48151136	WGS	RANDOM	ILLUMINA	NextSeq 2000	PRJNA1102327	cattle
SRR33318596	145330299	489301	25-010008-011-v	2025	USA	PET FOOD	SAMN48151181	WGS	RANDOM	ILLUMINA	NextSeq 2000	PRJNA1102327	other
SRR33318597	186442936	628251	25-010008-007-v	2025	USA	PET FOOD	SAMN48151180	WGS	RANDOM	ILLUMINA	NextSeq 2000	PRJNA1102327	other
SRR33318598	117828957	400100	25-011296-003	2025	USA	CATTLE	SAMN48151135	WGS	RANDOM	ILLUMINA	NextSeq 2000	PRJNA1102327	cattle
SRR33318599	136207818	457577	25-010008-005-v	2025	USA	PET FOOD	SAMN48151179	WGS	RANDOM	ILLUMINA	NextSeq 2000	PRJNA1102327	other
SRR33318600	175303676	591754	25-010008-004-v	2025	USA	PET FOOD	SAMN48151178	WGS	RANDOM	ILLUMINA	NextSeq 2000	PRJNA1102327	other
SRR33318601	122228161	413624	25-012178-003	2025	USA	CATTLE	SAMN48151177	WGS	RANDOM	ILLUMINA	NextSeq 2000	PRJNA1102327	cattle
SRR33318602	145519201	491898	25-012178-002	2025	USA	CATTLE	SAMN48151176	WGS	RANDOM	ILLUMINA	NextSeq 2000	PRJNA1102327	cattle
SRR33318603	113809383	382997	25-012178-001	2025	USA	CATTLE	SAMN48151175	WGS	RANDOM	ILLUMINA	NextSeq 2000	PRJNA1102327	cattle
SRR33318604	153019724	514386	25-012133-001	2025	USA	CATTLE	SAMN48151174	WGS	RANDOM	ILLUMINA	NextSeq 2000	PRJNA1102327	cattle
SRR33318605	89084175	299468	25-012131-004	2025	USA	CATTLE	SAMN48151173	WGS	RANDOM	ILLUMINA	NextSeq 2000	PRJNA1102327	cattle
SRR33318606	139744529	469185	25-012130-003	2025	USA	CATTLE	SAMN48151172	WGS	RANDOM	ILLUMINA	NextSeq 2000	PRJNA1102327	cattle
SRR33318607	149713657	503245	25-012130-002	2025	USA	CATTLE	SAMN48151171	WGS	RANDOM	ILLUMINA	NextSeq 2000	PRJNA1102327	cattle
SRR33318608	163654276	550699	25-012130-001	2025	USA	CATTLE	SAMN48151170	WGS	RANDOM	ILLUMINA	NextSeq 2000	PRJNA1102327	cattle
SRR33318609	185080242	625086	25-011010-002	2025	USA	CATTLE	SAMN48151134	WGS	RANDOM	ILLUMINA	NextSeq 2000	PRJNA1102327	cattle
SRR33318610	103586990	348318	25-012118-001	2025	USA	CATTLE	SAMN48151169	WGS	RANDOM	ILLUMINA	NextSeq 2000	PRJNA1102327	cattle
SRR33318611	142799875	479939	25-012116-001	2025	USA	CATTLE	SAMN48151168	WGS	RANDOM	ILLUMINA	NextSeq 2000	PRJNA1102327	cattle
SRR33318612	134199890	453125	25-012115-002	2025	USA	CATTLE	SAMN48151167	WGS	RANDOM	ILLUMINA	NextSeq 2000	PRJNA1102327	cattle
SRR33318613	162231904	547166	25-012115-001	2025	USA	CATTLE	SAMN48151166	WGS	RANDOM	ILLUMINA	NextSeq 2000	PRJNA1102327	cattle
SRR33318614	119709318	403016	25-012114-001	2025	USA	CATTLE	SAMN48151165	WGS	RANDOM	ILLUMINA	NextSeq 2000	PRJNA1102327	cattle
SRR33318615	118354875	397732	25-012113-002	2025	USA	CATTLE	SAMN48151164	WGS	RANDOM	ILLUMINA	NextSeq 2000	PRJNA1102327	cattle
SRR33318616	107290766	360476	25-012113-001	2025	USA	CATTLE	SAMN48151163	WGS	RANDOM	ILLUMINA	NextSeq 2000	PRJNA1102327	cattle
SRR33318617	124225543	418067	25-012112-002	2025	USA	CATTLE	SAMN48151162	WGS	RANDOM	ILLUMINA	NextSeq 2000	PRJNA1102327	cattle
SRR33318618	116585733	392169	25-012112-001	2025	USA	CATTLE	SAMN48151161	WGS	RANDOM	ILLUMINA	NextSeq 2000	PRJNA1102327	cattle
SRR33318619	109301255	367240	25-012111-002	2025	USA	CATTLE	SAMN48151160	WGS	RANDOM	ILLUMINA	NextSeq 2000	PRJNA1102327	cattle
SRR33318620	127577947	432125	25-011010-001	2025	USA	CATTLE	SAMN48151133	WGS	RANDOM	ILLUMINA	NextSeq 2000	PRJNA1102327	cattle
SRR33318621	103536526	347960	25-012111-001	2025	USA	CATTLE	SAMN48151159	WGS	RANDOM	ILLUMINA	NextSeq 2000	PRJNA1102327	cattle
SRR33318622	123315360	415487	25-012092-001	2025	USA	CATTLE	SAMN48151158	WGS	RANDOM	ILLUMINA	NextSeq 2000	PRJNA1102327	cattle
SRR33318623	85448732	287904	25-011474-002	2025	USA	CATTLE	SAMN48151157	WGS	RANDOM	ILLUMINA	NextSeq 2000	PRJNA1102327	cattle
SRR33318624	95874632	325901	25-011468-004	2025	USA	CATTLE	SAMN48151156	WGS	RANDOM	ILLUMINA	NextSeq 2000	PRJNA1102327	cattle
SRR33318625	40374887	137782	25-011468-002	2025	USA	CATTLE	SAMN48151155	WGS	RANDOM	ILLUMINA	NextSeq 2000	PRJNA1102327	cattle
SRR33318626	56810438	192818	25-011468-001	2025	USA	CATTLE	SAMN48151154	WGS	RANDOM	ILLUMINA	NextSeq 2000	PRJNA1102327	cattle
SRR33318627	64430130	217785	25-011387-003	2025	USA	CATTLE	SAMN48151153	WGS	RANDOM	ILLUMINA	NextSeq 2000	PRJNA1102327	cattle
SRR33318628	61708039	209031	25-011387-002	2025	USA	CATTLE	SAMN48151152	WGS	RANDOM	ILLUMINA	NextSeq 2000	PRJNA1102327	cattle
SRR33318629	161377039	546642	25-011387-001	2025	USA	CATTLE	SAMN48151151	WGS	RANDOM	ILLUMINA	NextSeq 2000	PRJNA1102327	cattle
SRR33318630	135975281	466606	25-011373-005	2025	USA	CATTLE	SAMN48151150	WGS	RANDOM	ILLUMINA	NextSeq 2000	PRJNA1102327	cattle
SRR33318631	130812673	443392	25-011000-001	2025	USA	CATTLE	SAMN48151132	WGS	RANDOM	ILLUMINA	NextSeq 2000	PRJNA1102327	cattle
SRR33318632	145128401	491641	25-011373-004	2025	USA	CATTLE	SAMN48151149	WGS	RANDOM	ILLUMINA	NextSeq 2000	PRJNA1102327	cattle
SRR33318633	154980600	529211	25-011373-003	2025	USA	CATTLE	SAMN48151148	WGS	RANDOM	ILLUMINA	NextSeq 2000	PRJNA1102327	cattle
SRR33318634	131628073	451121	25-011373-002	2025	USA	CATTLE	SAMN48151147	WGS	RANDOM	ILLUMINA	NextSeq 2000	PRJNA1102327	cattle
SRR33318635	122893255	416318	25-011373-001	2025	USA	CATTLE	SAMN48151146	WGS	RANDOM	ILLUMINA	NextSeq 2000	PRJNA1102327	cattle
SRR33318636	74921038	254580	25-011372-001	2025	USA	CATTLE	SAMN48151145	WGS	RANDOM	ILLUMINA	NextSeq 2000	PRJNA1102327	cattle
SRR33318637	101517016	342863	25-011320-002	2025	USA	CATTLE	SAMN48151144	WGS	RANDOM	ILLUMINA	NextSeq 2000	PRJNA1102327	cattle
SRR33318638	93581759	317068	25-011320-001	2025	USA	CATTLE	SAMN48151143	WGS	RANDOM	ILLUMINA	NextSeq 2000	PRJNA1102327	cattle
SRR33318639	101533536	345145	25-011318-003	2025	USA	CATTLE	SAMN48151142	WGS	RANDOM	ILLUMINA	NextSeq 2000	PRJNA1102327	cattle
SRR33318640	110943752	376191	25-011318-002	2025	USA	CATTLE	SAMN48151141	WGS	RANDOM	ILLUMINA	NextSeq 2000	PRJNA1102327	cattle
SRR33318641	106964907	362712	25-011318-001	2025	USA	CATTLE	SAMN48151140	WGS	RANDOM	ILLUMINA	NextSeq 2000	PRJNA1102327	cattle
SRR33318642	136017937	460098	25-010999-001	2025	USA	CATTLE	SAMN48151131	WGS	RANDOM	ILLUMINA	NextSeq 2000	PRJNA1102327	cattle
SRR33318643	121301431	409323	25-010998-001	2025	USA	CATTLE	SAMN48151130	WGS	RANDOM	ILLUMINA	NextSeq 2000	PRJNA1102327	cattle
SRR33124594	145473401	294568	25-006243-005	2025	USA	CATTLE	SAMN47941264	WGS	RANDOM	ILLUMINA	NextSeq 2000	PRJNA1102327	cattle
SRR33124595	139928333	290418	25-006243-002	2025	USA	CATTLE	SAMN47941263	WGS	RANDOM	ILLUMINA	NextSeq 2000	PRJNA1102327	cattle
SRR33124596	61927215	117956	25-006243-001	2025	USA	CATTLE	SAMN47941262	WGS	RANDOM	ILLUMINA	NextSeq 2000	PRJNA1102327	cattle
SRR33124597	73438935	138833	25-006240-005	2025	USA	CATTLE	SAMN47941261	WGS	RANDOM	ILLUMINA	NextSeq 2000	PRJNA1102327	cattle
SRR33124598	76531946	149168	25-006031-002	2025	USA	CATTLE	SAMN47941260	WGS	RANDOM	ILLUMINA	NextSeq 2000	PRJNA1102327	cattle
SRR33124604	102946466	348512	25-006954-002	2025	USA	CATTLE	SAMN47941296	WGS	RANDOM	ILLUMINA	NextSeq 2000	PRJNA1102327	cattle
SRR33124605	68485163	230445	25-006508-014	2025	USA	CATTLE	SAMN47941295	WGS	RANDOM	ILLUMINA	NextSeq 2000	PRJNA1102327	cattle
SRR33124606	50160961	99419	25-006029-002	2025	USA	CATTLE	SAMN47941259	WGS	RANDOM	ILLUMINA	NextSeq 2000	PRJNA1102327	cattle
SRR33124607	184737319	629861	25-006508-013	2025	USA	CATTLE	SAMN47941294	WGS	RANDOM	ILLUMINA	NextSeq 2000	PRJNA1102327	cattle
SRR33124608	126281069	426685	25-006508-004	2025	USA	CATTLE	SAMN47941293	WGS	RANDOM	ILLUMINA	NextSeq 2000	PRJNA1102327	cattle
SRR33124609	116782028	393281	25-006506-002	2025	USA	CATTLE	SAMN47941292	WGS	RANDOM	ILLUMINA	NextSeq 2000	PRJNA1102327	cattle
SRR33124610	159314505	312699	25-006276-004	2025	USA	CATTLE	SAMN47941291	WGS	RANDOM	ILLUMINA	NextSeq 2000	PRJNA1102327	cattle
SRR33124611	43229829	80685	25-006276-003	2025	USA	CATTLE	SAMN47941290	WGS	RANDOM	ILLUMINA	NextSeq 2000	PRJNA1102327	cattle
SRR33124612	121509427	236193	25-006276-002	2025	USA	CATTLE	SAMN47941289	WGS	RANDOM	ILLUMINA	NextSeq 2000	PRJNA1102327	cattle
SRR33124613	101628285	194506	25-006276-001	2025	USA	CATTLE	SAMN47941288	WGS	RANDOM	ILLUMINA	NextSeq 2000	PRJNA1102327	cattle
SRR33124614	107814553	210980	25-006274-006	2025	USA	CATTLE	SAMN47941287	WGS	RANDOM	ILLUMINA	NextSeq 2000	PRJNA1102327	cattle
SRR33124615	88711291	176317	25-006274-005	2025	USA	CATTLE	SAMN47941286	WGS	RANDOM	ILLUMINA	NextSeq 2000	PRJNA1102327	cattle
SRR33124616	176049239	344302	25-006274-004	2025	USA	CATTLE	SAMN47941285	WGS	RANDOM	ILLUMINA	NextSeq 2000	PRJNA1102327	cattle
SRR33124617	70605083	144500	25-006028-001	2025	USA	CATTLE	SAMN47941258	WGS	RANDOM	ILLUMINA	NextSeq 2000	PRJNA1102327	cattle
SRR33124618	161824892	320126	25-006274-003	2025	USA	CATTLE	SAMN47941284	WGS	RANDOM	ILLUMINA	NextSeq 2000	PRJNA1102327	cattle
SRR33124619	95905272	193906	25-006274-002	2025	USA	CATTLE	SAMN47941283	WGS	RANDOM	ILLUMINA	NextSeq 2000	PRJNA1102327	cattle
SRR33124620	135114397	278655	25-006274-001	2025	USA	CATTLE	SAMN47941282	WGS	RANDOM	ILLUMINA	NextSeq 2000	PRJNA1102327	cattle
SRR33124621	101043433	207677	25-006263-005	2025	USA	CATTLE	SAMN47941281	WGS	RANDOM	ILLUMINA	NextSeq 2000	PRJNA1102327	cattle
SRR33124622	36364785	70922	25-006263-004	2025	USA	CATTLE	SAMN47941280	WGS	RANDOM	ILLUMINA	NextSeq 2000	PRJNA1102327	cattle
SRR33124623	47981895	91077	25-006263-003	2025	USA	CATTLE	SAMN47941279	WGS	RANDOM	ILLUMINA	NextSeq 2000	PRJNA1102327	cattle
SRR33124624	147583646	283416	25-006260-005	2025	USA	CATTLE	SAMN47941278	WGS	RANDOM	ILLUMINA	NextSeq 2000	PRJNA1102327	cattle
SRR33124625	64249427	124177	25-006260-004	2025	USA	CATTLE	SAMN47941277	WGS	RANDOM	ILLUMINA	NextSeq 2000	PRJNA1102327	cattle
SRR33124626	95036561	183742	25-006260-003	2025	USA	CATTLE	SAMN47941276	WGS	RANDOM	ILLUMINA	NextSeq 2000	PRJNA1102327	cattle
SRR33124627	46277329	91141	25-006260-002	2025	USA	CATTLE	SAMN47941275	WGS	RANDOM	ILLUMINA	NextSeq 2000	PRJNA1102327	cattle
SRR33124628	138863081	290375	25-006026-001	2025	USA	CATTLE	SAMN47941257	WGS	RANDOM	ILLUMINA	NextSeq 2000	PRJNA1102327	cattle
SRR33124629	75532051	152842	25-006260-001	2025	USA	CATTLE	SAMN47941274	WGS	RANDOM	ILLUMINA	NextSeq 2000	PRJNA1102327	cattle
SRR33124630	141444627	287254	25-006251-007	2025	USA	CATTLE	SAMN47941273	WGS	RANDOM	ILLUMINA	NextSeq 2000	PRJNA1102327	cattle
SRR33124631	30911904	59852	25-006251-005	2025	USA	CATTLE	SAMN47941272	WGS	RANDOM	ILLUMINA	NextSeq 2000	PRJNA1102327	cattle
SRR33124632	51524934	98770	25-006251-004	2025	USA	CATTLE	SAMN47941271	WGS	RANDOM	ILLUMINA	NextSeq 2000	PRJNA1102327	cattle
SRR33124633	122930453	235713	25-006251-002	2025	USA	CATTLE	SAMN47941270	WGS	RANDOM	ILLUMINA	NextSeq 2000	PRJNA1102327	cattle
SRR33124634	48937423	93899	25-006248-006	2025	USA	CATTLE	SAMN47941269	WGS	RANDOM	ILLUMINA	NextSeq 2000	PRJNA1102327	cattle
SRR33124635	71164848	138366	25-006248-005	2025	USA	CATTLE	SAMN47941268	WGS	RANDOM	ILLUMINA	NextSeq 2000	PRJNA1102327	cattle
SRR33124636	29071970	60684	25-006248-004	2025	USA	CATTLE	SAMN47941267	WGS	RANDOM	ILLUMINA	NextSeq 2000	PRJNA1102327	cattle
SRR33124637	97654207	194005	25-006248-002	2025	USA	CATTLE	SAMN47941266	WGS	RANDOM	ILLUMINA	NextSeq 2000	PRJNA1102327	cattle
SRR33124638	56712279	112484	25-006243-006	2025	USA	CATTLE	SAMN47941265	WGS	RANDOM	ILLUMINA	NextSeq 2000	PRJNA1102327	cattle
SRR33124639	104552916	216214	25-006020-002	2025	USA	CATTLE	SAMN47941256	WGS	RANDOM	ILLUMINA	NextSeq 2000	PRJNA1102327	cattle
SRR33124640	50835292	98280	25-006020-001	2025	USA	CATTLE	SAMN47941255	WGS	RANDOM	ILLUMINA	NextSeq 2000	PRJNA1102327	cattle
SRR33029753	132277314	446044	25-009824-001	2025	USA	CATTLE	SAMN47843714	WGS	RANDOM	ILLUMINA	NextSeq 2000	PRJNA1102327	cattle
SRR33029754	103237544	347736	25-009823-001	2025	USA	CATTLE	SAMN47843713	WGS	RANDOM	ILLUMINA	NextSeq 2000	PRJNA1102327	cattle
SRR33029755	143865762	486182	25-009812-001	2025	USA	CATTLE	SAMN47843712	WGS	RANDOM	ILLUMINA	NextSeq 2000	PRJNA1102327	cattle
SRR33029756	157804828	533505	25-009808-005	2025	USA	CATTLE	SAMN47843711	WGS	RANDOM	ILLUMINA	NextSeq 2000	PRJNA1102327	cattle
SRR33029757	147303287	497023	25-009808-004	2025	USA	CATTLE	SAMN47843710	WGS	RANDOM	ILLUMINA	NextSeq 2000	PRJNA1102327	cattle
SRR33029758	127092367	427649	25-009808-003	2025	USA	CATTLE	SAMN47843709	WGS	RANDOM	ILLUMINA	NextSeq 2000	PRJNA1102327	cattle
SRR33029759	270830441	919774	25-010008-009	2025	USA	PET FOOD	SAMN47843735	WGS	RANDOM	ILLUMINA	NextSeq 2000	PRJNA1102327	other
SRR33029760	146703012	495369	25-009808-002	2025	USA	CATTLE	SAMN47843708	WGS	RANDOM	ILLUMINA	NextSeq 2000	PRJNA1102327	cattle
SRR33029761	152318126	519535	25-010008-008	2025	USA	PET FOOD	SAMN47843734	WGS	RANDOM	ILLUMINA	NextSeq 2000	PRJNA1102327	other
SRR33029762	258643269	882363	25-010514-002	2025	USA	CATTLE	SAMN47843733	WGS	RANDOM	ILLUMINA	NextSeq 2000	PRJNA1102327	cattle
SRR33029763	265701138	904706	25-010514-001	2025	USA	CATTLE	SAMN47843732	WGS	RANDOM	ILLUMINA	NextSeq 2000	PRJNA1102327	cattle
SRR33029764	223915268	759428	25-010490-002	2025	USA	CATTLE	SAMN47843731	WGS	RANDOM	ILLUMINA	NextSeq 2000	PRJNA1102327	cattle
SRR33029765	242883898	821494	25-010490-001	2025	USA	CATTLE	SAMN47843730	WGS	RANDOM	ILLUMINA	NextSeq 2000	PRJNA1102327	cattle
SRR33029766	156664049	531385	25-010022-002	2025	USA	CATTLE	SAMN47843729	WGS	RANDOM	ILLUMINA	NextSeq 2000	PRJNA1102327	cattle
SRR33029767	182317321	617625	25-010012-003	2025	USA	CATTLE	SAMN47843728	WGS	RANDOM	ILLUMINA	NextSeq 2000	PRJNA1102327	cattle
SRR33029768	111819506	377280	25-009860-001	2025	USA	CATTLE	SAMN47843727	WGS	RANDOM	ILLUMINA	NextSeq 2000	PRJNA1102327	cattle
SRR33029769	134694622	455444	25-009859-002	2025	USA	CATTLE	SAMN47843726	WGS	RANDOM	ILLUMINA	NextSeq 2000	PRJNA1102327	cattle
SRR33029770	128016188	431884	25-009859-001	2025	USA	CATTLE	SAMN47843725	WGS	RANDOM	ILLUMINA	NextSeq 2000	PRJNA1102327	cattle
SRR33029771	165834446	560779	25-009808-001	2025	USA	CATTLE	SAMN47843707	WGS	RANDOM	ILLUMINA	NextSeq 2000	PRJNA1102327	cattle
SRR33029772	91979879	310831	25-009855-003	2025	USA	CATTLE	SAMN47843724	WGS	RANDOM	ILLUMINA	NextSeq 2000	PRJNA1102327	cattle
SRR33029773	110169275	372757	25-009855-002	2025	USA	CATTLE	SAMN47843723	WGS	RANDOM	ILLUMINA	NextSeq 2000	PRJNA1102327	cattle
SRR33029774	134301815	452423	25-009855-001	2025	USA	CATTLE	SAMN47843722	WGS	RANDOM	ILLUMINA	NextSeq 2000	PRJNA1102327	cattle
SRR33029775	96159131	324379	25-009833-002	2025	USA	CATTLE	SAMN47843721	WGS	RANDOM	ILLUMINA	NextSeq 2000	PRJNA1102327	cattle
SRR33029776	127533119	430920	25-009833-001	2025	USA	CATTLE	SAMN47843720	WGS	RANDOM	ILLUMINA	NextSeq 2000	PRJNA1102327	cattle
SRR33029777	119293993	401867	25-009829-001	2025	USA	CATTLE	SAMN47843719	WGS	RANDOM	ILLUMINA	NextSeq 2000	PRJNA1102327	cattle
SRR33029778	110025701	370492	25-009827-001	2025	USA	CATTLE	SAMN47843718	WGS	RANDOM	ILLUMINA	NextSeq 2000	PRJNA1102327	cattle
SRR33029779	104307378	352500	25-009824-004	2025	USA	CATTLE	SAMN47843717	WGS	RANDOM	ILLUMINA	NextSeq 2000	PRJNA1102327	cattle
SRR33029780	115299324	388227	25-009824-003	2025	USA	CATTLE	SAMN47843716	WGS	RANDOM	ILLUMINA	NextSeq 2000	PRJNA1102327	cattle
SRR33029781	143794566	484954	25-009824-002	2025	USA	CATTLE	SAMN47843715	WGS	RANDOM	ILLUMINA	NextSeq 2000	PRJNA1102327	cattle
SRR33029782	141495054	478007	24-036421-002	2024	USA	CATTLE	SAMN47843706	WGS	RANDOM	ILLUMINA	NextSeq 2000	PRJNA1102327	cattle
SRR33029783	87330328	294749	24-036210-004	2024	USA	CATTLE	SAMN47843705	WGS	RANDOM	ILLUMINA	NextSeq 2000	PRJNA1102327	cattle
SRR32973838	11626475	39828	25-007549-124	2025	USA	CATTLE	SAMN47777681	WGS	RANDOM	ILLUMINA	NextSeq 2000	PRJNA1102327	cattle
SRR32973839	122888987	414636	25-007549-123	2025	USA	CATTLE	SAMN47777680	WGS	RANDOM	ILLUMINA	NextSeq 2000	PRJNA1102327	cattle
SRR32973840	123562374	416633	25-007549-122	2025	USA	CATTLE	SAMN47777679	WGS	RANDOM	ILLUMINA	NextSeq 2000	PRJNA1102327	cattle
SRR32973841	94779613	320617	25-007549-121	2025	USA	CATTLE	SAMN47777678	WGS	RANDOM	ILLUMINA	NextSeq 2000	PRJNA1102327	cattle
SRR32973842	94926482	320516	25-007549-120	2025	USA	CATTLE	SAMN47777677	WGS	RANDOM	ILLUMINA	NextSeq 2000	PRJNA1102327	cattle
SRR32973843	97064879	327867	25-007549-119	2025	USA	CATTLE	SAMN47777676	WGS	RANDOM	ILLUMINA	NextSeq 2000	PRJNA1102327	cattle
SRR32973844	123843162	417204	25-007549-118	2025	USA	CATTLE	SAMN47777675	WGS	RANDOM	ILLUMINA	NextSeq 2000	PRJNA1102327	cattle
SRR32973845	60754472	205064	25-007549-110	2025	USA	CATTLE	SAMN47777674	WGS	RANDOM	ILLUMINA	NextSeq 2000	PRJNA1102327	cattle
SRR32973846	59126453	199261	25-007549-060	2025	USA	CATTLE	SAMN47777593	WGS	RANDOM	ILLUMINA	NextSeq 2000	PRJNA1102327	cattle
SRR32973847	59826209	201802	25-007549-109	2025	USA	CATTLE	SAMN47777673	WGS	RANDOM	ILLUMINA	NextSeq 2000	PRJNA1102327	cattle
SRR32973848	69707888	235815	25-007549-106	2025	USA	CATTLE	SAMN47777672	WGS	RANDOM	ILLUMINA	NextSeq 2000	PRJNA1102327	cattle
SRR32973849	149170916	504797	25-009258-001	2025	USA	CATTLE	SAMN47777671	WGS	RANDOM	ILLUMINA	NextSeq 2000	PRJNA1102327	cattle
SRR32973850	84303929	283971	25-009255-001	2025	USA	CATTLE	SAMN47777670	WGS	RANDOM	ILLUMINA	NextSeq 2000	PRJNA1102327	cattle
SRR32973851	73228548	247458	25-009083-001	2025	USA	CATTLE	SAMN47777669	WGS	RANDOM	ILLUMINA	NextSeq 2000	PRJNA1102327	cattle
SRR32973852	97098097	327369	25-009058-006	2025	USA	CATTLE	SAMN47777668	WGS	RANDOM	ILLUMINA	NextSeq 2000	PRJNA1102327	cattle
SRR32973853	88526142	298319	25-009058-005	2025	USA	CATTLE	SAMN47777667	WGS	RANDOM	ILLUMINA	NextSeq 2000	PRJNA1102327	cattle
SRR32973854	93791140	315518	25-009058-004	2025	USA	CATTLE	SAMN47777666	WGS	RANDOM	ILLUMINA	NextSeq 2000	PRJNA1102327	cattle
SRR32973855	107093561	360924	25-009058-003	2025	USA	CATTLE	SAMN47777665	WGS	RANDOM	ILLUMINA	NextSeq 2000	PRJNA1102327	cattle
SRR32973856	101641821	342240	25-009058-002	2025	USA	CATTLE	SAMN47777664	WGS	RANDOM	ILLUMINA	NextSeq 2000	PRJNA1102327	cattle
SRR32973857	96920175	325694	25-007549-059	2025	USA	CATTLE	SAMN47777592	WGS	RANDOM	ILLUMINA	NextSeq 2000	PRJNA1102327	cattle
SRR32973858	84443673	284411	25-009050-005	2025	USA	CATTLE	SAMN47777663	WGS	RANDOM	ILLUMINA	NextSeq 2000	PRJNA1102327	cattle
SRR32973859	137920068	466170	25-009050-004	2025	USA	CATTLE	SAMN47777662	WGS	RANDOM	ILLUMINA	NextSeq 2000	PRJNA1102327	cattle
SRR32973860	98359151	331039	25-009050-002	2025	USA	CATTLE	SAMN47777661	WGS	RANDOM	ILLUMINA	NextSeq 2000	PRJNA1102327	cattle
SRR32973861	112621695	380164	25-009050-001	2025	USA	CATTLE	SAMN47777660	WGS	RANDOM	ILLUMINA	NextSeq 2000	PRJNA1102327	cattle
SRR32973862	176181584	595469	25-009049-007	2025	USA	CATTLE	SAMN47777659	WGS	RANDOM	ILLUMINA	NextSeq 2000	PRJNA1102327	cattle
SRR32973863	97301006	329001	25-009049-003	2025	USA	CATTLE	SAMN47777658	WGS	RANDOM	ILLUMINA	NextSeq 2000	PRJNA1102327	cattle
SRR32973864	144404203	490050	25-009049-001	2025	USA	CATTLE	SAMN47777657	WGS	RANDOM	ILLUMINA	NextSeq 2000	PRJNA1102327	cattle
SRR32973865	126395874	427228	25-009041-005	2025	USA	CATTLE	SAMN47777656	WGS	RANDOM	ILLUMINA	NextSeq 2000	PRJNA1102327	cattle
SRR32973866	129494519	439559	25-009041-001	2025	USA	CATTLE	SAMN47777655	WGS	RANDOM	ILLUMINA	NextSeq 2000	PRJNA1102327	cattle
SRR32973867	167203169	564506	25-008882-002	2025	USA	CATTLE	SAMN47777654	WGS	RANDOM	ILLUMINA	NextSeq 2000	PRJNA1102327	cattle
SRR32973868	102012204	343686	25-007549-058	2025	USA	CATTLE	SAMN47777591	WGS	RANDOM	ILLUMINA	NextSeq 2000	PRJNA1102327	cattle
SRR32973869	110822200	374017	25-008882-001	2025	USA	CATTLE	SAMN47777653	WGS	RANDOM	ILLUMINA	NextSeq 2000	PRJNA1102327	cattle
SRR32973870	122158982	414339	25-008872-010	2025	USA	CATTLE	SAMN47777652	WGS	RANDOM	ILLUMINA	NextSeq 2000	PRJNA1102327	cattle
SRR32973871	198454799	675335	25-008872-009	2025	USA	CATTLE	SAMN47777651	WGS	RANDOM	ILLUMINA	NextSeq 2000	PRJNA1102327	cattle
SRR32973872	136418351	462224	25-008872-008	2025	USA	CATTLE	SAMN47777650	WGS	RANDOM	ILLUMINA	NextSeq 2000	PRJNA1102327	cattle
SRR32973873	146210325	497998	25-008872-007	2025	USA	CATTLE	SAMN47777649	WGS	RANDOM	ILLUMINA	NextSeq 2000	PRJNA1102327	cattle
SRR32973874	134685220	458002	25-008872-005	2025	USA	CATTLE	SAMN47777648	WGS	RANDOM	ILLUMINA	NextSeq 2000	PRJNA1102327	cattle
SRR32973875	118122758	401930	25-008872-004	2025	USA	CATTLE	SAMN47777647	WGS	RANDOM	ILLUMINA	NextSeq 2000	PRJNA1102327	cattle
SRR32973876	115338186	390343	25-008872-003	2025	USA	CATTLE	SAMN47777646	WGS	RANDOM	ILLUMINA	NextSeq 2000	PRJNA1102327	cattle
SRR32973877	176506592	599407	25-008872-002	2025	USA	CATTLE	SAMN47777645	WGS	RANDOM	ILLUMINA	NextSeq 2000	PRJNA1102327	cattle
SRR32973878	141193178	477038	25-008872-001	2025	USA	CATTLE	SAMN47777644	WGS	RANDOM	ILLUMINA	NextSeq 2000	PRJNA1102327	cattle
SRR32973879	80315468	269674	25-007549-057	2025	USA	CATTLE	SAMN47777590	WGS	RANDOM	ILLUMINA	NextSeq 2000	PRJNA1102327	cattle
SRR32973880	86647174	293553	25-008836-002	2025	USA	CATTLE	SAMN47777643	WGS	RANDOM	ILLUMINA	NextSeq 2000	PRJNA1102327	cattle
SRR32973881	69069436	233466	25-008836-001	2025	USA	CATTLE	SAMN47777642	WGS	RANDOM	ILLUMINA	NextSeq 2000	PRJNA1102327	cattle
SRR32973882	35042322	124474	25-006508-011	2025	USA	CATTLE	SAMN47777641	WGS	RANDOM	ILLUMINA	NextSeq 2000	PRJNA1102327	cattle
SRR32973883	61251908	214674	25-006508-010	2025	USA	CATTLE	SAMN47777640	WGS	RANDOM	ILLUMINA	NextSeq 2000	PRJNA1102327	cattle
SRR32973884	42045371	146019	25-006508-009	2025	USA	CATTLE	SAMN47777639	WGS	RANDOM	ILLUMINA	NextSeq 2000	PRJNA1102327	cattle
SRR32973885	31111624	110188	25-006508-008	2025	USA	CATTLE	SAMN47777638	WGS	RANDOM	ILLUMINA	NextSeq 2000	PRJNA1102327	cattle
SRR32973886	38056216	130908	25-006508-007	2025	USA	CATTLE	SAMN47777637	WGS	RANDOM	ILLUMINA	NextSeq 2000	PRJNA1102327	cattle
SRR32973887	37168953	130521	25-006508-006	2025	USA	CATTLE	SAMN47777636	WGS	RANDOM	ILLUMINA	NextSeq 2000	PRJNA1102327	cattle
SRR32973888	41794883	143891	25-006508-005	2025	USA	CATTLE	SAMN47777635	WGS	RANDOM	ILLUMINA	NextSeq 2000	PRJNA1102327	cattle
SRR32973889	28609854	101428	25-006508-003	2025	USA	CATTLE	SAMN47777634	WGS	RANDOM	ILLUMINA	NextSeq 2000	PRJNA1102327	cattle
SRR32973890	94508105	317942	25-007549-056	2025	USA	CATTLE	SAMN47777589	WGS	RANDOM	ILLUMINA	NextSeq 2000	PRJNA1102327	cattle
SRR32973891	26532029	94106	25-006508-002	2025	USA	CATTLE	SAMN47777633	WGS	RANDOM	ILLUMINA	NextSeq 2000	PRJNA1102327	cattle
SRR32973892	19581472	68962	25-006508-001	2025	USA	CATTLE	SAMN47777632	WGS	RANDOM	ILLUMINA	NextSeq 2000	PRJNA1102327	cattle
SRR32973893	19107048	67641	25-006507-005	2025	USA	CATTLE	SAMN47777631	WGS	RANDOM	ILLUMINA	NextSeq 2000	PRJNA1102327	cattle
SRR32973894	32760341	115404	25-006507-004	2025	USA	CATTLE	SAMN47777630	WGS	RANDOM	ILLUMINA	NextSeq 2000	PRJNA1102327	cattle
SRR32973895	22327847	79048	25-006507-003	2025	USA	CATTLE	SAMN47777629	WGS	RANDOM	ILLUMINA	NextSeq 2000	PRJNA1102327	cattle
SRR32973896	19456025	68707	25-006507-002	2025	USA	CATTLE	SAMN47777628	WGS	RANDOM	ILLUMINA	NextSeq 2000	PRJNA1102327	cattle
SRR32973897	37829838	131535	25-006507-001	2025	USA	CATTLE	SAMN47777627	WGS	RANDOM	ILLUMINA	NextSeq 2000	PRJNA1102327	cattle
SRR32973898	20514961	74099	25-006506-005	2025	USA	CATTLE	SAMN47777626	WGS	RANDOM	ILLUMINA	NextSeq 2000	PRJNA1102327	cattle
SRR32973899	30402360	109228	25-006506-003	2025	USA	CATTLE	SAMN47777625	WGS	RANDOM	ILLUMINA	NextSeq 2000	PRJNA1102327	cattle
SRR32973900	35763923	126228	25-006506-001	2025	USA	CATTLE	SAMN47777624	WGS	RANDOM	ILLUMINA	NextSeq 2000	PRJNA1102327	cattle
SRR32973901	93564193	315179	25-007549-055	2025	USA	CATTLE	SAMN47777588	WGS	RANDOM	ILLUMINA	NextSeq 2000	PRJNA1102327	cattle
SRR32973902	64450037	217044	25-007549-090	2025	USA	CATTLE	SAMN47777623	WGS	RANDOM	ILLUMINA	NextSeq 2000	PRJNA1102327	cattle
SRR32973903	72362731	243917	25-007549-089	2025	USA	CATTLE	SAMN47777622	WGS	RANDOM	ILLUMINA	NextSeq 2000	PRJNA1102327	cattle
SRR32973904	65363934	219523	25-007549-088	2025	USA	CATTLE	SAMN47777621	WGS	RANDOM	ILLUMINA	NextSeq 2000	PRJNA1102327	cattle
SRR32973905	74259866	250207	25-007549-087	2025	USA	CATTLE	SAMN47777620	WGS	RANDOM	ILLUMINA	NextSeq 2000	PRJNA1102327	cattle
SRR32973906	64068415	215343	25-007549-086	2025	USA	CATTLE	SAMN47777619	WGS	RANDOM	ILLUMINA	NextSeq 2000	PRJNA1102327	cattle
SRR32973907	59868040	201283	25-007549-085	2025	USA	CATTLE	SAMN47777618	WGS	RANDOM	ILLUMINA	NextSeq 2000	PRJNA1102327	cattle
SRR32973908	62910390	211626	25-007549-084	2025	USA	CATTLE	SAMN47777617	WGS	RANDOM	ILLUMINA	NextSeq 2000	PRJNA1102327	cattle
SRR32973909	139443734	469501	25-007549-083	2025	USA	CATTLE	SAMN47777616	WGS	RANDOM	ILLUMINA	NextSeq 2000	PRJNA1102327	cattle
SRR32973910	95013893	319389	25-007549-082	2025	USA	CATTLE	SAMN47777615	WGS	RANDOM	ILLUMINA	NextSeq 2000	PRJNA1102327	cattle
SRR32973911	105617138	355183	25-007549-081	2025	USA	CATTLE	SAMN47777614	WGS	RANDOM	ILLUMINA	NextSeq 2000	PRJNA1102327	cattle
SRR32973912	104612176	351557	25-007549-054	2025	USA	CATTLE	SAMN47777587	WGS	RANDOM	ILLUMINA	NextSeq 2000	PRJNA1102327	cattle
SRR32973913	60651718	204418	25-007549-080	2025	USA	CATTLE	SAMN47777613	WGS	RANDOM	ILLUMINA	NextSeq 2000	PRJNA1102327	cattle
SRR32973914	55454657	186265	25-007549-079	2025	USA	CATTLE	SAMN47777612	WGS	RANDOM	ILLUMINA	NextSeq 2000	PRJNA1102327	cattle
SRR32973915	69077922	232157	25-007549-078	2025	USA	CATTLE	SAMN47777611	WGS	RANDOM	ILLUMINA	NextSeq 2000	PRJNA1102327	cattle
SRR32973916	65062711	218596	25-007549-077	2025	USA	CATTLE	SAMN47777610	WGS	RANDOM	ILLUMINA	NextSeq 2000	PRJNA1102327	cattle
SRR32973917	58532896	196547	25-007549-076	2025	USA	CATTLE	SAMN47777609	WGS	RANDOM	ILLUMINA	NextSeq 2000	PRJNA1102327	cattle
SRR32973918	78773299	265042	25-007549-075	2025	USA	CATTLE	SAMN47777608	WGS	RANDOM	ILLUMINA	NextSeq 2000	PRJNA1102327	cattle
SRR32973919	65912835	221590	25-007549-074	2025	USA	CATTLE	SAMN47777607	WGS	RANDOM	ILLUMINA	NextSeq 2000	PRJNA1102327	cattle
SRR32973920	63857585	214988	25-007549-073	2025	USA	CATTLE	SAMN47777606	WGS	RANDOM	ILLUMINA	NextSeq 2000	PRJNA1102327	cattle
SRR32973921	90588446	305584	25-007549-072	2025	USA	CATTLE	SAMN47777605	WGS	RANDOM	ILLUMINA	NextSeq 2000	PRJNA1102327	cattle
SRR32973922	94890607	319191	25-007549-071	2025	USA	CATTLE	SAMN47777604	WGS	RANDOM	ILLUMINA	NextSeq 2000	PRJNA1102327	cattle
SRR32973923	65797768	221448	25-007549-053	2025	USA	CATTLE	SAMN47777586	WGS	RANDOM	ILLUMINA	NextSeq 2000	PRJNA1102327	cattle
SRR32973924	95254011	320199	25-007549-070	2025	USA	CATTLE	SAMN47777603	WGS	RANDOM	ILLUMINA	NextSeq 2000	PRJNA1102327	cattle
SRR32973925	82324601	276353	25-007549-069	2025	USA	CATTLE	SAMN47777602	WGS	RANDOM	ILLUMINA	NextSeq 2000	PRJNA1102327	cattle
SRR32973926	71780311	241242	25-007549-068	2025	USA	CATTLE	SAMN47777601	WGS	RANDOM	ILLUMINA	NextSeq 2000	PRJNA1102327	cattle
SRR32973927	84907564	285439	25-007549-067	2025	USA	CATTLE	SAMN47777600	WGS	RANDOM	ILLUMINA	NextSeq 2000	PRJNA1102327	cattle
SRR32973928	78318301	263515	25-007549-066	2025	USA	CATTLE	SAMN47777599	WGS	RANDOM	ILLUMINA	NextSeq 2000	PRJNA1102327	cattle
SRR32973929	60065636	201773	25-007549-065	2025	USA	CATTLE	SAMN47777598	WGS	RANDOM	ILLUMINA	NextSeq 2000	PRJNA1102327	cattle
SRR32973930	40391866	153781	25-009619-011	2025	USA	PET FOOD	SAMN47777717	WGS	RANDOM	ILLUMINA	NextSeq 2000	PRJNA1102327	other
SRR32973931	30676622	117799	25-009619-010	2025	USA	PET FOOD	SAMN47777716	WGS	RANDOM	ILLUMINA	NextSeq 2000	PRJNA1102327	other
SRR32973932	66509131	249032	25-009619-009	2025	USA	PET FOOD	SAMN47777715	WGS	RANDOM	ILLUMINA	NextSeq 2000	PRJNA1102327	other
SRR32973933	37441912	142294	25-009619-008	2025	USA	PET FOOD	SAMN47777714	WGS	RANDOM	ILLUMINA	NextSeq 2000	PRJNA1102327	other
SRR32973934	81196301	273592	25-007549-127	2025	USA	CATTLE	SAMN47777684	WGS	RANDOM	ILLUMINA	NextSeq 2000	PRJNA1102327	cattle
SRR32973935	64627079	217345	25-007549-061	2025	USA	CATTLE	SAMN47777594	WGS	RANDOM	ILLUMINA	NextSeq 2000	PRJNA1102327	cattle
SRR32973936	113037952	380030	25-007549-049	2025	USA	CATTLE	SAMN47777585	WGS	RANDOM	ILLUMINA	NextSeq 2000	PRJNA1102327	cattle
SRR32973937	121250400	408572	25-007549-048	2025	USA	CATTLE	SAMN47777584	WGS	RANDOM	ILLUMINA	NextSeq 2000	PRJNA1102327	cattle
SRR32973938	78768102	265857	25-007549-126	2025	USA	CATTLE	SAMN47777683	WGS	RANDOM	ILLUMINA	NextSeq 2000	PRJNA1102327	cattle
SRR32973939	100626302	338314	25-007549-125	2025	USA	CATTLE	SAMN47777682	WGS	RANDOM	ILLUMINA	NextSeq 2000	PRJNA1102327	cattle
SRR32973940	70063759	235249	25-007549-064	2025	USA	CATTLE	SAMN47777597	WGS	RANDOM	ILLUMINA	NextSeq 2000	PRJNA1102327	cattle
SRR32973941	59755603	223974	25-009619-007	2025	USA	PET FOOD	SAMN47777713	WGS	RANDOM	ILLUMINA	NextSeq 2000	PRJNA1102327	other
SRR32973942	37891181	149585	25-009619-006	2025	USA	PET FOOD	SAMN47777712	WGS	RANDOM	ILLUMINA	NextSeq 2000	PRJNA1102327	other
SRR32973943	49950891	191216	25-009619-004	2025	USA	PET FOOD	SAMN47777711	WGS	RANDOM	ILLUMINA	NextSeq 2000	PRJNA1102327	other
SRR32973944	56806550	214830	25-009619-003	2025	USA	PET FOOD	SAMN47777710	WGS	RANDOM	ILLUMINA	NextSeq 2000	PRJNA1102327	other
SRR32973945	36808997	141091	25-009619-002	2025	USA	PET FOOD	SAMN47777709	WGS	RANDOM	ILLUMINA	NextSeq 2000	PRJNA1102327	other
SRR32973946	172562624	645967	25-009619-001	2025	USA	PET FOOD	SAMN47777708	WGS	RANDOM	ILLUMINA	NextSeq 2000	PRJNA1102327	other
SRR32973948	300349211	1035331	25-009497-001	2025	USA	CATTLE	SAMN47777706	WGS	RANDOM	ILLUMINA	NextSeq 2000	PRJNA1102327	cattle
SRR32973949	139818111	541276	25-007185-004	2025	USA	CATTLE	SAMN47777705	WGS	RANDOM	ILLUMINA	NextSeq 2000	PRJNA1102327	cattle
SRR32973950	147704891	565478	25-004631-004	2025	USA	CATTLE	SAMN47777704	WGS	RANDOM	ILLUMINA	NextSeq 2000	PRJNA1102327	cattle
SRR32973951	77345803	259984	25-007549-063	2025	USA	CATTLE	SAMN47777596	WGS	RANDOM	ILLUMINA	NextSeq 2000	PRJNA1102327	cattle
SRR32973952	230497532	864517	25-004631-003	2025	USA	CATTLE	SAMN47777703	WGS	RANDOM	ILLUMINA	NextSeq 2000	PRJNA1102327	cattle
SRR32973953	225198223	846554	25-003670-004	2025	USA	CATTLE	SAMN47777702	WGS	RANDOM	ILLUMINA	NextSeq 2000	PRJNA1102327	cattle
SRR32973954	74993185	293569	25-001948-005	2025	USA	CATTLE	SAMN47777701	WGS	RANDOM	ILLUMINA	NextSeq 2000	PRJNA1102327	cattle
SRR32973955	185872724	702513	24-033204-002	2024	USA	CATTLE	SAMN47777700	WGS	RANDOM	ILLUMINA	NextSeq 2000	PRJNA1102327	cattle
SRR32973956	293011010	1013091	25-006511-006	2025	USA	CATTLE	SAMN47777699	WGS	RANDOM	ILLUMINA	NextSeq 2000	PRJNA1102327	cattle
SRR32973957	378888398	1298638	25-006511-005	2025	USA	CATTLE	SAMN47777698	WGS	RANDOM	ILLUMINA	NextSeq 2000	PRJNA1102327	cattle
SRR32973958	72404152	259270	25-006511-002	2025	USA	CATTLE	SAMN47777697	WGS	RANDOM	ILLUMINA	NextSeq 2000	PRJNA1102327	cattle
SRR32973959	360013578	1264486	25-006510-002	2025	USA	CATTLE	SAMN47777696	WGS	RANDOM	ILLUMINA	NextSeq 2000	PRJNA1102327	cattle
SRR32973960	308800305	1081711	25-006509-001	2025	USA	CATTLE	SAMN47777695	WGS	RANDOM	ILLUMINA	NextSeq 2000	PRJNA1102327	cattle
SRR32973961	37277450	138071	25-006508-020	2025	USA	CATTLE	SAMN47777694	WGS	RANDOM	ILLUMINA	NextSeq 2000	PRJNA1102327	cattle
SRR32973962	93656942	315311	25-007549-062	2025	USA	CATTLE	SAMN47777595	WGS	RANDOM	ILLUMINA	NextSeq 2000	PRJNA1102327	cattle
SRR32973963	77594696	274366	25-006508-012	2025	USA	CATTLE	SAMN47777693	WGS	RANDOM	ILLUMINA	NextSeq 2000	PRJNA1102327	cattle
SRR32973964	14291997	48564	25-007549-135	2025	USA	CATTLE	SAMN47777692	WGS	RANDOM	ILLUMINA	NextSeq 2000	PRJNA1102327	cattle
SRR32973965	43842833	147408	25-007549-134	2025	USA	CATTLE	SAMN47777691	WGS	RANDOM	ILLUMINA	NextSeq 2000	PRJNA1102327	cattle
SRR32973966	103567958	350495	25-007549-133	2025	USA	CATTLE	SAMN47777690	WGS	RANDOM	ILLUMINA	NextSeq 2000	PRJNA1102327	cattle
SRR32973967	116496497	394574	25-007549-132	2025	USA	CATTLE	SAMN47777689	WGS	RANDOM	ILLUMINA	NextSeq 2000	PRJNA1102327	cattle
SRR32973968	100174140	337946	25-007549-131	2025	USA	CATTLE	SAMN47777688	WGS	RANDOM	ILLUMINA	NextSeq 2000	PRJNA1102327	cattle
SRR32973969	111410685	375344	25-007549-130	2025	USA	CATTLE	SAMN47777687	WGS	RANDOM	ILLUMINA	NextSeq 2000	PRJNA1102327	cattle
SRR32973970	122833417	414381	25-007549-129	2025	USA	CATTLE	SAMN47777686	WGS	RANDOM	ILLUMINA	NextSeq 2000	PRJNA1102327	cattle
SRR32973971	100849771	340708	25-007549-128	2025	USA	CATTLE	SAMN47777685	WGS	RANDOM	ILLUMINA	NextSeq 2000	PRJNA1102327	cattle
SRR32868622	121730317	412103	25-007935-001	2025	USA	CATTLE	SAMN47586631	WGS	RANDOM	ILLUMINA	NextSeq 2000	PRJNA1102327	cattle
SRR32868623	99791510	339073	25-007931-003	2025	USA	CATTLE	SAMN47586630	WGS	RANDOM	ILLUMINA	NextSeq 2000	PRJNA1102327	cattle
SRR32868624	132109242	448906	25-007931-002	2025	USA	CATTLE	SAMN47586629	WGS	RANDOM	ILLUMINA	NextSeq 2000	PRJNA1102327	cattle
SRR32868625	111466535	378463	25-007931-001	2025	USA	CATTLE	SAMN47586628	WGS	RANDOM	ILLUMINA	NextSeq 2000	PRJNA1102327	cattle
SRR32868630	104063613	350464	25-008835-003	2025	USA	CATTLE	SAMN47586673	WGS	RANDOM	ILLUMINA	NextSeq 2000	PRJNA1102327	cattle
SRR32868631	78132506	262473	25-008835-002	2025	USA	CATTLE	SAMN47586672	WGS	RANDOM	ILLUMINA	NextSeq 2000	PRJNA1102327	cattle
SRR32868632	143191164	485190	25-007921-009	2025	USA	CATTLE	SAMN47586627	WGS	RANDOM	ILLUMINA	NextSeq 2000	PRJNA1102327	cattle
SRR32868633	110196474	369883	25-008835-001	2025	USA	CATTLE	SAMN47586671	WGS	RANDOM	ILLUMINA	NextSeq 2000	PRJNA1102327	cattle
SRR32868634	114231102	385274	25-007549-047	2025	USA	CATTLE	SAMN47586670	WGS	RANDOM	ILLUMINA	NextSeq 2000	PRJNA1102327	cattle
SRR32868635	80303596	270257	25-007549-045	2025	USA	CATTLE	SAMN47586669	WGS	RANDOM	ILLUMINA	NextSeq 2000	PRJNA1102327	cattle
SRR32868636	140395165	473014	25-007549-043	2025	USA	CATTLE	SAMN47586668	WGS	RANDOM	ILLUMINA	NextSeq 2000	PRJNA1102327	cattle
SRR32868637	136876303	461463	25-007549-041	2025	USA	CATTLE	SAMN47586667	WGS	RANDOM	ILLUMINA	NextSeq 2000	PRJNA1102327	cattle
SRR32868638	152129356	516767	25-007549-039	2025	USA	CATTLE	SAMN47586666	WGS	RANDOM	ILLUMINA	NextSeq 2000	PRJNA1102327	cattle
SRR32868639	121513647	409491	25-007549-037	2025	USA	CATTLE	SAMN47586665	WGS	RANDOM	ILLUMINA	NextSeq 2000	PRJNA1102327	cattle
SRR32868640	111493089	375828	25-007549-036	2025	USA	CATTLE	SAMN47586664	WGS	RANDOM	ILLUMINA	NextSeq 2000	PRJNA1102327	cattle
SRR32868641	123417086	415368	25-007549-035	2025	USA	CATTLE	SAMN47586663	WGS	RANDOM	ILLUMINA	NextSeq 2000	PRJNA1102327	cattle
SRR32868642	135392406	456874	25-007549-034	2025	USA	CATTLE	SAMN47586662	WGS	RANDOM	ILLUMINA	NextSeq 2000	PRJNA1102327	cattle
SRR32868643	107945974	364564	25-007921-007	2025	USA	CATTLE	SAMN47586626	WGS	RANDOM	ILLUMINA	NextSeq 2000	PRJNA1102327	cattle
SRR32868644	110033411	371323	25-007549-033	2025	USA	CATTLE	SAMN47586661	WGS	RANDOM	ILLUMINA	NextSeq 2000	PRJNA1102327	cattle
SRR32868645	99417296	334991	25-007549-031	2025	USA	CATTLE	SAMN47586660	WGS	RANDOM	ILLUMINA	NextSeq 2000	PRJNA1102327	cattle
SRR32868646	135539791	456512	25-007549-030	2025	USA	CATTLE	SAMN47586659	WGS	RANDOM	ILLUMINA	NextSeq 2000	PRJNA1102327	cattle
SRR32868647	131801441	444708	25-007549-029	2025	USA	CATTLE	SAMN47586658	WGS	RANDOM	ILLUMINA	NextSeq 2000	PRJNA1102327	cattle
SRR32868648	108670483	365824	25-007549-028	2025	USA	CATTLE	SAMN47586657	WGS	RANDOM	ILLUMINA	NextSeq 2000	PRJNA1102327	cattle
SRR32868649	131313111	442977	25-007549-027	2025	USA	CATTLE	SAMN47586656	WGS	RANDOM	ILLUMINA	NextSeq 2000	PRJNA1102327	cattle
SRR32868650	94905077	320258	25-007549-025	2025	USA	CATTLE	SAMN47586655	WGS	RANDOM	ILLUMINA	NextSeq 2000	PRJNA1102327	cattle
SRR32868651	119828037	403617	25-007549-024	2025	USA	CATTLE	SAMN47586654	WGS	RANDOM	ILLUMINA	NextSeq 2000	PRJNA1102327	cattle
SRR32868652	113533903	383593	25-007549-022	2025	USA	CATTLE	SAMN47586653	WGS	RANDOM	ILLUMINA	NextSeq 2000	PRJNA1102327	cattle
SRR32868653	111999839	377303	25-007549-021	2025	USA	CATTLE	SAMN47586652	WGS	RANDOM	ILLUMINA	NextSeq 2000	PRJNA1102327	cattle
SRR32868654	110403261	372894	25-007921-006	2025	USA	CATTLE	SAMN47586625	WGS	RANDOM	ILLUMINA	NextSeq 2000	PRJNA1102327	cattle
SRR32868655	107972238	363139	25-007549-019	2025	USA	CATTLE	SAMN47586651	WGS	RANDOM	ILLUMINA	NextSeq 2000	PRJNA1102327	cattle
SRR32868656	82423536	279317	25-007549-018	2025	USA	CATTLE	SAMN47586650	WGS	RANDOM	ILLUMINA	NextSeq 2000	PRJNA1102327	cattle
SRR32868657	111584888	375486	25-007549-017	2025	USA	CATTLE	SAMN47586649	WGS	RANDOM	ILLUMINA	NextSeq 2000	PRJNA1102327	cattle
SRR32868658	118342634	399015	25-007549-016	2025	USA	CATTLE	SAMN47586648	WGS	RANDOM	ILLUMINA	NextSeq 2000	PRJNA1102327	cattle
SRR32868659	108263172	364568	25-007549-015	2025	USA	CATTLE	SAMN47586647	WGS	RANDOM	ILLUMINA	NextSeq 2000	PRJNA1102327	cattle
SRR32868660	110553692	371463	25-007549-014	2025	USA	CATTLE	SAMN47586646	WGS	RANDOM	ILLUMINA	NextSeq 2000	PRJNA1102327	cattle
SRR32868661	111747194	375783	25-007549-013	2025	USA	CATTLE	SAMN47586645	WGS	RANDOM	ILLUMINA	NextSeq 2000	PRJNA1102327	cattle
SRR32868662	113667176	383226	25-007549-012	2025	USA	CATTLE	SAMN47586644	WGS	RANDOM	ILLUMINA	NextSeq 2000	PRJNA1102327	cattle
SRR32868663	101364215	341204	25-007549-011	2025	USA	CATTLE	SAMN47586643	WGS	RANDOM	ILLUMINA	NextSeq 2000	PRJNA1102327	cattle
SRR32868664	122398376	412697	25-007549-010	2025	USA	CATTLE	SAMN47586642	WGS	RANDOM	ILLUMINA	NextSeq 2000	PRJNA1102327	cattle
SRR32868665	103401118	350826	25-007921-004	2025	USA	CATTLE	SAMN47586624	WGS	RANDOM	ILLUMINA	NextSeq 2000	PRJNA1102327	cattle
SRR32868666	113481404	382045	25-007549-009	2025	USA	CATTLE	SAMN47586641	WGS	RANDOM	ILLUMINA	NextSeq 2000	PRJNA1102327	cattle
SRR32868667	127718733	429954	25-007549-008	2025	USA	CATTLE	SAMN47586640	WGS	RANDOM	ILLUMINA	NextSeq 2000	PRJNA1102327	cattle
SRR32868668	116858324	393048	25-007549-007	2025	USA	CATTLE	SAMN47586639	WGS	RANDOM	ILLUMINA	NextSeq 2000	PRJNA1102327	cattle
SRR32868669	138693867	466886	25-007549-006	2025	USA	CATTLE	SAMN47586638	WGS	RANDOM	ILLUMINA	NextSeq 2000	PRJNA1102327	cattle
SRR32868670	134855718	454041	25-007549-005	2025	USA	CATTLE	SAMN47586637	WGS	RANDOM	ILLUMINA	NextSeq 2000	PRJNA1102327	cattle
SRR32868671	112938389	382571	25-007940-002	2025	USA	CATTLE	SAMN47586636	WGS	RANDOM	ILLUMINA	NextSeq 2000	PRJNA1102327	cattle
SRR32868672	106599382	362036	25-007939-008	2025	USA	CATTLE	SAMN47586635	WGS	RANDOM	ILLUMINA	NextSeq 2000	PRJNA1102327	cattle
SRR32868673	128979381	439387	25-007939-007	2025	USA	CATTLE	SAMN47586634	WGS	RANDOM	ILLUMINA	NextSeq 2000	PRJNA1102327	cattle
SRR32868674	129615288	439898	25-007939-002	2025	USA	CATTLE	SAMN47586633	WGS	RANDOM	ILLUMINA	NextSeq 2000	PRJNA1102327	cattle
SRR32868675	142675491	485143	25-007935-002	2025	USA	CATTLE	SAMN47586632	WGS	RANDOM	ILLUMINA	NextSeq 2000	PRJNA1102327	cattle
SRR32868676	99718016	337392	25-007901-003	2025	USA	CATTLE	SAMN47586623	WGS	RANDOM	ILLUMINA	NextSeq 2000	PRJNA1102327	cattle
SRR32868677	125728732	425088	25-007807-002	2025	USA	CATTLE	SAMN47586622	WGS	RANDOM	ILLUMINA	NextSeq 2000	PRJNA1102327	cattle
SRR32804446	102522390	344210	25-007967-001	2025	USA	CATTLE	SAMN47505610	WGS	RANDOM	ILLUMINA	NextSeq 2000	PRJNA1102327	cattle
SRR32804447	89571161	301251	25-007943-001	2025	USA	CATTLE	SAMN47505609	WGS	RANDOM	ILLUMINA	NextSeq 2000	PRJNA1102327	cattle
SRR32804448	110216563	369737	25-007915-001	2025	USA	CATTLE	SAMN47505608	WGS	RANDOM	ILLUMINA	NextSeq 2000	PRJNA1102327	cattle
SRR32804449	97527378	327725	25-007897-001	2025	USA	CATTLE	SAMN47505607	WGS	RANDOM	ILLUMINA	NextSeq 2000	PRJNA1102327	cattle
SRR32804450	70989704	238272	25-007201-004	2025	USA	CATTLE	SAMN47505606	WGS	RANDOM	ILLUMINA	NextSeq 2000	PRJNA1102327	cattle
SRR32804451	83517507	280696	25-007185-006	2025	USA	CATTLE	SAMN47505605	WGS	RANDOM	ILLUMINA	NextSeq 2000	PRJNA1102327	cattle
SRR32804452	108090450	363714	25-007640-001	2025	USA	TURKEY	SAMN47505631	WGS	RANDOM	ILLUMINA	NextSeq 2000	PRJNA1102327	poultry_wildbird
SRR32804453	100673018	357253	25-007637-012	2025	USA	PET FOOD	SAMN47505630	WGS	RANDOM	ILLUMINA	NextSeq 2000	PRJNA1102327	other
SRR32804454	141029323	501657	25-007637-011	2025	USA	PET FOOD	SAMN47505629	WGS	RANDOM	ILLUMINA	NextSeq 2000	PRJNA1102327	other
SRR32804455	18144590	64440	25-007637-010	2025	USA	PET FOOD	SAMN47505628	WGS	RANDOM	ILLUMINA	NextSeq 2000	PRJNA1102327	other
SRR32804456	153120179	544082	25-007637-008	2025	USA	PET FOOD	SAMN47505627	WGS	RANDOM	ILLUMINA	NextSeq 2000	PRJNA1102327	other
SRR32804457	171526691	608485	25-007637-007	2025	USA	PET FOOD	SAMN47505626	WGS	RANDOM	ILLUMINA	NextSeq 2000	PRJNA1102327	other
SRR32804458	121912058	432570	25-007637-006	2025	USA	PET FOOD	SAMN47505625	WGS	RANDOM	ILLUMINA	NextSeq 2000	PRJNA1102327	other
SRR32804459	127691278	456049	25-007637-004	2025	USA	PET FOOD	SAMN47505624	WGS	RANDOM	ILLUMINA	NextSeq 2000	PRJNA1102327	other
SRR32804460	106527800	380623	25-007637-003	2025	USA	PET FOOD	SAMN47505623	WGS	RANDOM	ILLUMINA	NextSeq 2000	PRJNA1102327	other
SRR32804461	104993358	375380	25-007637-002	2025	USA	PET FOOD	SAMN47505622	WGS	RANDOM	ILLUMINA	NextSeq 2000	PRJNA1102327	other
SRR32804462	65687464	221199	25-007185-005	2025	USA	CATTLE	SAMN47505604	WGS	RANDOM	ILLUMINA	NextSeq 2000	PRJNA1102327	cattle
SRR32804463	168591734	602568	25-005370-008	2025	USA	PET FOOD	SAMN47505621	WGS	RANDOM	ILLUMINA	NextSeq 2000	PRJNA1102327	other
SRR32804464	142302064	507660	25-005370-007	2025	USA	PET FOOD	SAMN47505620	WGS	RANDOM	ILLUMINA	NextSeq 2000	PRJNA1102327	other
SRR32804465	124280441	443021	25-005370-006	2025	USA	PET FOOD	SAMN47505619	WGS	RANDOM	ILLUMINA	NextSeq 2000	PRJNA1102327	other
SRR32804466	90453791	325707	25-005370-004	2025	USA	PET FOOD	SAMN47505618	WGS	RANDOM	ILLUMINA	NextSeq 2000	PRJNA1102327	other
SRR32804467	117559365	422294	25-005370-003	2025	USA	PET FOOD	SAMN47505617	WGS	RANDOM	ILLUMINA	NextSeq 2000	PRJNA1102327	other
SRR32804468	100783751	362210	25-005370-002	2025	USA	PET FOOD	SAMN47505616	WGS	RANDOM	ILLUMINA	NextSeq 2000	PRJNA1102327	other
SRR32804469	94285444	337363	25-005350-004	2025	USA	PET FOOD	SAMN47505615	WGS	RANDOM	ILLUMINA	NextSeq 2000	PRJNA1102327	other
SRR32804470	84753049	303300	25-005350-003	2025	USA	PET FOOD	SAMN47505614	WGS	RANDOM	ILLUMINA	NextSeq 2000	PRJNA1102327	other
SRR32804471	126872777	455301	25-005350-002	2025	USA	PET FOOD	SAMN47505613	WGS	RANDOM	ILLUMINA	NextSeq 2000	PRJNA1102327	other
SRR32804473	91256624	306014	25-007185-003	2025	USA	CATTLE	SAMN47505603	WGS	RANDOM	ILLUMINA	NextSeq 2000	PRJNA1102327	cattle
SRR32804474	290751354	978008	25-006980-006	2025	USA	CATTLE	SAMN47505602	WGS	RANDOM	ILLUMINA	NextSeq 2000	PRJNA1102327	cattle
SRR32653895	100760230	341351	25-003268-001	2025	USA	CATTLE	SAMN47305025	WGS	RANDOM	ILLUMINA	NextSeq 2000	PRJNA1102327	cattle
SRR32653896	170346135	578560	25-003262-003	2025	USA	CATTLE	SAMN47305024	WGS	RANDOM	ILLUMINA	NextSeq 2000	PRJNA1102327	cattle
SRR32653897	69910137	236082	25-003262-002	2025	USA	CATTLE	SAMN47305023	WGS	RANDOM	ILLUMINA	NextSeq 2000	PRJNA1102327	cattle
SRR32653898	61895474	208808	25-003262-001	2025	USA	CATTLE	SAMN47305022	WGS	RANDOM	ILLUMINA	NextSeq 2000	PRJNA1102327	cattle
SRR32653899	67537431	227904	25-003063-003	2025	USA	DUCK	SAMN47305021	WGS	RANDOM	ILLUMINA	NextSeq 2000	PRJNA1102327	poultry_wildbird
SRR32653900	71719252	242140	25-003040-001	2025	USA	CATTLE	SAMN47305020	WGS	RANDOM	ILLUMINA	NextSeq 2000	PRJNA1102327	cattle
SRR32653901	83903903	285139	25-002942-001	2025	USA	CATTLE	SAMN47305019	WGS	RANDOM	ILLUMINA	NextSeq 2000	PRJNA1102327	cattle
SRR32653902	104463462	351550	25-002928-001	2025	USA	CATTLE	SAMN47305018	WGS	RANDOM	ILLUMINA	NextSeq 2000	PRJNA1102327	cattle
SRR32653904	141416879	480919	25-003471-001	2025	USA	CATTLE	SAMN47305026	WGS	RANDOM	ILLUMINA	NextSeq 2000	PRJNA1102327	cattle
SRR32653905	158839461	538044	25-002723-001	2025	USA	CATTLE	SAMN47305017	WGS	RANDOM	ILLUMINA	NextSeq 2000	PRJNA1102327	cattle
SRR32653906	84997921	286637	25-002697-001	2025	USA	CATTLE	SAMN47305016	WGS	RANDOM	ILLUMINA	NextSeq 2000	PRJNA1102327	cattle
SRR32633069	116464770	391966	25-005508-006	2025	USA	CATTLE	SAMN47290834	WGS	RANDOM	ILLUMINA	NextSeq 2000	PRJNA1102327	cattle
SRR32633070	122794731	413033	25-005508-005	2025	USA	CATTLE	SAMN47290833	WGS	RANDOM	ILLUMINA	NextSeq 2000	PRJNA1102327	cattle
SRR32633071	87656038	294733	25-005508-004	2025	USA	CATTLE	SAMN47290832	WGS	RANDOM	ILLUMINA	NextSeq 2000	PRJNA1102327	cattle
SRR32633072	99836973	335739	25-005508-003	2025	USA	CATTLE	SAMN47290831	WGS	RANDOM	ILLUMINA	NextSeq 2000	PRJNA1102327	cattle
SRR32633073	103863624	349286	25-005508-002	2025	USA	CATTLE	SAMN47290830	WGS	RANDOM	ILLUMINA	NextSeq 2000	PRJNA1102327	cattle
SRR32633074	126564771	426602	25-005508-001	2025	USA	CATTLE	SAMN47290829	WGS	RANDOM	ILLUMINA	NextSeq 2000	PRJNA1102327	cattle
SRR32633075	67480075	228672	25-004757-014	2025	USA	RAW PET FOOD	SAMN47290863	WGS	RANDOM	ILLUMINA	NextSeq 2000	PRJNA1102327	other
SRR32633076	100666723	341661	25-004757-013	2025	USA	RAW PET FOOD	SAMN47290862	WGS	RANDOM	ILLUMINA	NextSeq 2000	PRJNA1102327	other
SRR32633077	69868215	236579	25-004757-011	2025	USA	RAW PET FOOD	SAMN47290861	WGS	RANDOM	ILLUMINA	NextSeq 2000	PRJNA1102327	other
SRR32633078	134841001	458862	25-004757-010	2025	USA	RAW PET FOOD	SAMN47290860	WGS	RANDOM	ILLUMINA	NextSeq 2000	PRJNA1102327	other
SRR32633079	110678304	376611	25-004757-009	2025	USA	RAW PET FOOD	SAMN47290859	WGS	RANDOM	ILLUMINA	NextSeq 2000	PRJNA1102327	other
SRR32633080	97089221	328931	25-004757-008	2025	USA	RAW PET FOOD	SAMN47290858	WGS	RANDOM	ILLUMINA	NextSeq 2000	PRJNA1102327	other
SRR32633081	110379811	375220	25-004757-007	2025	USA	RAW PET FOOD	SAMN47290857	WGS	RANDOM	ILLUMINA	NextSeq 2000	PRJNA1102327	other
SRR32633082	78820059	266814	25-004757-006	2025	USA	RAW PET FOOD	SAMN47290856	WGS	RANDOM	ILLUMINA	NextSeq 2000	PRJNA1102327	other
SRR32633083	81401129	276188	25-004757-005	2025	USA	RAW PET FOOD	SAMN47290855	WGS	RANDOM	ILLUMINA	NextSeq 2000	PRJNA1102327	other
SRR32633084	106084089	356754	25-005506-002	2025	USA	CATTLE	SAMN47290828	WGS	RANDOM	ILLUMINA	NextSeq 2000	PRJNA1102327	cattle
SRR32633085	87243553	295686	25-004757-004	2025	USA	RAW PET FOOD	SAMN47290854	WGS	RANDOM	ILLUMINA	NextSeq 2000	PRJNA1102327	other
SRR32633086	75612226	255606	25-004757-002	2025	USA	RAW PET FOOD	SAMN47290853	WGS	RANDOM	ILLUMINA	NextSeq 2000	PRJNA1102327	other
SRR32633087	78326852	265491	25-004757-001	2025	USA	RAW PET FOOD	SAMN47290852	WGS	RANDOM	ILLUMINA	NextSeq 2000	PRJNA1102327	other
SRR32633091	131423915	443771	25-005717-001	2025	USA	CATTLE	SAMN47290848	WGS	RANDOM	ILLUMINA	NextSeq 2000	PRJNA1102327	cattle
SRR32633092	103706809	349879	25-005681-001	2025	USA	CATTLE	SAMN47290847	WGS	RANDOM	ILLUMINA	NextSeq 2000	PRJNA1102327	cattle
SRR32633093	105910536	357504	25-005677-001	2025	USA	CATTLE	SAMN47290846	WGS	RANDOM	ILLUMINA	NextSeq 2000	PRJNA1102327	cattle
SRR32633094	109655942	370187	25-005648-001	2025	USA	CATTLE	SAMN47290845	WGS	RANDOM	ILLUMINA	NextSeq 2000	PRJNA1102327	cattle
SRR32633095	137927590	464739	25-005506-001	2025	USA	CATTLE	SAMN47290827	WGS	RANDOM	ILLUMINA	NextSeq 2000	PRJNA1102327	cattle
SRR32633096	91353898	308042	25-005629-001	2025	USA	CATTLE	SAMN47290844	WGS	RANDOM	ILLUMINA	NextSeq 2000	PRJNA1102327	cattle
SRR32633097	123634449	416316	25-005546-002	2025	USA	CATTLE	SAMN47290843	WGS	RANDOM	ILLUMINA	NextSeq 2000	PRJNA1102327	cattle
SRR32633098	166832448	563274	25-005546-001	2025	USA	CATTLE	SAMN47290842	WGS	RANDOM	ILLUMINA	NextSeq 2000	PRJNA1102327	cattle
SRR32633099	102652197	345461	25-005527-007	2025	USA	CATTLE	SAMN47290841	WGS	RANDOM	ILLUMINA	NextSeq 2000	PRJNA1102327	cattle
SRR32633100	83847489	281767	25-005521-004	2025	USA	CATTLE	SAMN47290840	WGS	RANDOM	ILLUMINA	NextSeq 2000	PRJNA1102327	cattle
SRR32633101	81511793	273860	25-005512-005	2025	USA	CATTLE	SAMN47290839	WGS	RANDOM	ILLUMINA	NextSeq 2000	PRJNA1102327	cattle
SRR32633102	87641817	294799	25-005512-004	2025	USA	CATTLE	SAMN47290838	WGS	RANDOM	ILLUMINA	NextSeq 2000	PRJNA1102327	cattle
SRR32633103	108436208	364448	25-005512-003	2025	USA	CATTLE	SAMN47290837	WGS	RANDOM	ILLUMINA	NextSeq 2000	PRJNA1102327	cattle
SRR32633104	90195365	303124	25-005512-002	2025	USA	CATTLE	SAMN47290836	WGS	RANDOM	ILLUMINA	NextSeq 2000	PRJNA1102327	cattle
SRR32633105	89418970	300772	25-005512-001	2025	USA	CATTLE	SAMN47290835	WGS	RANDOM	ILLUMINA	NextSeq 2000	PRJNA1102327	cattle
SRR32633106	84745077	285158	25-005501-002	2025	USA	CATTLE	SAMN47290826	WGS	RANDOM	ILLUMINA	NextSeq 2000	PRJNA1102327	cattle
SRR32633107	114370864	385028	25-005501-001	2025	USA	CATTLE	SAMN47290825	WGS	RANDOM	ILLUMINA	NextSeq 2000	PRJNA1102327	cattle
SRR32512914	118791542	400936	25-004631-006	2025	USA	CATTLE	SAMN47130900	WGS	RANDOM	ILLUMINA	NextSeq 2000	PRJNA1102327	cattle
SRR32512915	125378793	423223	25-004631-005	2025	USA	CATTLE	SAMN47130899	WGS	RANDOM	ILLUMINA	NextSeq 2000	PRJNA1102327	cattle
SRR32512916	114140652	386220	25-004631-002	2025	USA	CATTLE	SAMN47130898	WGS	RANDOM	ILLUMINA	NextSeq 2000	PRJNA1102327	cattle
SRR32512917	102849885	347368	25-004631-001	2025	USA	CATTLE	SAMN47130897	WGS	RANDOM	ILLUMINA	NextSeq 2000	PRJNA1102327	cattle
SRR32512918	102090948	344446	25-004458-004	2025	USA	CATTLE	SAMN47130896	WGS	RANDOM	ILLUMINA	NextSeq 2000	PRJNA1102327	cattle
SRR32512919	71088238	241680	25-004458-003	2025	USA	CATTLE	SAMN47130895	WGS	RANDOM	ILLUMINA	NextSeq 2000	PRJNA1102327	cattle
SRR32512920	37045570	126698	25-005209-001	2025	USA	CATTLE	SAMN47130927	WGS	RANDOM	ILLUMINA	NextSeq 2000	PRJNA1102327	cattle
SRR32512921	140193931	484097	25-005207-001	2025	USA	CATTLE	SAMN47130926	WGS	RANDOM	ILLUMINA	NextSeq 2000	PRJNA1102327	cattle
SRR32512922	29054792	99775	25-004923-002	2025	USA	CATTLE	SAMN47130925	WGS	RANDOM	ILLUMINA	NextSeq 2000	PRJNA1102327	cattle
SRR32512923	63113235	216436	25-004923-001	2025	USA	CATTLE	SAMN47130924	WGS	RANDOM	ILLUMINA	NextSeq 2000	PRJNA1102327	cattle
SRR32512924	43078787	147753	25-004922-006	2025	USA	CATTLE	SAMN47130923	WGS	RANDOM	ILLUMINA	NextSeq 2000	PRJNA1102327	cattle
SRR32512925	164060967	567218	25-004922-005	2025	USA	CATTLE	SAMN47130922	WGS	RANDOM	ILLUMINA	NextSeq 2000	PRJNA1102327	cattle
SRR32512926	24816440	85333	25-004922-003	2025	USA	CATTLE	SAMN47130921	WGS	RANDOM	ILLUMINA	NextSeq 2000	PRJNA1102327	cattle
SRR32512927	88349549	298365	25-004458-002	2025	USA	CATTLE	SAMN47130894	WGS	RANDOM	ILLUMINA	NextSeq 2000	PRJNA1102327	cattle
SRR32512928	19102166	65444	25-004922-002	2025	USA	CATTLE	SAMN47130920	WGS	RANDOM	ILLUMINA	NextSeq 2000	PRJNA1102327	cattle
SRR32512929	69945683	237331	25-004922-001	2025	USA	CATTLE	SAMN47130919	WGS	RANDOM	ILLUMINA	NextSeq 2000	PRJNA1102327	cattle
SRR32512930	32447888	111299	25-004920-005	2025	USA	CATTLE	SAMN47130918	WGS	RANDOM	ILLUMINA	NextSeq 2000	PRJNA1102327	cattle
SRR32512931	25811119	88204	25-004920-004	2025	USA	CATTLE	SAMN47130917	WGS	RANDOM	ILLUMINA	NextSeq 2000	PRJNA1102327	cattle
SRR32512932	54199952	184326	25-004920-003	2025	USA	CATTLE	SAMN47130916	WGS	RANDOM	ILLUMINA	NextSeq 2000	PRJNA1102327	cattle
SRR32512933	46413786	158489	25-004920-002	2025	USA	CATTLE	SAMN47130915	WGS	RANDOM	ILLUMINA	NextSeq 2000	PRJNA1102327	cattle
SRR32512934	158701949	548853	25-004920-001	2025	USA	CATTLE	SAMN47130914	WGS	RANDOM	ILLUMINA	NextSeq 2000	PRJNA1102327	cattle
SRR32512935	117925700	404986	25-004833-001	2025	USA	CATTLE	SAMN47130913	WGS	RANDOM	ILLUMINA	NextSeq 2000	PRJNA1102327	cattle
SRR32512936	33649457	115056	25-004816-003	2025	USA	CATTLE	SAMN47130912	WGS	RANDOM	ILLUMINA	NextSeq 2000	PRJNA1102327	cattle
SRR32512937	47936338	164302	25-004816-002	2025	USA	CATTLE	SAMN47130911	WGS	RANDOM	ILLUMINA	NextSeq 2000	PRJNA1102327	cattle
SRR32512938	102200458	345927	25-004458-001	2025	USA	CATTLE	SAMN47130893	WGS	RANDOM	ILLUMINA	NextSeq 2000	PRJNA1102327	cattle
SRR32512939	35924681	123867	25-004816-001	2025	USA	CATTLE	SAMN47130910	WGS	RANDOM	ILLUMINA	NextSeq 2000	PRJNA1102327	cattle
SRR32512940	22428656	77042	25-004812-001	2025	USA	CATTLE	SAMN47130909	WGS	RANDOM	ILLUMINA	NextSeq 2000	PRJNA1102327	cattle
SRR32512941	38396517	132432	25-004804-001	2025	USA	CATTLE	SAMN47130908	WGS	RANDOM	ILLUMINA	NextSeq 2000	PRJNA1102327	cattle
SRR32512942	50157366	171385	25-004284-001	2025	USA	CATTLE	SAMN47130907	WGS	RANDOM	ILLUMINA	NextSeq 2000	PRJNA1102327	cattle
SRR32512943	121676697	411536	25-004637-006	2025	USA	CATTLE	SAMN47130906	WGS	RANDOM	ILLUMINA	NextSeq 2000	PRJNA1102327	cattle
SRR32512944	97068443	328422	25-004637-005	2025	USA	CATTLE	SAMN47130905	WGS	RANDOM	ILLUMINA	NextSeq 2000	PRJNA1102327	cattle
SRR32512945	132218747	446267	25-004632-003	2025	USA	CATTLE	SAMN47130904	WGS	RANDOM	ILLUMINA	NextSeq 2000	PRJNA1102327	cattle
SRR32512946	145619378	491980	25-004632-002	2025	USA	CATTLE	SAMN47130903	WGS	RANDOM	ILLUMINA	NextSeq 2000	PRJNA1102327	cattle
SRR32512947	121998981	411889	25-004632-001	2025	USA	CATTLE	SAMN47130902	WGS	RANDOM	ILLUMINA	NextSeq 2000	PRJNA1102327	cattle
SRR32512948	99797242	336839	25-004631-007	2025	USA	CATTLE	SAMN47130901	WGS	RANDOM	ILLUMINA	NextSeq 2000	PRJNA1102327	cattle
SRR32512949	78700369	265905	25-004457-001	2025	USA	CATTLE	SAMN47130892	WGS	RANDOM	ILLUMINA	NextSeq 2000	PRJNA1102327	cattle
SRR32512950	90759381	306871	25-004444-002	2025	USA	CATTLE	SAMN47130891	WGS	RANDOM	ILLUMINA	NextSeq 2000	PRJNA1102327	cattle
SRR32415204	103164235	346847	25-004236-005	2025	USA	CATTLE	SAMN46921942	WGS	RANDOM	ILLUMINA	NextSeq 2000	PRJNA1102327	cattle
SRR32415205	66592917	227204	25-003613-003	2025	USA	CATTLE	SAMN46921906	WGS	RANDOM	ILLUMINA	NextSeq 2000	PRJNA1102327	cattle
SRR32415206	92159649	309684	25-004236-004	2025	USA	CATTLE	SAMN46921941	WGS	RANDOM	ILLUMINA	NextSeq 2000	PRJNA1102327	cattle
SRR32415207	82150357	276040	25-004236-003	2025	USA	CATTLE	SAMN46921940	WGS	RANDOM	ILLUMINA	NextSeq 2000	PRJNA1102327	cattle
SRR32415208	87603402	294265	25-004236-002	2025	USA	CATTLE	SAMN46921939	WGS	RANDOM	ILLUMINA	NextSeq 2000	PRJNA1102327	cattle
SRR32415209	112416653	378153	25-004236-001	2025	USA	CATTLE	SAMN46921938	WGS	RANDOM	ILLUMINA	NextSeq 2000	PRJNA1102327	cattle
SRR32415210	118132739	397749	25-004231-007	2025	USA	CATTLE	SAMN46921937	WGS	RANDOM	ILLUMINA	NextSeq 2000	PRJNA1102327	cattle
SRR32415211	62527956	211313	25-004231-006	2025	USA	CATTLE	SAMN46921936	WGS	RANDOM	ILLUMINA	NextSeq 2000	PRJNA1102327	cattle
SRR32415212	103378415	348216	25-004231-005	2025	USA	CATTLE	SAMN46921935	WGS	RANDOM	ILLUMINA	NextSeq 2000	PRJNA1102327	cattle
SRR32415213	83315292	280762	25-004231-004	2025	USA	CATTLE	SAMN46921934	WGS	RANDOM	ILLUMINA	NextSeq 2000	PRJNA1102327	cattle
SRR32415214	101051571	340025	25-004231-003	2025	USA	CATTLE	SAMN46921933	WGS	RANDOM	ILLUMINA	NextSeq 2000	PRJNA1102327	cattle
SRR32415215	189092736	635426	25-004231-002	2025	USA	CATTLE	SAMN46921932	WGS	RANDOM	ILLUMINA	NextSeq 2000	PRJNA1102327	cattle
SRR32415216	65284248	221967	25-003608-001	2025	USA	CATTLE	SAMN46921905	WGS	RANDOM	ILLUMINA	NextSeq 2000	PRJNA1102327	cattle
SRR32415217	71740853	241509	25-004231-001	2025	USA	CATTLE	SAMN46921931	WGS	RANDOM	ILLUMINA	NextSeq 2000	PRJNA1102327	cattle
SRR32415218	99582067	334685	25-003992-001	2025	USA	CATTLE	SAMN46921930	WGS	RANDOM	ILLUMINA	NextSeq 2000	PRJNA1102327	cattle
SRR32415219	112038818	376462	25-003989-003	2025	USA	CATTLE	SAMN46921929	WGS	RANDOM	ILLUMINA	NextSeq 2000	PRJNA1102327	cattle
SRR32415220	136022491	458486	25-003989-002	2025	USA	CATTLE	SAMN46921928	WGS	RANDOM	ILLUMINA	NextSeq 2000	PRJNA1102327	cattle
SRR32415221	132510314	445675	25-003989-001	2025	USA	CATTLE	SAMN46921927	WGS	RANDOM	ILLUMINA	NextSeq 2000	PRJNA1102327	cattle
SRR32415222	119234025	400907	25-003976-001	2025	USA	CATTLE	SAMN46921926	WGS	RANDOM	ILLUMINA	NextSeq 2000	PRJNA1102327	cattle
SRR32415223	208099986	699740	25-003975-001	2025	USA	CATTLE	SAMN46921925	WGS	RANDOM	ILLUMINA	NextSeq 2000	PRJNA1102327	cattle
SRR32415224	76167643	256075	25-003968-002	2025	USA	CATTLE	SAMN46921924	WGS	RANDOM	ILLUMINA	NextSeq 2000	PRJNA1102327	cattle
SRR32415225	89837684	301814	25-003964-002	2025	USA	CATTLE	SAMN46921923	WGS	RANDOM	ILLUMINA	NextSeq 2000	PRJNA1102327	cattle
SRR32415226	98651229	331414	25-003964-001	2025	USA	CATTLE	SAMN46921922	WGS	RANDOM	ILLUMINA	NextSeq 2000	PRJNA1102327	cattle
SRR32415227	44938643	151735	25-003466-003	2025	USA	CATTLE	SAMN46921904	WGS	RANDOM	ILLUMINA	NextSeq 2000	PRJNA1102327	cattle
SRR32415228	115688602	389523	25-003957-003	2025	USA	CATTLE	SAMN46921921	WGS	RANDOM	ILLUMINA	NextSeq 2000	PRJNA1102327	cattle
SRR32415229	112731168	379628	25-003957-002	2025	USA	CATTLE	SAMN46921920	WGS	RANDOM	ILLUMINA	NextSeq 2000	PRJNA1102327	cattle
SRR32415230	113798591	383770	25-003957-001	2025	USA	CATTLE	SAMN46921919	WGS	RANDOM	ILLUMINA	NextSeq 2000	PRJNA1102327	cattle
SRR32415231	86814371	291688	25-003952-008	2025	USA	CATTLE	SAMN46921918	WGS	RANDOM	ILLUMINA	NextSeq 2000	PRJNA1102327	cattle
SRR32415232	79624657	273014	25-003778-002	2025	USA	CATTLE	SAMN46921917	WGS	RANDOM	ILLUMINA	NextSeq 2000	PRJNA1102327	cattle
SRR32415233	85034893	294977	25-003778-001	2025	USA	CATTLE	SAMN46921916	WGS	RANDOM	ILLUMINA	NextSeq 2000	PRJNA1102327	cattle
SRR32415234	61678804	208698	25-003670-006	2025	USA	CATTLE	SAMN46921915	WGS	RANDOM	ILLUMINA	NextSeq 2000	PRJNA1102327	cattle
SRR32415235	74980794	253126	25-003670-005	2025	USA	CATTLE	SAMN46921914	WGS	RANDOM	ILLUMINA	NextSeq 2000	PRJNA1102327	cattle
SRR32415236	75022317	254466	25-003670-001	2025	USA	CATTLE	SAMN46921911	WGS	RANDOM	ILLUMINA	NextSeq 2000	PRJNA1102327	cattle
SRR32415237	48650927	165022	25-003635-004	2025	USA	CATTLE	SAMN46921910	WGS	RANDOM	ILLUMINA	NextSeq 2000	PRJNA1102327	cattle
SRR32415238	75341248	255841	25-003903-001	2025	USA	TURKEY	SAMN46921978	WGS	RANDOM	ILLUMINA	NextSeq 2000	PRJNA1102327	poultry_wildbird
SRR32415239	74846719	254398	25-003574-003	2025	USA	TURKEY	SAMN46921977	WGS	RANDOM	ILLUMINA	Illumina iSeq 100	PRJNA1102327	poultry_wildbird
SRR32415240	79602531	270905	25-003574-002	2025	USA	TURKEY	SAMN46921976	WGS	RANDOM	ILLUMINA	Illumina iSeq 100	PRJNA1102327	poultry_wildbird
SRR32415241	78302547	266431	25-003574-001	2025	USA	TURKEY	SAMN46921975	WGS	RANDOM	ILLUMINA	Illumina iSeq 100	PRJNA1102327	poultry_wildbird
SRR32415242	63910903	216821	25-003807-021	2025	USA	PET FOOD	SAMN46921974	WGS	RANDOM	ILLUMINA	NextSeq 2000	PRJNA1102327	other
SRR32415243	46201466	158829	25-003807-020	2025	USA	PET FOOD	SAMN46921973	WGS	RANDOM	ILLUMINA	NextSeq 2000	PRJNA1102327	other
SRR32415244	108479005	366875	25-003807-019	2025	USA	PET FOOD	SAMN46921972	WGS	RANDOM	ILLUMINA	NextSeq 2000	PRJNA1102327	other
SRR32415245	92877782	314666	25-003619-004	2025	USA	CATTLE	SAMN46921909	WGS	RANDOM	ILLUMINA	NextSeq 2000	PRJNA1102327	cattle
SRR32415246	149789683	506913	25-003807-018	2025	USA	PET FOOD	SAMN46921971	WGS	RANDOM	ILLUMINA	NextSeq 2000	PRJNA1102327	other
SRR32415247	110256405	373393	25-003807-017	2025	USA	PET FOOD	SAMN46921970	WGS	RANDOM	ILLUMINA	NextSeq 2000	PRJNA1102327	other
SRR32415248	30792546	107031	25-003807-016	2025	USA	PET FOOD	SAMN46921969	WGS	RANDOM	ILLUMINA	NextSeq 2000	PRJNA1102327	other
SRR32415249	40731790	140303	25-003807-015	2025	USA	PET FOOD	SAMN46921968	WGS	RANDOM	ILLUMINA	NextSeq 2000	PRJNA1102327	other
SRR32415250	115714537	390492	25-003807-014	2025	USA	PET FOOD	SAMN46921967	WGS	RANDOM	ILLUMINA	NextSeq 2000	PRJNA1102327	other
SRR32415251	44002937	151578	25-003807-013	2025	USA	PET FOOD	SAMN46921966	WGS	RANDOM	ILLUMINA	NextSeq 2000	PRJNA1102327	other
SRR32415252	104122246	354257	25-003807-012	2025	USA	PET FOOD	SAMN46921965	WGS	RANDOM	ILLUMINA	NextSeq 2000	PRJNA1102327	other
SRR32415253	38282918	134996	25-003807-011	2025	USA	PET FOOD	SAMN46921964	WGS	RANDOM	ILLUMINA	NextSeq 2000	PRJNA1102327	other
SRR32415254	127315036	430622	25-003807-010	2025	USA	PET FOOD	SAMN46921963	WGS	RANDOM	ILLUMINA	NextSeq 2000	PRJNA1102327	other
SRR32415255	111784589	379914	25-003807-009	2025	USA	PET FOOD	SAMN46921962	WGS	RANDOM	ILLUMINA	NextSeq 2000	PRJNA1102327	other
SRR32415256	77882915	263660	25-003619-003	2025	USA	CATTLE	SAMN46921908	WGS	RANDOM	ILLUMINA	NextSeq 2000	PRJNA1102327	cattle
SRR32415257	86512089	294604	25-003807-008	2025	USA	PET FOOD	SAMN46921961	WGS	RANDOM	ILLUMINA	NextSeq 2000	PRJNA1102327	other
SRR32415258	121472010	413558	25-003807-007	2025	USA	PET FOOD	SAMN46921960	WGS	RANDOM	ILLUMINA	NextSeq 2000	PRJNA1102327	other
SRR32415259	106556038	362431	25-003807-006	2025	USA	PET FOOD	SAMN46921959	WGS	RANDOM	ILLUMINA	NextSeq 2000	PRJNA1102327	other
SRR32415260	18361062	63650	25-003807-005	2025	USA	PET FOOD	SAMN46921958	WGS	RANDOM	ILLUMINA	NextSeq 2000	PRJNA1102327	other
SRR32415261	51718064	176417	25-003807-004	2025	USA	PET FOOD	SAMN46921957	WGS	RANDOM	ILLUMINA	NextSeq 2000	PRJNA1102327	other
SRR32415262	49731175	169360	25-003807-003	2025	USA	PET FOOD	SAMN46921956	WGS	RANDOM	ILLUMINA	NextSeq 2000	PRJNA1102327	other
SRR32415263	50267804	171241	25-003807-002	2025	USA	PET FOOD	SAMN46921955	WGS	RANDOM	ILLUMINA	NextSeq 2000	PRJNA1102327	other
SRR32415264	56228387	193130	25-003807-001	2025	USA	PET FOOD	SAMN46921954	WGS	RANDOM	ILLUMINA	NextSeq 2000	PRJNA1102327	other
SRR32415266	92648238	312185	25-004266-006	2025	USA	CATTLE	SAMN46921952	WGS	RANDOM	ILLUMINA	NextSeq 2000	PRJNA1102327	cattle
SRR32415267	92947996	316407	25-003619-002	2025	USA	CATTLE	SAMN46921907	WGS	RANDOM	ILLUMINA	NextSeq 2000	PRJNA1102327	cattle
SRR32415268	84525750	284518	25-004266-005	2025	USA	CATTLE	SAMN46921951	WGS	RANDOM	ILLUMINA	NextSeq 2000	PRJNA1102327	cattle
SRR32415269	78668810	264793	25-004266-003	2025	USA	CATTLE	SAMN46921950	WGS	RANDOM	ILLUMINA	NextSeq 2000	PRJNA1102327	cattle
SRR32415270	93430151	314189	25-004266-002	2025	USA	CATTLE	SAMN46921949	WGS	RANDOM	ILLUMINA	NextSeq 2000	PRJNA1102327	cattle
SRR32415271	71481685	240353	25-004251-001	2025	USA	CATTLE	SAMN46921948	WGS	RANDOM	ILLUMINA	NextSeq 2000	PRJNA1102327	cattle
SRR32415272	102809573	345156	25-004243-001	2025	USA	CATTLE	SAMN46921947	WGS	RANDOM	ILLUMINA	NextSeq 2000	PRJNA1102327	cattle
SRR32415273	77650542	260990	25-004241-002	2025	USA	CATTLE	SAMN46921946	WGS	RANDOM	ILLUMINA	NextSeq 2000	PRJNA1102327	cattle
SRR32415274	110288152	371003	25-004238-004	2025	USA	CATTLE	SAMN46921945	WGS	RANDOM	ILLUMINA	NextSeq 2000	PRJNA1102327	cattle
SRR32415275	116546396	391512	25-004238-003	2025	USA	CATTLE	SAMN46921944	WGS	RANDOM	ILLUMINA	NextSeq 2000	PRJNA1102327	cattle
SRR32415276	113638510	381850	25-004238-002	2025	USA	CATTLE	SAMN46921943	WGS	RANDOM	ILLUMINA	NextSeq 2000	PRJNA1102327	cattle
SRR32415277	63541993	215013	25-003670-003	2025	USA	CATTLE	SAMN46921913	WGS	RANDOM	ILLUMINA	NextSeq 2000	PRJNA1102327	cattle
SRR32415278	70674376	240042	25-003670-002	2025	USA	CATTLE	SAMN46921912	WGS	RANDOM	ILLUMINA	NextSeq 2000	PRJNA1102327	cattle
SRR32415279	77476978	269847	25-003434-001	2025	USA	CATTLE	SAMN46921903	WGS	RANDOM	ILLUMINA	NextSeq 2000	PRJNA1102327	cattle
SRR32415280	72731178	246827	25-003572-001	2025	USA	CATTLE	SAMN46921902	WGS	RANDOM	ILLUMINA	Illumina iSeq 100	PRJNA1102327	cattle
SRR32254305	137460704	469699	25-002075-001	2025	USA	CATTLE	SAMN46705979	WGS	RANDOM	ILLUMINA	NextSeq 2000	PRJNA1102327	cattle
SRR32254306	151082554	516693	25-002070-002	2025	USA	CATTLE	SAMN46705978	WGS	RANDOM	ILLUMINA	NextSeq 2000	PRJNA1102327	cattle
SRR32254307	129745737	443274	25-002070-001	2025	USA	CATTLE	SAMN46705977	WGS	RANDOM	ILLUMINA	NextSeq 2000	PRJNA1102327	cattle
SRR32254308	113976649	388340	25-001921-002	2025	USA	CATTLE	SAMN46705976	WGS	RANDOM	ILLUMINA	NextSeq 2000	PRJNA1102327	cattle
SRR32254309	97935104	334283	25-001920-001	2025	USA	CATTLE	SAMN46705975	WGS	RANDOM	ILLUMINA	NextSeq 2000	PRJNA1102327	cattle
SRR32254310	127938614	438443	25-001828-005	2025	USA	CATTLE	SAMN46705974	WGS	RANDOM	ILLUMINA	NextSeq 2000	PRJNA1102327	cattle
SRR32254311	28919924	98330	25-003062-021	2025	USA	DUCK	SAMN46706002	WGS	RANDOM	ILLUMINA	Illumina iSeq 100	PRJNA1102327	poultry_wildbird
SRR32254312	35819794	122414	25-003062-020	2025	USA	DUCK	SAMN46706001	WGS	RANDOM	ILLUMINA	Illumina iSeq 100	PRJNA1102327	poultry_wildbird
SRR32254313	52286828	178369	25-003062-019	2025	USA	DUCK	SAMN46706000	WGS	RANDOM	ILLUMINA	Illumina iSeq 100	PRJNA1102327	poultry_wildbird
SRR32254314	123463880	423156	25-001828-004	2025	USA	CATTLE	SAMN46705973	WGS	RANDOM	ILLUMINA	NextSeq 2000	PRJNA1102327	cattle
SRR32254315	43699727	148797	25-003062-017	2025	USA	DUCK	SAMN46705999	WGS	RANDOM	ILLUMINA	Illumina iSeq 100	PRJNA1102327	poultry_wildbird
SRR32254316	35668034	121074	25-003062-015	2025	USA	DUCK	SAMN46705998	WGS	RANDOM	ILLUMINA	Illumina iSeq 100	PRJNA1102327	poultry_wildbird
SRR32254317	39463319	134478	25-003062-014	2025	USA	DUCK	SAMN46705997	WGS	RANDOM	ILLUMINA	Illumina iSeq 100	PRJNA1102327	poultry_wildbird
SRR32254318	35421770	120526	25-003062-013	2025	USA	DUCK	SAMN46705996	WGS	RANDOM	ILLUMINA	Illumina iSeq 100	PRJNA1102327	poultry_wildbird
SRR32254319	31818644	108273	25-003062-012	2025	USA	DUCK	SAMN46705995	WGS	RANDOM	ILLUMINA	Illumina iSeq 100	PRJNA1102327	poultry_wildbird
SRR32254320	47191720	160333	25-003062-011	2025	USA	DUCK	SAMN46705994	WGS	RANDOM	ILLUMINA	Illumina iSeq 100	PRJNA1102327	poultry_wildbird
SRR32254321	65480291	222102	25-003062-009	2025	USA	DUCK	SAMN46705993	WGS	RANDOM	ILLUMINA	Illumina iSeq 100	PRJNA1102327	poultry_wildbird
SRR32254322	39398149	134683	25-003062-008	2025	USA	DUCK	SAMN46705992	WGS	RANDOM	ILLUMINA	Illumina iSeq 100	PRJNA1102327	poultry_wildbird
SRR32254323	72827175	247387	25-003062-007	2025	USA	DUCK	SAMN46705991	WGS	RANDOM	ILLUMINA	Illumina iSeq 100	PRJNA1102327	poultry_wildbird
SRR32254324	63998777	217437	25-003062-006	2025	USA	DUCK	SAMN46705990	WGS	RANDOM	ILLUMINA	Illumina iSeq 100	PRJNA1102327	poultry_wildbird
SRR32254325	127983726	435490	25-001731-005	2025	USA	CATTLE	SAMN46705972	WGS	RANDOM	ILLUMINA	NextSeq 2000	PRJNA1102327	cattle
SRR32254326	36437497	124017	25-003062-005	2025	USA	DUCK	SAMN46705989	WGS	RANDOM	ILLUMINA	Illumina iSeq 100	PRJNA1102327	poultry_wildbird
SRR32254327	45839097	155378	25-003062-004	2025	USA	DUCK	SAMN46705988	WGS	RANDOM	ILLUMINA	Illumina iSeq 100	PRJNA1102327	poultry_wildbird
SRR32254328	48361577	163962	25-003062-002	2025	USA	DUCK	SAMN46705987	WGS	RANDOM	ILLUMINA	Illumina iSeq 100	PRJNA1102327	poultry_wildbird
SRR32254329	141681795	490837	25-002281-002	2025	USA	CHICKEN	SAMN46705986	WGS	RANDOM	ILLUMINA	NextSeq 2000	PRJNA1102327	poultry_wildbird
SRR32254330	140605156	482422	25-002281-001	2025	USA	CHICKEN	SAMN46705985	WGS	RANDOM	ILLUMINA	NextSeq 2000	PRJNA1102327	poultry_wildbird
SRR32254331	102460635	348214	25-002093-001	2025	USA	CATTLE	SAMN46705984	WGS	RANDOM	ILLUMINA	NextSeq 2000	PRJNA1102327	cattle
SRR32254332	79837241	273616	25-002083-001	2025	USA	CATTLE	SAMN46705983	WGS	RANDOM	ILLUMINA	NextSeq 2000	PRJNA1102327	cattle
SRR32254333	126283694	430887	25-002082-003	2025	USA	CATTLE	SAMN46705982	WGS	RANDOM	ILLUMINA	NextSeq 2000	PRJNA1102327	cattle
SRR32254334	120715191	411727	25-002082-002	2025	USA	CATTLE	SAMN46705981	WGS	RANDOM	ILLUMINA	NextSeq 2000	PRJNA1102327	cattle
SRR32254335	138005157	473107	25-002082-001	2025	USA	CATTLE	SAMN46705980	WGS	RANDOM	ILLUMINA	NextSeq 2000	PRJNA1102327	cattle
SRR32254336	90266329	306115	25-001707-001	2025	USA	CATTLE	SAMN46705971	WGS	RANDOM	ILLUMINA	NextSeq 2000	PRJNA1102327	cattle
SRR32254337	146664775	501090	25-001640-001	2025	USA	CATTLE	SAMN46705970	WGS	RANDOM	ILLUMINA	NextSeq 2000	PRJNA1102327	cattle
SRR32223104	92072166	313369	25-000595-001	2025	USA	CATTLE	SAMN46541166	WGS	RANDOM	ILLUMINA	NextSeq 2000	PRJNA1102327	cattle
SRR32223105	89769964	306233	25-000594-001	2025	USA	CATTLE	SAMN46541165	WGS	RANDOM	ILLUMINA	NextSeq 2000	PRJNA1102327	cattle
SRR32223106	92215892	316135	25-000593-001	2025	USA	CATTLE	SAMN46541164	WGS	RANDOM	ILLUMINA	NextSeq 2000	PRJNA1102327	cattle
SRR32223107	77421773	264072	25-000591-001	2025	USA	CATTLE	SAMN46541163	WGS	RANDOM	ILLUMINA	NextSeq 2000	PRJNA1102327	cattle
SRR32223108	171502402	581822	25-001525-002	2025	USA	CATTLE	SAMN46541210	WGS	RANDOM	ILLUMINA	NextSeq 2000	PRJNA1102327	cattle
SRR32223109	114673299	389296	25-001525-001	2025	USA	CATTLE	SAMN46541209	WGS	RANDOM	ILLUMINA	NextSeq 2000	PRJNA1102327	cattle
SRR32223110	215998348	732759	25-001183-001	2025	USA	CATTLE	SAMN46541208	WGS	RANDOM	ILLUMINA	NextSeq 2000	PRJNA1102327	cattle
SRR32223111	118685062	400798	25-001182-003	2025	USA	CATTLE	SAMN46541207	WGS	RANDOM	ILLUMINA	NextSeq 2000	PRJNA1102327	cattle
SRR32223112	92740646	318150	25-000590-002	2025	USA	CATTLE	SAMN46541162	WGS	RANDOM	ILLUMINA	NextSeq 2000	PRJNA1102327	cattle
SRR32223113	257994506	875649	25-001182-002	2025	USA	CATTLE	SAMN46541206	WGS	RANDOM	ILLUMINA	NextSeq 2000	PRJNA1102327	cattle
SRR32223114	149016771	505679	25-001182-001	2025	USA	CATTLE	SAMN46541205	WGS	RANDOM	ILLUMINA	NextSeq 2000	PRJNA1102327	cattle
SRR32223115	199848787	675629	25-001181-002	2025	USA	CATTLE	SAMN46541204	WGS	RANDOM	ILLUMINA	NextSeq 2000	PRJNA1102327	cattle
SRR32223116	144978342	491134	25-001181-001	2025	USA	CATTLE	SAMN46541203	WGS	RANDOM	ILLUMINA	NextSeq 2000	PRJNA1102327	cattle
SRR32223117	140175281	473868	25-001177-002	2025	USA	CATTLE	SAMN46541202	WGS	RANDOM	ILLUMINA	NextSeq 2000	PRJNA1102327	cattle
SRR32223118	185687359	628474	25-001177-001	2025	USA	CATTLE	SAMN46541201	WGS	RANDOM	ILLUMINA	NextSeq 2000	PRJNA1102327	cattle
SRR32223119	117198367	395405	25-001176-001	2025	USA	CATTLE	SAMN46541200	WGS	RANDOM	ILLUMINA	NextSeq 2000	PRJNA1102327	cattle
SRR32223120	210050410	712881	25-001175-002	2025	USA	CATTLE	SAMN46541199	WGS	RANDOM	ILLUMINA	NextSeq 2000	PRJNA1102327	cattle
SRR32223121	245597138	840438	25-001175-001	2025	USA	CATTLE	SAMN46541198	WGS	RANDOM	ILLUMINA	NextSeq 2000	PRJNA1102327	cattle
SRR32223122	127295193	431141	25-001172-001	2025	USA	CATTLE	SAMN46541197	WGS	RANDOM	ILLUMINA	NextSeq 2000	PRJNA1102327	cattle
SRR32223123	162231761	552136	25-000590-001	2025	USA	CATTLE	SAMN46541161	WGS	RANDOM	ILLUMINA	NextSeq 2000	PRJNA1102327	cattle
SRR32223124	275608421	938096	25-001170-004	2025	USA	CATTLE	SAMN46541196	WGS	RANDOM	ILLUMINA	NextSeq 2000	PRJNA1102327	cattle
SRR32223125	188229257	641735	25-001170-003	2025	USA	CATTLE	SAMN46541195	WGS	RANDOM	ILLUMINA	NextSeq 2000	PRJNA1102327	cattle
SRR32223126	228178438	775710	25-001170-002	2025	USA	CATTLE	SAMN46541194	WGS	RANDOM	ILLUMINA	NextSeq 2000	PRJNA1102327	cattle
SRR32223127	202101245	685870	25-001170-001	2025	USA	CATTLE	SAMN46541193	WGS	RANDOM	ILLUMINA	NextSeq 2000	PRJNA1102327	cattle
SRR32223128	179994044	608081	25-001157-001	2025	USA	CATTLE	SAMN46541192	WGS	RANDOM	ILLUMINA	NextSeq 2000	PRJNA1102327	cattle
SRR32223129	148416865	503044	25-001144-007	2025	USA	CATTLE	SAMN46541191	WGS	RANDOM	ILLUMINA	NextSeq 2000	PRJNA1102327	cattle
SRR32223130	151986907	513058	25-001144-001	2025	USA	CATTLE	SAMN46541190	WGS	RANDOM	ILLUMINA	NextSeq 2000	PRJNA1102327	cattle
SRR32223131	124563638	422980	25-001132-002	2025	USA	CATTLE	SAMN46541189	WGS	RANDOM	ILLUMINA	NextSeq 2000	PRJNA1102327	cattle
SRR32223132	173935308	587346	25-001132-001	2025	USA	CATTLE	SAMN46541188	WGS	RANDOM	ILLUMINA	NextSeq 2000	PRJNA1102327	cattle
SRR32223133	313254630	1063253	25-001122-001	2025	USA	CATTLE	SAMN46541187	WGS	RANDOM	ILLUMINA	NextSeq 2000	PRJNA1102327	cattle
SRR32223134	65171539	225292	25-000586-019	2025	USA	CATTLE	SAMN46541160	WGS	RANDOM	ILLUMINA	NextSeq 2000	PRJNA1102327	cattle
SRR32223135	137530120	465274	25-001121-002	2025	USA	CATTLE	SAMN46541186	WGS	RANDOM	ILLUMINA	NextSeq 2000	PRJNA1102327	cattle
SRR32223136	189262853	641477	25-001121-001	2025	USA	CATTLE	SAMN46541185	WGS	RANDOM	ILLUMINA	NextSeq 2000	PRJNA1102327	cattle
SRR32223139	50397039	172941	25-001146-001	2025	USA	CATTLE	SAMN46541182	WGS	RANDOM	ILLUMINA	NextSeq 2000	PRJNA1102327	cattle
SRR32223140	61138529	208725	25-000950-002	2025	USA	SERVAL	SAMN46541181	WGS	RANDOM	ILLUMINA	NextSeq 2000	PRJNA1102327	other
SRR32223141	70444845	242185	25-000950-001	2025	USA	SERVAL	SAMN46541180	WGS	RANDOM	ILLUMINA	NextSeq 2000	PRJNA1102327	other
SRR32223142	85500409	291400	25-000937-001	2025	USA	CATTLE	SAMN46541179	WGS	RANDOM	ILLUMINA	NextSeq 2000	PRJNA1102327	cattle
SRR32223143	151517310	517734	25-000727-001	2025	USA	CHICKEN	SAMN46541178	WGS	RANDOM	ILLUMINA	NextSeq 2000	PRJNA1102327	poultry_wildbird
SRR32223144	136887691	466307	25-000610-001	2025	USA	CATTLE	SAMN46541177	WGS	RANDOM	ILLUMINA	NextSeq 2000	PRJNA1102327	cattle
SRR32223145	71015412	241666	25-000586-017	2025	USA	CATTLE	SAMN46541159	WGS	RANDOM	ILLUMINA	NextSeq 2000	PRJNA1102327	cattle
SRR32223146	65231973	223850	25-000608-002	2025	USA	CATTLE	SAMN46541176	WGS	RANDOM	ILLUMINA	NextSeq 2000	PRJNA1102327	cattle
SRR32223147	89056239	303460	25-000608-001	2025	USA	CATTLE	SAMN46541175	WGS	RANDOM	ILLUMINA	NextSeq 2000	PRJNA1102327	cattle
SRR32223148	81983547	278326	25-000605-001	2025	USA	CATTLE	SAMN46541174	WGS	RANDOM	ILLUMINA	NextSeq 2000	PRJNA1102327	cattle
SRR32223149	86596444	296471	25-000604-002	2025	USA	CATTLE	SAMN46541173	WGS	RANDOM	ILLUMINA	NextSeq 2000	PRJNA1102327	cattle
SRR32223150	90005360	307205	25-000604-001	2025	USA	CATTLE	SAMN46541172	WGS	RANDOM	ILLUMINA	NextSeq 2000	PRJNA1102327	cattle
SRR32223151	81380506	277583	25-000602-001	2025	USA	CATTLE	SAMN46541171	WGS	RANDOM	ILLUMINA	NextSeq 2000	PRJNA1102327	cattle
SRR32223152	150057916	511406	25-000600-002	2025	USA	CATTLE	SAMN46541170	WGS	RANDOM	ILLUMINA	NextSeq 2000	PRJNA1102327	cattle
SRR32223153	112569238	384285	25-000600-001	2025	USA	CATTLE	SAMN46541169	WGS	RANDOM	ILLUMINA	NextSeq 2000	PRJNA1102327	cattle
SRR32223154	134602962	462454	25-000598-001	2025	USA	CATTLE	SAMN46541168	WGS	RANDOM	ILLUMINA	NextSeq 2000	PRJNA1102327	cattle
SRR32223155	97775671	333455	25-000597-001	2025	USA	CATTLE	SAMN46541167	WGS	RANDOM	ILLUMINA	NextSeq 2000	PRJNA1102327	cattle
SRR32223156	68587616	234180	25-000586-013	2025	USA	CATTLE	SAMN46541158	WGS	RANDOM	ILLUMINA	NextSeq 2000	PRJNA1102327	cattle
SRR32223157	121675565	417850	25-000586-007	2025	USA	CATTLE	SAMN46541157	WGS	RANDOM	ILLUMINA	NextSeq 2000	PRJNA1102327	cattle
SRR32125607	156009520	535679	24-036123-001	2024	USA	CATTLE	SAMN46369315	WGS	RANDOM	ILLUMINA	NextSeq 2000	PRJNA1102327	cattle
SRR32125608	134713986	460296	24-036117-002	2024	USA	CATTLE	SAMN46369314	WGS	RANDOM	ILLUMINA	NextSeq 2000	PRJNA1102327	cattle
SRR32125609	34354927	116196	24-036117-001	2024	USA	CATTLE	SAMN46369313	WGS	RANDOM	ILLUMINA	NextSeq 2000	PRJNA1102327	cattle
SRR32125610	24337256	82629	24-036009-003	2024	USA	CHICKEN	SAMN46369312	WGS	RANDOM	ILLUMINA	NextSeq 2000	PRJNA1102327	poultry_wildbird
SRR32125611	7043301	24717	24-036009-002	2024	USA	CHICKEN	SAMN46369311	WGS	RANDOM	ILLUMINA	NextSeq 2000	PRJNA1102327	poultry_wildbird
SRR32125612	127836293	434099	24-036006-001	2024	USA	CATTLE	SAMN46369310	WGS	RANDOM	ILLUMINA	NextSeq 2000	PRJNA1102327	cattle
SRR32125613	149335076	507608	24-036005-003	2024	USA	CATTLE	SAMN46369309	WGS	RANDOM	ILLUMINA	NextSeq 2000	PRJNA1102327	cattle
SRR32125614	59319480	200324	24-036005-002	2024	USA	CATTLE	SAMN46369308	WGS	RANDOM	ILLUMINA	NextSeq 2000	PRJNA1102327	cattle
SRR32125615	6764685	24866	24-036005-001	2024	USA	CATTLE	SAMN46369307	WGS	RANDOM	ILLUMINA	NextSeq 2000	PRJNA1102327	cattle
SRR32125616	8781434	30205	24-036000-004	2024	USA	CATTLE	SAMN46369306	WGS	RANDOM	ILLUMINA	NextSeq 2000	PRJNA1102327	cattle
SRR32125617	170006861	572568	24-035626-003	2024	USA	CHICKEN	SAMN46369225	WGS	RANDOM	ILLUMINA	NextSeq 2000	PRJNA1102327	poultry_wildbird
SRR32125618	117178473	398408	24-036000-003	2024	USA	CATTLE	SAMN46369305	WGS	RANDOM	ILLUMINA	NextSeq 2000	PRJNA1102327	cattle
SRR32125619	144290550	493605	24-036000-002	2024	USA	CATTLE	SAMN46369304	WGS	RANDOM	ILLUMINA	NextSeq 2000	PRJNA1102327	cattle
SRR32125620	159652230	540902	24-035999-002	2024	USA	CATTLE	SAMN46369303	WGS	RANDOM	ILLUMINA	NextSeq 2000	PRJNA1102327	cattle
SRR32125621	225336288	769304	24-035999-001	2024	USA	CATTLE	SAMN46369302	WGS	RANDOM	ILLUMINA	NextSeq 2000	PRJNA1102327	cattle
SRR32125622	148476545	504316	24-035996-002	2024	USA	CATTLE	SAMN46369301	WGS	RANDOM	ILLUMINA	NextSeq 2000	PRJNA1102327	cattle
SRR32125623	19499003	66435	24-035996-001	2024	USA	CATTLE	SAMN46369300	WGS	RANDOM	ILLUMINA	NextSeq 2000	PRJNA1102327	cattle
SRR32125624	158405566	541685	24-035994-001	2024	USA	CATTLE	SAMN46369299	WGS	RANDOM	ILLUMINA	NextSeq 2000	PRJNA1102327	cattle
SRR32125625	161055183	552445	24-035993-001	2024	USA	CATTLE	SAMN46369298	WGS	RANDOM	ILLUMINA	NextSeq 2000	PRJNA1102327	cattle
SRR32125626	160714016	551274	24-035992-001	2024	USA	CATTLE	SAMN46369297	WGS	RANDOM	ILLUMINA	NextSeq 2000	PRJNA1102327	cattle
SRR32125627	214245912	742376	24-035991-001	2024	USA	CATTLE	SAMN46369296	WGS	RANDOM	ILLUMINA	NextSeq 2000	PRJNA1102327	cattle
SRR32125628	142449834	478906	24-035604-001	2024	USA	CATTLE	SAMN46369224	WGS	RANDOM	ILLUMINA	NextSeq 2000	PRJNA1102327	cattle
SRR32125629	102173759	349739	24-035990-001	2024	USA	CATTLE	SAMN46369295	WGS	RANDOM	ILLUMINA	NextSeq 2000	PRJNA1102327	cattle
SRR32125630	177138536	599535	24-035979-012	2024	USA	CHICKEN	SAMN46369294	WGS	RANDOM	ILLUMINA	NextSeq 2000	PRJNA1102327	poultry_wildbird
SRR32125631	112603874	380878	24-035979-011	2024	USA	CHICKEN	SAMN46369293	WGS	RANDOM	ILLUMINA	NextSeq 2000	PRJNA1102327	poultry_wildbird
SRR32125632	130016644	442169	24-035979-010	2024	USA	CHICKEN	SAMN46369292	WGS	RANDOM	ILLUMINA	NextSeq 2000	PRJNA1102327	poultry_wildbird
SRR32125633	124776981	422854	24-035979-009	2024	USA	CHICKEN	SAMN46369291	WGS	RANDOM	ILLUMINA	NextSeq 2000	PRJNA1102327	poultry_wildbird
SRR32125634	166289718	563934	24-035979-008	2024	USA	CHICKEN	SAMN46369290	WGS	RANDOM	ILLUMINA	NextSeq 2000	PRJNA1102327	poultry_wildbird
SRR32125635	143649536	490370	24-035979-007	2024	USA	CHICKEN	SAMN46369289	WGS	RANDOM	ILLUMINA	NextSeq 2000	PRJNA1102327	poultry_wildbird
SRR32125636	374973937	1285777	24-035979-006	2024	USA	CHICKEN	SAMN46369288	WGS	RANDOM	ILLUMINA	NextSeq 2000	PRJNA1102327	poultry_wildbird
SRR32125637	149789882	510702	24-035979-004	2024	USA	CHICKEN	SAMN46369287	WGS	RANDOM	ILLUMINA	NextSeq 2000	PRJNA1102327	poultry_wildbird
SRR32125638	174236528	596987	24-035979-003	2024	USA	CHICKEN	SAMN46369286	WGS	RANDOM	ILLUMINA	NextSeq 2000	PRJNA1102327	poultry_wildbird
SRR32125639	162811204	548210	24-035603-003	2024	USA	CATTLE	SAMN46369223	WGS	RANDOM	ILLUMINA	NextSeq 2000	PRJNA1102327	cattle
SRR32125640	151386380	519517	24-035979-002	2024	USA	CHICKEN	SAMN46369285	WGS	RANDOM	ILLUMINA	NextSeq 2000	PRJNA1102327	poultry_wildbird
SRR32125641	79929322	273545	24-035979-001	2024	USA	CHICKEN	SAMN46369284	WGS	RANDOM	ILLUMINA	NextSeq 2000	PRJNA1102327	poultry_wildbird
SRR32125642	160312665	539792	24-035917-003	2024	USA	TURKEY	SAMN46369283	WGS	RANDOM	ILLUMINA	NextSeq 2000	PRJNA1102327	poultry_wildbird
SRR32125643	157288065	529203	24-035917-002	2024	USA	TURKEY	SAMN46369282	WGS	RANDOM	ILLUMINA	NextSeq 2000	PRJNA1102327	poultry_wildbird
SRR32125644	171750825	579661	24-035917-001	2024	USA	TURKEY	SAMN46369281	WGS	RANDOM	ILLUMINA	NextSeq 2000	PRJNA1102327	poultry_wildbird
SRR32125645	147570603	496240	24-035916-004	2024	USA	CHICKEN	SAMN46369280	WGS	RANDOM	ILLUMINA	NextSeq 2000	PRJNA1102327	poultry_wildbird
SRR32125646	140270746	471730	24-035916-003	2024	USA	CHICKEN	SAMN46369279	WGS	RANDOM	ILLUMINA	NextSeq 2000	PRJNA1102327	poultry_wildbird
SRR32125647	144296714	485307	24-035916-002	2024	USA	CHICKEN	SAMN46369278	WGS	RANDOM	ILLUMINA	NextSeq 2000	PRJNA1102327	poultry_wildbird
SRR32125648	126037538	424186	24-035655-001	2024	USA	CATTLE	SAMN46369248	WGS	RANDOM	ILLUMINA	NextSeq 2000	PRJNA1102327	cattle
SRR32125649	101061363	340099	24-035654-002	2024	USA	CATTLE	SAMN46369247	WGS	RANDOM	ILLUMINA	NextSeq 2000	PRJNA1102327	cattle
SRR32125650	144006446	484915	24-035654-001	2024	USA	CATTLE	SAMN46369246	WGS	RANDOM	ILLUMINA	NextSeq 2000	PRJNA1102327	cattle
SRR32125651	68690535	230547	24-035561-001	2024	USA	CATTLE	SAMN46369219	WGS	RANDOM	ILLUMINA	NextSeq 2000	PRJNA1102327	cattle
SRR32125652	105186702	356109	24-035650-003	2024	USA	CATTLE	SAMN46369245	WGS	RANDOM	ILLUMINA	NextSeq 2000	PRJNA1102327	cattle
SRR32125653	115379509	390031	24-035650-001	2024	USA	CATTLE	SAMN46369244	WGS	RANDOM	ILLUMINA	NextSeq 2000	PRJNA1102327	cattle
SRR32125654	99147345	334629	24-035649-006	2024	USA	CATTLE	SAMN46369243	WGS	RANDOM	ILLUMINA	NextSeq 2000	PRJNA1102327	cattle
SRR32125655	86426460	291841	24-035649-005	2024	USA	CATTLE	SAMN46369242	WGS	RANDOM	ILLUMINA	NextSeq 2000	PRJNA1102327	cattle
SRR32125656	108587524	366237	24-035649-004	2024	USA	CATTLE	SAMN46369241	WGS	RANDOM	ILLUMINA	NextSeq 2000	PRJNA1102327	cattle
SRR32125657	92940190	313130	24-035649-003	2024	USA	CATTLE	SAMN46369240	WGS	RANDOM	ILLUMINA	NextSeq 2000	PRJNA1102327	cattle
SRR32125658	97708788	329924	24-035649-002	2024	USA	CATTLE	SAMN46369239	WGS	RANDOM	ILLUMINA	NextSeq 2000	PRJNA1102327	cattle
SRR32125659	126007282	424760	24-035649-001	2024	USA	CATTLE	SAMN46369238	WGS	RANDOM	ILLUMINA	NextSeq 2000	PRJNA1102327	cattle
SRR32125660	168288340	567077	24-035648-002	2024	USA	CATTLE	SAMN46369237	WGS	RANDOM	ILLUMINA	NextSeq 2000	PRJNA1102327	cattle
SRR32125661	153456240	516322	24-035648-001	2024	USA	CATTLE	SAMN46369236	WGS	RANDOM	ILLUMINA	NextSeq 2000	PRJNA1102327	cattle
SRR32125662	80850402	274903	24-035658-001	2024	USA	CATTLE	SAMN46369218	WGS	RANDOM	ILLUMINA	Illumina iSeq 100	PRJNA1102327	cattle
SRR32125663	162347785	547381	24-035647-001	2024	USA	CATTLE	SAMN46369235	WGS	RANDOM	ILLUMINA	NextSeq 2000	PRJNA1102327	cattle
SRR32125664	165704482	559022	24-035634-002	2024	USA	CATTLE	SAMN46369234	WGS	RANDOM	ILLUMINA	NextSeq 2000	PRJNA1102327	cattle
SRR32125665	176456333	595263	24-035634-001	2024	USA	CATTLE	SAMN46369233	WGS	RANDOM	ILLUMINA	NextSeq 2000	PRJNA1102327	cattle
SRR32125666	129673375	436786	24-035630-007	2024	USA	CATTLE MILK PRODUCT	SAMN46369232	WGS	RANDOM	ILLUMINA	NextSeq 2000	PRJNA1102327	cattle
SRR32125667	151673005	510575	24-035630-006	2024	USA	CATTLE MILK PRODUCT	SAMN46369231	WGS	RANDOM	ILLUMINA	NextSeq 2000	PRJNA1102327	cattle
SRR32125668	178037192	600220	24-035630-005	2024	USA	CATTLE MILK PRODUCT	SAMN46369230	WGS	RANDOM	ILLUMINA	NextSeq 2000	PRJNA1102327	cattle
SRR32125669	113059540	384321	25-000603-001	2025	USA	CATTLE	SAMN46369352	WGS	RANDOM	ILLUMINA	NextSeq 2000	PRJNA1102327	cattle
SRR32125670	113378872	388389	25-000599-001	2025	USA	CATTLE	SAMN46369351	WGS	RANDOM	ILLUMINA	NextSeq 2000	PRJNA1102327	cattle
SRR32125671	96805945	329637	25-000528-001	2025	USA	CATTLE	SAMN46369350	WGS	RANDOM	ILLUMINA	NextSeq 2000	PRJNA1102327	cattle
SRR32125672	75744831	258719	25-000462-004	2025	USA	CATTLE	SAMN46369349	WGS	RANDOM	ILLUMINA	NextSeq 2000	PRJNA1102327	cattle
SRR32125673	102592279	352691	25-000462-003	2025	USA	CATTLE	SAMN46369348	WGS	RANDOM	ILLUMINA	NextSeq 2000	PRJNA1102327	cattle
SRR32125674	73742172	251970	25-000462-002	2025	USA	CATTLE	SAMN46369347	WGS	RANDOM	ILLUMINA	NextSeq 2000	PRJNA1102327	cattle
SRR32125675	95962291	328475	25-000462-001	2025	USA	CATTLE	SAMN46369346	WGS	RANDOM	ILLUMINA	NextSeq 2000	PRJNA1102327	cattle
SRR32125676	174740791	589098	24-035630-004	2024	USA	CATTLE MILK PRODUCT	SAMN46369229	WGS	RANDOM	ILLUMINA	NextSeq 2000	PRJNA1102327	cattle
SRR32125677	143066004	504441	25-000308-001	2025	USA	CATTLE	SAMN46369345	WGS	RANDOM	ILLUMINA	NextSeq 2000	PRJNA1102327	cattle
SRR32125678	29306873	99739	24-036321-002	2024	USA	TIGER	SAMN46369344	WGS	RANDOM	ILLUMINA	NextSeq 2000	PRJNA1102327	other
SRR32125679	85057905	289407	24-036190-003	2024	USA	CHICKEN	SAMN46369343	WGS	RANDOM	ILLUMINA	NextSeq 2000	PRJNA1102327	poultry_wildbird
SRR32125680	120913682	406256	24-035916-001	2024	USA	CHICKEN	SAMN46369277	WGS	RANDOM	ILLUMINA	NextSeq 2000	PRJNA1102327	poultry_wildbird
SRR32125681	154002964	518290	24-035914-003	2024	USA	TURKEY	SAMN46369276	WGS	RANDOM	ILLUMINA	NextSeq 2000	PRJNA1102327	poultry_wildbird
SRR32125682	119729827	404218	24-035603-002	2024	USA	CATTLE	SAMN46369222	WGS	RANDOM	ILLUMINA	NextSeq 2000	PRJNA1102327	cattle
SRR32125683	190629430	642561	24-035914-002	2024	USA	TURKEY	SAMN46369275	WGS	RANDOM	ILLUMINA	NextSeq 2000	PRJNA1102327	poultry_wildbird
SRR32125684	140026137	473016	24-035914-001	2024	USA	TURKEY	SAMN46369274	WGS	RANDOM	ILLUMINA	NextSeq 2000	PRJNA1102327	poultry_wildbird
SRR32125685	116343284	393146	24-035870-005	2024	USA	DUCK	SAMN46369273	WGS	RANDOM	ILLUMINA	NextSeq 2000	PRJNA1102327	poultry_wildbird
SRR32125686	159392205	536882	24-035870-003	2024	USA	DUCK	SAMN46369272	WGS	RANDOM	ILLUMINA	NextSeq 2000	PRJNA1102327	poultry_wildbird
SRR32125687	155491505	523303	24-035870-002	2024	USA	DUCK	SAMN46369271	WGS	RANDOM	ILLUMINA	NextSeq 2000	PRJNA1102327	poultry_wildbird
SRR32125688	154786259	521644	24-035870-001	2024	USA	DUCK	SAMN46369270	WGS	RANDOM	ILLUMINA	NextSeq 2000	PRJNA1102327	poultry_wildbird
SRR32125689	167217612	562818	24-035857-001	2024	USA	CATTLE	SAMN46369269	WGS	RANDOM	ILLUMINA	NextSeq 2000	PRJNA1102327	cattle
SRR32125690	125144941	421954	24-035847-001	2024	USA	CATTLE	SAMN46369268	WGS	RANDOM	ILLUMINA	NextSeq 2000	PRJNA1102327	cattle
SRR32125691	167318613	563678	24-035842-006	2024	USA	CATTLE	SAMN46369267	WGS	RANDOM	ILLUMINA	NextSeq 2000	PRJNA1102327	cattle
SRR32125692	160803804	543204	24-035842-004	2024	USA	CATTLE	SAMN46369266	WGS	RANDOM	ILLUMINA	NextSeq 2000	PRJNA1102327	cattle
SRR32125693	134565784	452986	24-035603-001	2024	USA	CATTLE	SAMN46369221	WGS	RANDOM	ILLUMINA	NextSeq 2000	PRJNA1102327	cattle
SRR32125694	109090776	369110	24-035842-003	2024	USA	CATTLE	SAMN46369265	WGS	RANDOM	ILLUMINA	NextSeq 2000	PRJNA1102327	cattle
SRR32125695	107790696	363439	24-035842-002	2024	USA	CATTLE	SAMN46369264	WGS	RANDOM	ILLUMINA	NextSeq 2000	PRJNA1102327	cattle
SRR32125696	142332088	479547	24-035842-001	2024	USA	CATTLE	SAMN46369263	WGS	RANDOM	ILLUMINA	NextSeq 2000	PRJNA1102327	cattle
SRR32125697	128794141	434054	24-035681-002	2024	USA	CATTLE	SAMN46369262	WGS	RANDOM	ILLUMINA	NextSeq 2000	PRJNA1102327	cattle
SRR32125698	117431181	395479	24-035681-001	2024	USA	CATTLE	SAMN46369261	WGS	RANDOM	ILLUMINA	NextSeq 2000	PRJNA1102327	cattle
SRR32125699	154565062	520362	24-035680-001	2024	USA	CATTLE	SAMN46369260	WGS	RANDOM	ILLUMINA	NextSeq 2000	PRJNA1102327	cattle
SRR32125700	139674530	470636	24-035679-001	2024	USA	CATTLE	SAMN46369259	WGS	RANDOM	ILLUMINA	NextSeq 2000	PRJNA1102327	cattle
SRR32125701	122104715	411858	24-035672-001	2024	USA	CATTLE	SAMN46369258	WGS	RANDOM	ILLUMINA	NextSeq 2000	PRJNA1102327	cattle
SRR32125702	165372820	557459	24-035660-002	2024	USA	CATTLE	SAMN46369257	WGS	RANDOM	ILLUMINA	NextSeq 2000	PRJNA1102327	cattle
SRR32125703	131207476	441947	24-035660-001	2024	USA	CATTLE	SAMN46369256	WGS	RANDOM	ILLUMINA	NextSeq 2000	PRJNA1102327	cattle
SRR32125704	133230099	449137	24-035563-001	2024	USA	CATTLE	SAMN46369220	WGS	RANDOM	ILLUMINA	NextSeq 2000	PRJNA1102327	cattle
SRR32125705	159204679	536267	24-035659-001	2024	USA	CATTLE	SAMN46369255	WGS	RANDOM	ILLUMINA	NextSeq 2000	PRJNA1102327	cattle
SRR32125706	128257308	431992	24-035658-002	2024	USA	CATTLE	SAMN46369254	WGS	RANDOM	ILLUMINA	NextSeq 2000	PRJNA1102327	cattle
SRR32125707	127768880	430860	24-035656-003	2024	USA	CATTLE	SAMN46369253	WGS	RANDOM	ILLUMINA	NextSeq 2000	PRJNA1102327	cattle
SRR32125708	127779911	430551	24-035656-002	2024	USA	CATTLE	SAMN46369252	WGS	RANDOM	ILLUMINA	NextSeq 2000	PRJNA1102327	cattle
SRR32125709	126638778	427363	24-035656-001	2024	USA	CATTLE	SAMN46369251	WGS	RANDOM	ILLUMINA	NextSeq 2000	PRJNA1102327	cattle
SRR32125710	142811540	480975	24-035655-003	2024	USA	CATTLE	SAMN46369250	WGS	RANDOM	ILLUMINA	NextSeq 2000	PRJNA1102327	cattle
SRR32125711	132048620	444833	24-035655-002	2024	USA	CATTLE	SAMN46369249	WGS	RANDOM	ILLUMINA	NextSeq 2000	PRJNA1102327	cattle
SRR32125712	96537300	328905	24-036190-002	2024	USA	CHICKEN	SAMN46369342	WGS	RANDOM	ILLUMINA	NextSeq 2000	PRJNA1102327	poultry_wildbird
SRR32125713	99175760	339064	24-036190-001	2024	USA	CHICKEN	SAMN46369341	WGS	RANDOM	ILLUMINA	NextSeq 2000	PRJNA1102327	poultry_wildbird
SRR32125714	65110686	222348	24-036162-003	2024	USA	CATTLE	SAMN46369340	WGS	RANDOM	ILLUMINA	NextSeq 2000	PRJNA1102327	cattle
SRR32125715	87875764	301564	24-036162-002	2024	USA	CATTLE	SAMN46369339	WGS	RANDOM	ILLUMINA	NextSeq 2000	PRJNA1102327	cattle
SRR32125716	97113860	329664	24-036162-001	2024	USA	CATTLE	SAMN46369338	WGS	RANDOM	ILLUMINA	NextSeq 2000	PRJNA1102327	cattle
SRR32125717	63557162	215465	24-036136-004	2024	USA	CATTLE	SAMN46369337	WGS	RANDOM	ILLUMINA	NextSeq 2000	PRJNA1102327	cattle
SRR32125718	75913361	257144	24-036136-001	2024	USA	CATTLE	SAMN46369336	WGS	RANDOM	ILLUMINA	NextSeq 2000	PRJNA1102327	cattle
SRR32125719	158142535	533129	24-035630-003	2024	USA	CATTLE MILK PRODUCT	SAMN46369228	WGS	RANDOM	ILLUMINA	NextSeq 2000	PRJNA1102327	cattle
SRR32125720	138630087	471156	24-036135-001	2024	USA	CATTLE	SAMN46369335	WGS	RANDOM	ILLUMINA	NextSeq 2000	PRJNA1102327	cattle
SRR32125721	92132684	314475	24-036134-001	2024	USA	CATTLE	SAMN46369334	WGS	RANDOM	ILLUMINA	NextSeq 2000	PRJNA1102327	cattle
SRR32125722	80654787	275920	24-036132-002	2024	USA	CATTLE	SAMN46369333	WGS	RANDOM	ILLUMINA	NextSeq 2000	PRJNA1102327	cattle
SRR32125723	103237395	351093	24-036132-001	2024	USA	CATTLE	SAMN46369332	WGS	RANDOM	ILLUMINA	NextSeq 2000	PRJNA1102327	cattle
SRR32125724	99566110	337720	24-036131-003	2024	USA	CATTLE	SAMN46369331	WGS	RANDOM	ILLUMINA	NextSeq 2000	PRJNA1102327	cattle
SRR32125725	129333721	438385	24-036131-002	2024	USA	CATTLE	SAMN46369330	WGS	RANDOM	ILLUMINA	NextSeq 2000	PRJNA1102327	cattle
SRR32125726	89139166	302741	24-036131-001	2024	USA	CATTLE	SAMN46369329	WGS	RANDOM	ILLUMINA	NextSeq 2000	PRJNA1102327	cattle
SRR32125727	146408599	496252	24-036129-002	2024	USA	CATTLE	SAMN46369328	WGS	RANDOM	ILLUMINA	NextSeq 2000	PRJNA1102327	cattle
SRR32125728	88551170	300173	24-036129-001	2024	USA	CATTLE	SAMN46369327	WGS	RANDOM	ILLUMINA	NextSeq 2000	PRJNA1102327	cattle
SRR32125729	164741020	558386	24-036128-002	2024	USA	CATTLE	SAMN46369326	WGS	RANDOM	ILLUMINA	NextSeq 2000	PRJNA1102327	cattle
SRR32125730	195500158	659458	24-035630-002	2024	USA	CATTLE MILK PRODUCT	SAMN46369227	WGS	RANDOM	ILLUMINA	NextSeq 2000	PRJNA1102327	cattle
SRR32125731	126326485	429047	24-036127-001	2024	USA	CATTLE	SAMN46369325	WGS	RANDOM	ILLUMINA	NextSeq 2000	PRJNA1102327	cattle
SRR32125732	105202679	357196	24-036126-002	2024	USA	CATTLE	SAMN46369324	WGS	RANDOM	ILLUMINA	NextSeq 2000	PRJNA1102327	cattle
SRR32125733	119652187	406531	24-036125-002	2024	USA	CATTLE	SAMN46369323	WGS	RANDOM	ILLUMINA	NextSeq 2000	PRJNA1102327	cattle
SRR32125734	100560478	339272	24-036124-004	2024	USA	CATTLE	SAMN46369322	WGS	RANDOM	ILLUMINA	NextSeq 2000	PRJNA1102327	cattle
SRR32125735	106558193	360991	24-036124-002	2024	USA	CATTLE	SAMN46369321	WGS	RANDOM	ILLUMINA	NextSeq 2000	PRJNA1102327	cattle
SRR32125736	140328892	474988	24-036124-001	2024	USA	CATTLE	SAMN46369320	WGS	RANDOM	ILLUMINA	NextSeq 2000	PRJNA1102327	cattle
SRR32125737	117260578	397514	24-036123-005	2024	USA	CATTLE	SAMN46369319	WGS	RANDOM	ILLUMINA	NextSeq 2000	PRJNA1102327	cattle
SRR32125738	161214722	547455	24-036123-004	2024	USA	CATTLE	SAMN46369318	WGS	RANDOM	ILLUMINA	NextSeq 2000	PRJNA1102327	cattle
SRR32125739	116996359	397669	24-036123-003	2024	USA	CATTLE	SAMN46369317	WGS	RANDOM	ILLUMINA	NextSeq 2000	PRJNA1102327	cattle
SRR32125740	118374008	401949	24-036123-002	2024	USA	CATTLE	SAMN46369316	WGS	RANDOM	ILLUMINA	NextSeq 2000	PRJNA1102327	cattle
SRR32125741	142745241	480388	24-035630-001	2024	USA	CATTLE MILK PRODUCT	SAMN46369226	WGS	RANDOM	ILLUMINA	NextSeq 2000	PRJNA1102327	cattle
SRR32125742	68469915	232404	24-035626-002	2024	USA	CHICKEN	SAMN46369217	WGS	RANDOM	ILLUMINA	Illumina iSeq 100	PRJNA1102327	poultry_wildbird
SRR32125743	59678526	205270	24-035626-001	2024	USA	CHICKEN	SAMN46369216	WGS	RANDOM	ILLUMINA	Illumina iSeq 100	PRJNA1102327	poultry_wildbird
SRR32006784	182895506	625399	24-035979-005	2024	USA	CHICKEN	SAMN46259214	WGS	RANDOM	ILLUMINA	NextSeq 2000	PRJNA1102327	poultry_wildbird
SRR32006785	78972130	265462	24-035561-002	2024	USA	CATTLE	SAMN46259213	WGS	RANDOM	ILLUMINA	NextSeq 2000	PRJNA1102327	cattle
SRR32006786	85369215	290316	24-034008-003	2024	USA	CATTLE	SAMN46259212	WGS	RANDOM	ILLUMINA	NextSeq 2000	PRJNA1102327	cattle
SRR32006787	99879725	350826	24-020798-001	2024	USA	CHICKEN	SAMN46259211	WGS	RANDOM	ILLUMINA	NextSeq 2000	PRJNA1102327	poultry_wildbird
SRR32006788	111769651	376700	24-030030-003	2024	USA	CATTLE	SAMN46259210	WGS	RANDOM	ILLUMINA	NextSeq 2000	PRJNA1102327	cattle
SRR32006789	127562036	433380	25-000077-002	2025	USA	CATTLE	SAMN46259252	WGS	RANDOM	ILLUMINA	NextSeq 2000	PRJNA1102327	cattle
SRR32006790	81941386	278223	25-000077-001	2025	USA	CATTLE	SAMN46259251	WGS	RANDOM	ILLUMINA	NextSeq 2000	PRJNA1102327	cattle
SRR32006791	102056650	348188	25-000076-001	2025	USA	CATTLE	SAMN46259250	WGS	RANDOM	ILLUMINA	NextSeq 2000	PRJNA1102327	cattle
SRR32006792	157757026	535055	25-000137-004	2025	USA	CHICKEN	SAMN46259249	WGS	RANDOM	ILLUMINA	NextSeq 2000	PRJNA1102327	poultry_wildbird
SRR32006793	126652863	430130	25-000137-001	2025	USA	CHICKEN	SAMN46259248	WGS	RANDOM	ILLUMINA	NextSeq 2000	PRJNA1102327	poultry_wildbird
SRR32006794	151521020	517107	25-000136-003	2025	USA	CHICKEN	SAMN46259247	WGS	RANDOM	ILLUMINA	NextSeq 2000	PRJNA1102327	poultry_wildbird
SRR32006795	131687008	445389	25-000135-004	2025	USA	CHICKEN	SAMN46259246	WGS	RANDOM	ILLUMINA	NextSeq 2000	PRJNA1102327	poultry_wildbird
SRR32006796	125294082	423605	25-000135-002	2025	USA	CHICKEN	SAMN46259245	WGS	RANDOM	ILLUMINA	NextSeq 2000	PRJNA1102327	poultry_wildbird
SRR32006797	132011243	445678	24-030030-002	2024	USA	CATTLE	SAMN46259209	WGS	RANDOM	ILLUMINA	NextSeq 2000	PRJNA1102327	cattle
SRR32006798	120852338	408983	25-000122-002	2025	USA	CATTLE	SAMN46259244	WGS	RANDOM	ILLUMINA	NextSeq 2000	PRJNA1102327	cattle
SRR32006799	146152514	495339	25-000122-001	2025	USA	CATTLE	SAMN46259243	WGS	RANDOM	ILLUMINA	NextSeq 2000	PRJNA1102327	cattle
SRR32006800	184831680	627943	25-000112-002	2025	USA	CATTLE	SAMN46259242	WGS	RANDOM	ILLUMINA	NextSeq 2000	PRJNA1102327	cattle
SRR32006801	46262466	157871	25-000112-001	2025	USA	CATTLE	SAMN46259241	WGS	RANDOM	ILLUMINA	NextSeq 2000	PRJNA1102327	cattle
SRR32006802	113627793	386171	25-000100-001	2025	USA	CATTLE	SAMN46259240	WGS	RANDOM	ILLUMINA	NextSeq 2000	PRJNA1102327	cattle
SRR32006803	149121030	514394	25-000096-004	2025	USA	CATTLE	SAMN46259239	WGS	RANDOM	ILLUMINA	NextSeq 2000	PRJNA1102327	cattle
SRR32006804	113426988	387950	25-000096-003	2025	USA	CATTLE	SAMN46259238	WGS	RANDOM	ILLUMINA	NextSeq 2000	PRJNA1102327	cattle
SRR32006805	70833706	239510	25-000096-002	2025	USA	CATTLE	SAMN46259237	WGS	RANDOM	ILLUMINA	NextSeq 2000	PRJNA1102327	cattle
SRR32006806	128758525	434750	25-000046-003	2025	USA	CHICKEN	SAMN46259236	WGS	RANDOM	ILLUMINA	NextSeq 2000	PRJNA1102327	poultry_wildbird
SRR32006807	127172994	429337	25-000046-002	2025	USA	CHICKEN	SAMN46259235	WGS	RANDOM	ILLUMINA	NextSeq 2000	PRJNA1102327	poultry_wildbird
SRR32006808	125996770	426778	24-030030-001	2024	USA	CATTLE	SAMN46259208	WGS	RANDOM	ILLUMINA	NextSeq 2000	PRJNA1102327	cattle
SRR32006809	163015569	550866	25-000046-001	2025	USA	CHICKEN	SAMN46259234	WGS	RANDOM	ILLUMINA	NextSeq 2000	PRJNA1102327	poultry_wildbird
SRR32006810	125410214	424288	25-000045-001	2025	USA	CHICKEN	SAMN46259233	WGS	RANDOM	ILLUMINA	NextSeq 2000	PRJNA1102327	poultry_wildbird
SRR32006811	96377157	325102	24-039023-003	2024	USA	CATTLE	SAMN46259232	WGS	RANDOM	ILLUMINA	NextSeq 2000	PRJNA1102327	cattle
SRR32006812	116061578	392024	24-039023-002	2024	USA	CATTLE	SAMN46259231	WGS	RANDOM	ILLUMINA	NextSeq 2000	PRJNA1102327	cattle
SRR32006813	161327202	546482	24-038995-005	2024	USA	CATTLE	SAMN46259230	WGS	RANDOM	ILLUMINA	NextSeq 2000	PRJNA1102327	cattle
SRR32006814	147297531	499856	24-038995-004	2024	USA	CATTLE	SAMN46259229	WGS	RANDOM	ILLUMINA	NextSeq 2000	PRJNA1102327	cattle
SRR32006815	132633144	449725	24-038995-003	2024	USA	CATTLE	SAMN46259228	WGS	RANDOM	ILLUMINA	NextSeq 2000	PRJNA1102327	cattle
SRR32006816	67790285	229948	24-038995-002	2024	USA	CATTLE	SAMN46259227	WGS	RANDOM	ILLUMINA	NextSeq 2000	PRJNA1102327	cattle
SRR32006817	124524571	420810	24-038995-001	2024	USA	CATTLE	SAMN46259226	WGS	RANDOM	ILLUMINA	NextSeq 2000	PRJNA1102327	cattle
SRR32006818	193008717	652194	25-000026-002	2025	USA	CATTLE	SAMN46259225	WGS	RANDOM	ILLUMINA	NextSeq 2000	PRJNA1102327	cattle
SRR32006819	132644605	448941	24-030029-001	2024	USA	CATTLE	SAMN46259207	WGS	RANDOM	ILLUMINA	NextSeq 2000	PRJNA1102327	cattle
SRR32006820	146281609	493292	25-000026-001	2025	USA	CATTLE	SAMN46259224	WGS	RANDOM	ILLUMINA	NextSeq 2000	PRJNA1102327	cattle
SRR32006821	87735228	296276	25-000003-001	2025	USA	CHICKEN	SAMN46259223	WGS	RANDOM	ILLUMINA	NextSeq 2000	PRJNA1102327	poultry_wildbird
SRR32006823	98018768	338231	24-039039-001	2024	USA	CATTLE	SAMN46259221	WGS	RANDOM	ILLUMINA	NextSeq 2000	PRJNA1102327	cattle
SRR32006824	145181133	494610	24-039016-003	2024	USA	CATTLE	SAMN46259220	WGS	RANDOM	ILLUMINA	NextSeq 2000	PRJNA1102327	cattle
SRR32006825	109788469	375707	24-039016-002	2024	USA	CATTLE	SAMN46259219	WGS	RANDOM	ILLUMINA	NextSeq 2000	PRJNA1102327	cattle
SRR32006826	120809129	412895	24-039016-001	2024	USA	CATTLE	SAMN46259218	WGS	RANDOM	ILLUMINA	NextSeq 2000	PRJNA1102327	cattle
SRR32006827	82303004	279817	24-038860-001	2024	USA	CATTLE	SAMN46259217	WGS	RANDOM	ILLUMINA	NextSeq 2000	PRJNA1102327	cattle
SRR32006828	131166093	477695	24-038655-001	2024	USA	CHICKEN	SAMN46259216	WGS	RANDOM	ILLUMINA	NextSeq 2000	PRJNA1102327	poultry_wildbird
SRR32006829	118635976	403083	24-036009-001	2024	USA	CHICKEN	SAMN46259215	WGS	RANDOM	ILLUMINA	NextSeq 2000	PRJNA1102327	poultry_wildbird
SRR32006830	137791921	465805	24-030027-001	2024	USA	CATTLE	SAMN46259206	WGS	RANDOM	ILLUMINA	NextSeq 2000	PRJNA1102327	cattle
SRR32006831	101089388	339762	24-030025-001	2024	USA	CATTLE	SAMN46259205	WGS	RANDOM	ILLUMINA	NextSeq 2000	PRJNA1102327	cattle
SRR31960106	121116062	423126	24-037325-013	2024	USA	PET FOOD	SAMN46201491	WGS	RANDOM	ILLUMINA	NextSeq 2000	PRJNA1102327	other
SRR31960107	117161341	408226	24-037325-011	2024	USA	PET FOOD	SAMN46201490	WGS	RANDOM	ILLUMINA	NextSeq 2000	PRJNA1102327	other
SRR31960108	112818052	406372	24-038628-003	2024	USA	CATTLE	SAMN46201489	WGS	RANDOM	ILLUMINA	NextSeq 2000	PRJNA1102327	cattle
SRR31960109	85411718	311756	24-038628-002	2024	USA	CATTLE	SAMN46201488	WGS	RANDOM	ILLUMINA	NextSeq 2000	PRJNA1102327	cattle
SRR31960110	131502392	252652	24-038284-001	2024	USA	CHICKEN	SAMN46201407	WGS	RANDOM	ILLUMINA	NextSeq 2000	PRJNA1102327	poultry_wildbird
SRR31960111	98918683	352716	24-038628-001	2024	USA	CATTLE	SAMN46201487	WGS	RANDOM	ILLUMINA	NextSeq 2000	PRJNA1102327	cattle
SRR31960112	99547316	351283	24-038627-002	2024	USA	CATTLE	SAMN46201486	WGS	RANDOM	ILLUMINA	NextSeq 2000	PRJNA1102327	cattle
SRR31960113	108775685	380459	24-038627-001	2024	USA	CATTLE	SAMN46201485	WGS	RANDOM	ILLUMINA	NextSeq 2000	PRJNA1102327	cattle
SRR31960114	133167499	466265	24-038625-001	2024	USA	CATTLE	SAMN46201484	WGS	RANDOM	ILLUMINA	NextSeq 2000	PRJNA1102327	cattle
SRR31960115	54645621	189809	24-038624-002	2024	USA	CATTLE	SAMN46201483	WGS	RANDOM	ILLUMINA	NextSeq 2000	PRJNA1102327	cattle
SRR31960116	74295565	259714	24-038624-001	2024	USA	CATTLE	SAMN46201482	WGS	RANDOM	ILLUMINA	NextSeq 2000	PRJNA1102327	cattle
SRR31960117	122514831	454018	24-038623-002	2024	USA	CATTLE	SAMN46201481	WGS	RANDOM	ILLUMINA	NextSeq 2000	PRJNA1102327	cattle
SRR31960118	90680145	328809	24-038623-001	2024	USA	CATTLE	SAMN46201480	WGS	RANDOM	ILLUMINA	NextSeq 2000	PRJNA1102327	cattle
SRR31960119	69553899	242827	24-038473-001	2024	USA	CATTLE	SAMN46201479	WGS	RANDOM	ILLUMINA	NextSeq 2000	PRJNA1102327	cattle
SRR31960120	75911066	266341	24-038471-001	2024	USA	CATTLE	SAMN46201478	WGS	RANDOM	ILLUMINA	NextSeq 2000	PRJNA1102327	cattle
SRR31960121	70283630	134014	24-038283-001	2024	USA	SERVAL	SAMN46201406	WGS	RANDOM	ILLUMINA	NextSeq 2000	PRJNA1102327	other
SRR31960122	135149657	471368	24-038464-001	2024	USA	CATTLE	SAMN46201477	WGS	RANDOM	ILLUMINA	NextSeq 2000	PRJNA1102327	cattle
SRR31960123	87717486	309651	24-038463-001	2024	USA	CATTLE	SAMN46201476	WGS	RANDOM	ILLUMINA	NextSeq 2000	PRJNA1102327	cattle
SRR31960124	73263598	254742	24-038459-002	2024	USA	CATTLE	SAMN46201475	WGS	RANDOM	ILLUMINA	NextSeq 2000	PRJNA1102327	cattle
SRR31960125	104400835	363709	24-038459-001	2024	USA	CATTLE	SAMN46201474	WGS	RANDOM	ILLUMINA	NextSeq 2000	PRJNA1102327	cattle
SRR31960126	125151117	441495	24-038268-001	2024	USA	TIGER	SAMN46201473	WGS	RANDOM	ILLUMINA	NextSeq 2000	PRJNA1102327	other
SRR31960127	118087756	415341	24-038267-001	2024	USA	LION	SAMN46201472	WGS	RANDOM	ILLUMINA	NextSeq 2000	PRJNA1102327	other
SRR31960128	127509518	445983	24-038266-002	2024	USA	FOX	SAMN46201471	WGS	RANDOM	ILLUMINA	NextSeq 2000	PRJNA1102327	other
SRR31960129	217761365	775250	24-038266-001	2024	USA	FOX	SAMN46201470	WGS	RANDOM	ILLUMINA	NextSeq 2000	PRJNA1102327	other
SRR31960130	136109781	472125	24-035860-002	2024	USA	CATTLE	SAMN46201469	WGS	RANDOM	ILLUMINA	NextSeq 2000	PRJNA1102327	cattle
SRR31960131	130695035	460461	24-035860-001	2024	USA	CATTLE	SAMN46201468	WGS	RANDOM	ILLUMINA	NextSeq 2000	PRJNA1102327	cattle
SRR31960132	123139274	240431	24-038281-001	2024	USA	CHICKEN	SAMN46201405	WGS	RANDOM	ILLUMINA	NextSeq 2000	PRJNA1102327	poultry_wildbird
SRR31960133	80864498	278826	24-035855-001	2024	USA	CATTLE	SAMN46201467	WGS	RANDOM	ILLUMINA	NextSeq 2000	PRJNA1102327	cattle
SRR31960134	9049787	32994	24-035846-001	2024	USA	CATTLE	SAMN46201466	WGS	RANDOM	ILLUMINA	NextSeq 2000	PRJNA1102327	cattle
SRR31960135	205015813	717221	24-035829-001	2024	USA	CATTLE	SAMN46201465	WGS	RANDOM	ILLUMINA	NextSeq 2000	PRJNA1102327	cattle
SRR31960136	135421554	263734	24-038444-010	2024	USA	CHICKEN	SAMN46201464	WGS	RANDOM	ILLUMINA	NextSeq 2000	PRJNA1102327	poultry_wildbird
SRR31960137	125105512	238312	24-038444-009	2024	USA	CHICKEN	SAMN46201463	WGS	RANDOM	ILLUMINA	NextSeq 2000	PRJNA1102327	poultry_wildbird
SRR31960138	98015024	192176	24-038444-008	2024	USA	CHICKEN	SAMN46201462	WGS	RANDOM	ILLUMINA	NextSeq 2000	PRJNA1102327	poultry_wildbird
SRR31960139	106599350	207474	24-038444-007	2024	USA	CHICKEN	SAMN46201461	WGS	RANDOM	ILLUMINA	NextSeq 2000	PRJNA1102327	poultry_wildbird
SRR31960140	107975735	208915	24-038444-006	2024	USA	CHICKEN	SAMN46201460	WGS	RANDOM	ILLUMINA	NextSeq 2000	PRJNA1102327	poultry_wildbird
SRR31960141	98865939	190292	24-038444-005	2024	USA	CHICKEN	SAMN46201459	WGS	RANDOM	ILLUMINA	NextSeq 2000	PRJNA1102327	poultry_wildbird
SRR31960142	98570413	192393	24-038444-004	2024	USA	CHICKEN	SAMN46201458	WGS	RANDOM	ILLUMINA	NextSeq 2000	PRJNA1102327	poultry_wildbird
SRR31960143	182278592	372565	24-038278-001	2024	USA	CATTLE	SAMN46201404	WGS	RANDOM	ILLUMINA	NextSeq 2000	PRJNA1102327	cattle
SRR31960144	108273060	209680	24-038444-003	2024	USA	CHICKEN	SAMN46201457	WGS	RANDOM	ILLUMINA	NextSeq 2000	PRJNA1102327	poultry_wildbird
SRR31960145	98387303	191348	24-038444-002	2024	USA	CHICKEN	SAMN46201456	WGS	RANDOM	ILLUMINA	NextSeq 2000	PRJNA1102327	poultry_wildbird
SRR31960146	119045735	231731	24-038444-001	2024	USA	CHICKEN	SAMN46201455	WGS	RANDOM	ILLUMINA	NextSeq 2000	PRJNA1102327	poultry_wildbird
SRR31960147	108433175	205926	24-038428-003	2024	USA	CHICKEN	SAMN46201454	WGS	RANDOM	ILLUMINA	NextSeq 2000	PRJNA1102327	poultry_wildbird
SRR31960148	158712220	301449	24-038428-002	2024	USA	CHICKEN	SAMN46201453	WGS	RANDOM	ILLUMINA	NextSeq 2000	PRJNA1102327	poultry_wildbird
SRR31960149	178648246	339693	24-038428-001	2024	USA	CHICKEN	SAMN46201452	WGS	RANDOM	ILLUMINA	NextSeq 2000	PRJNA1102327	poultry_wildbird
SRR31960151	137403214	257548	24-038356-002	2024	USA	CATTLE	SAMN46201450	WGS	RANDOM	ILLUMINA	NextSeq 2000	PRJNA1102327	cattle
SRR31960152	139142473	267574	24-038355-001	2024	USA	CATTLE	SAMN46201449	WGS	RANDOM	ILLUMINA	NextSeq 2000	PRJNA1102327	cattle
SRR31960153	184082959	387014	24-038353-003	2024	USA	CATTLE	SAMN46201448	WGS	RANDOM	ILLUMINA	NextSeq 2000	PRJNA1102327	cattle
SRR31960154	130588446	256626	24-038276-001	2024	USA	CATTLE	SAMN46201403	WGS	RANDOM	ILLUMINA	NextSeq 2000	PRJNA1102327	cattle
SRR31960155	171384362	345517	24-038353-002	2024	USA	CATTLE	SAMN46201447	WGS	RANDOM	ILLUMINA	NextSeq 2000	PRJNA1102327	cattle
SRR31960156	166705733	338909	24-038353-001	2024	USA	CATTLE	SAMN46201446	WGS	RANDOM	ILLUMINA	NextSeq 2000	PRJNA1102327	cattle
SRR31960157	165600462	336893	24-038350-002	2024	USA	CATTLE	SAMN46201445	WGS	RANDOM	ILLUMINA	NextSeq 2000	PRJNA1102327	cattle
SRR31960158	117804855	227682	24-038344-001	2024	USA	CATTLE	SAMN46201444	WGS	RANDOM	ILLUMINA	NextSeq 2000	PRJNA1102327	cattle
SRR31960159	170739323	354443	24-038343-006	2024	USA	CATTLE	SAMN46201443	WGS	RANDOM	ILLUMINA	NextSeq 2000	PRJNA1102327	cattle
SRR31960160	206909917	418180	24-038343-005	2024	USA	CATTLE	SAMN46201442	WGS	RANDOM	ILLUMINA	NextSeq 2000	PRJNA1102327	cattle
SRR31960161	162384542	341301	24-038343-004	2024	USA	CATTLE	SAMN46201441	WGS	RANDOM	ILLUMINA	NextSeq 2000	PRJNA1102327	cattle
SRR31960162	137003725	277882	24-038343-003	2024	USA	CATTLE	SAMN46201440	WGS	RANDOM	ILLUMINA	NextSeq 2000	PRJNA1102327	cattle
SRR31960163	148501623	282796	24-038343-002	2024	USA	CATTLE	SAMN46201439	WGS	RANDOM	ILLUMINA	NextSeq 2000	PRJNA1102327	cattle
SRR31960164	164425371	322468	24-038338-002	2024	USA	CATTLE	SAMN46201438	WGS	RANDOM	ILLUMINA	NextSeq 2000	PRJNA1102327	cattle
SRR31960165	146381947	286315	24-038274-001	2024	USA	CATTLE	SAMN46201402	WGS	RANDOM	ILLUMINA	NextSeq 2000	PRJNA1102327	cattle
SRR31960166	84319860	161013	24-038338-001	2024	USA	CATTLE	SAMN46201437	WGS	RANDOM	ILLUMINA	NextSeq 2000	PRJNA1102327	cattle
SRR31960167	95503102	183138	24-038335-003	2024	USA	CATTLE	SAMN46201436	WGS	RANDOM	ILLUMINA	NextSeq 2000	PRJNA1102327	cattle
SRR31960168	105000567	203093	24-038335-002	2024	USA	CATTLE	SAMN46201435	WGS	RANDOM	ILLUMINA	NextSeq 2000	PRJNA1102327	cattle
SRR31960169	116519044	222234	24-038335-001	2024	USA	CATTLE	SAMN46201434	WGS	RANDOM	ILLUMINA	NextSeq 2000	PRJNA1102327	cattle
SRR31960170	129281227	290808	24-038334-002	2024	USA	CATTLE	SAMN46201433	WGS	RANDOM	ILLUMINA	NextSeq 2000	PRJNA1102327	cattle
SRR31960171	128872142	245586	24-038333-003	2024	USA	CATTLE	SAMN46201432	WGS	RANDOM	ILLUMINA	NextSeq 2000	PRJNA1102327	cattle
SRR31960172	133132175	253102	24-038333-002	2024	USA	CATTLE	SAMN46201431	WGS	RANDOM	ILLUMINA	NextSeq 2000	PRJNA1102327	cattle
SRR31960173	140323498	268862	24-038333-001	2024	USA	CATTLE	SAMN46201430	WGS	RANDOM	ILLUMINA	NextSeq 2000	PRJNA1102327	cattle
SRR31960174	117398733	224701	24-038330-001	2024	USA	CATTLE	SAMN46201429	WGS	RANDOM	ILLUMINA	NextSeq 2000	PRJNA1102327	cattle
SRR31960175	114125328	219809	24-038329-001	2024	USA	CATTLE	SAMN46201428	WGS	RANDOM	ILLUMINA	NextSeq 2000	PRJNA1102327	cattle
SRR31960176	128261694	251044	24-038272-001	2024	USA	CATTLE	SAMN46201401	WGS	RANDOM	ILLUMINA	NextSeq 2000	PRJNA1102327	cattle
SRR31960177	97791929	191047	24-038323-002	2024	USA	CATTLE	SAMN46201427	WGS	RANDOM	ILLUMINA	NextSeq 2000	PRJNA1102327	cattle
SRR31960178	122203574	236440	24-038323-001	2024	USA	CATTLE	SAMN46201426	WGS	RANDOM	ILLUMINA	NextSeq 2000	PRJNA1102327	cattle
SRR31960179	80899611	158478	24-038322-001	2024	USA	CATTLE	SAMN46201425	WGS	RANDOM	ILLUMINA	NextSeq 2000	PRJNA1102327	cattle
SRR31960180	185915191	364954	24-038321-003	2024	USA	CATTLE	SAMN46201424	WGS	RANDOM	ILLUMINA	NextSeq 2000	PRJNA1102327	cattle
SRR31960181	232581674	476072	24-038321-002	2024	USA	CATTLE	SAMN46201423	WGS	RANDOM	ILLUMINA	NextSeq 2000	PRJNA1102327	cattle
SRR31960182	68811271	134539	24-038320-004	2024	USA	CATTLE	SAMN46201422	WGS	RANDOM	ILLUMINA	NextSeq 2000	PRJNA1102327	cattle
SRR31960183	75992158	144012	24-038320-003	2024	USA	CATTLE	SAMN46201421	WGS	RANDOM	ILLUMINA	NextSeq 2000	PRJNA1102327	cattle
SRR31960184	88155274	170582	24-038320-002	2024	USA	CATTLE	SAMN46201420	WGS	RANDOM	ILLUMINA	NextSeq 2000	PRJNA1102327	cattle
SRR31960185	103558113	201251	24-038320-001	2024	USA	CATTLE	SAMN46201419	WGS	RANDOM	ILLUMINA	NextSeq 2000	PRJNA1102327	cattle
SRR31960186	127899070	245474	24-038319-002	2024	USA	CATTLE	SAMN46201418	WGS	RANDOM	ILLUMINA	NextSeq 2000	PRJNA1102327	cattle
SRR31960187	98939636	190933	24-038271-001	2024	USA	CATTLE	SAMN46201400	WGS	RANDOM	ILLUMINA	NextSeq 2000	PRJNA1102327	cattle
SRR31960188	100638834	191370	24-038318-003	2024	USA	CATTLE	SAMN46201417	WGS	RANDOM	ILLUMINA	NextSeq 2000	PRJNA1102327	cattle
SRR31960189	141429514	286706	24-038318-001	2024	USA	CATTLE	SAMN46201416	WGS	RANDOM	ILLUMINA	NextSeq 2000	PRJNA1102327	cattle
SRR31960190	135849407	267109	24-038306-005	2024	USA	CATTLE	SAMN46201415	WGS	RANDOM	ILLUMINA	NextSeq 2000	PRJNA1102327	cattle
SRR31960191	148424461	290430	24-038306-004	2024	USA	CATTLE	SAMN46201414	WGS	RANDOM	ILLUMINA	NextSeq 2000	PRJNA1102327	cattle
SRR31960192	120014358	229093	24-038306-003	2024	USA	CATTLE	SAMN46201413	WGS	RANDOM	ILLUMINA	NextSeq 2000	PRJNA1102327	cattle
SRR31960193	171616038	330838	24-038306-002	2024	USA	CATTLE	SAMN46201412	WGS	RANDOM	ILLUMINA	NextSeq 2000	PRJNA1102327	cattle
SRR31960194	101665966	198259	24-038303-003	2024	USA	CATTLE	SAMN46201411	WGS	RANDOM	ILLUMINA	NextSeq 2000	PRJNA1102327	cattle
SRR31960195	80098739	160008	24-038303-002	2024	USA	CATTLE	SAMN46201410	WGS	RANDOM	ILLUMINA	NextSeq 2000	PRJNA1102327	cattle
SRR31960196	84822216	162633	24-038298-002	2024	USA	CATTLE	SAMN46201409	WGS	RANDOM	ILLUMINA	NextSeq 2000	PRJNA1102327	cattle
SRR31960197	83336053	163279	24-038298-001	2024	USA	CATTLE	SAMN46201408	WGS	RANDOM	ILLUMINA	NextSeq 2000	PRJNA1102327	cattle
SRR31960198	51027316	104857	24-038180-001	2024	USA	SERVAL	SAMN46201399	WGS	RANDOM	ILLUMINA	NextSeq 2000	PRJNA1102327	other
SRR31960199	123626037	239399	24-038160-001	2024	USA	MOUNTAIN LION	SAMN46201398	WGS	RANDOM	ILLUMINA	NextSeq 2000	PRJNA1102327	other
SRR31914542	116871360	398626	24-035507-002	2024	USA	CHICKEN	SAMN46133428	WGS	RANDOM	ILLUMINA	NextSeq 2000	PRJNA1102327	poultry_wildbird
SRR31914543	125214430	429046	24-035507-001	2024	USA	CHICKEN	SAMN46133427	WGS	RANDOM	ILLUMINA	NextSeq 2000	PRJNA1102327	poultry_wildbird
SRR31914544	134876209	464694	24-035506-019	2024	USA	CHICKEN	SAMN46133426	WGS	RANDOM	ILLUMINA	NextSeq 2000	PRJNA1102327	poultry_wildbird
SRR31914545	241164346	829052	24-035506-018	2024	USA	CHICKEN	SAMN46133425	WGS	RANDOM	ILLUMINA	NextSeq 2000	PRJNA1102327	poultry_wildbird
SRR31914546	320550238	1102305	24-035506-017	2024	USA	CHICKEN	SAMN46133424	WGS	RANDOM	ILLUMINA	NextSeq 2000	PRJNA1102327	poultry_wildbird
SRR31914547	50611825	173413	24-035506-016	2024	USA	CHICKEN	SAMN46133423	WGS	RANDOM	ILLUMINA	NextSeq 2000	PRJNA1102327	poultry_wildbird
SRR31914548	117011249	400065	24-035506-015	2024	USA	CHICKEN	SAMN46133422	WGS	RANDOM	ILLUMINA	NextSeq 2000	PRJNA1102327	poultry_wildbird
SRR31914549	148964669	507714	24-035506-014	2024	USA	CHICKEN	SAMN46133421	WGS	RANDOM	ILLUMINA	NextSeq 2000	PRJNA1102327	poultry_wildbird
SRR31914550	102219107	350528	24-035506-012	2024	USA	CHICKEN	SAMN46133420	WGS	RANDOM	ILLUMINA	NextSeq 2000	PRJNA1102327	poultry_wildbird
SRR31914551	165331277	565331	24-035506-011	2024	USA	CHICKEN	SAMN46133419	WGS	RANDOM	ILLUMINA	NextSeq 2000	PRJNA1102327	poultry_wildbird
SRR31914552	151419256	518827	24-034999-001	2024	USA	CATTLE	SAMN46133338	WGS	RANDOM	ILLUMINA	NextSeq 2000	PRJNA1102327	cattle
SRR31914553	92968889	319085	24-035506-010	2024	USA	CHICKEN	SAMN46133418	WGS	RANDOM	ILLUMINA	NextSeq 2000	PRJNA1102327	poultry_wildbird
SRR31914554	153365696	525748	24-035506-007	2024	USA	CHICKEN	SAMN46133417	WGS	RANDOM	ILLUMINA	NextSeq 2000	PRJNA1102327	poultry_wildbird
SRR31914555	109516189	374128	24-035506-006	2024	USA	CHICKEN	SAMN46133416	WGS	RANDOM	ILLUMINA	NextSeq 2000	PRJNA1102327	poultry_wildbird
SRR31914556	174058339	595619	24-035506-005	2024	USA	CHICKEN	SAMN46133415	WGS	RANDOM	ILLUMINA	NextSeq 2000	PRJNA1102327	poultry_wildbird
SRR31914557	165324239	569983	24-035506-004	2024	USA	CHICKEN	SAMN46133414	WGS	RANDOM	ILLUMINA	NextSeq 2000	PRJNA1102327	poultry_wildbird
SRR31914558	82772844	286566	24-035506-002	2024	USA	CHICKEN	SAMN46133413	WGS	RANDOM	ILLUMINA	NextSeq 2000	PRJNA1102327	poultry_wildbird
SRR31914559	78734859	271022	24-035503-001	2024	USA	CHICKEN	SAMN46133412	WGS	RANDOM	ILLUMINA	NextSeq 2000	PRJNA1102327	poultry_wildbird
SRR31914560	91792778	313564	24-035492-002	2024	USA	CATTLE	SAMN46133411	WGS	RANDOM	ILLUMINA	NextSeq 2000	PRJNA1102327	cattle
SRR31914561	144502460	490635	24-035492-001	2024	USA	CATTLE	SAMN46133410	WGS	RANDOM	ILLUMINA	NextSeq 2000	PRJNA1102327	cattle
SRR31914562	134684109	459309	24-035208-001	2024	USA	CATTLE	SAMN46133409	WGS	RANDOM	ILLUMINA	NextSeq 2000	PRJNA1102327	cattle
SRR31914563	199696109	682809	24-034970-003	2024	USA	CATTLE	SAMN46133337	WGS	RANDOM	ILLUMINA	NextSeq 2000	PRJNA1102327	cattle
SRR31914564	125644164	428838	24-035206-001	2024	USA	CATTLE	SAMN46133408	WGS	RANDOM	ILLUMINA	NextSeq 2000	PRJNA1102327	cattle
SRR31914565	159994994	547080	24-035200-002	2024	USA	CATTLE	SAMN46133407	WGS	RANDOM	ILLUMINA	NextSeq 2000	PRJNA1102327	cattle
SRR31914566	99098291	342157	24-035200-001	2024	USA	CATTLE	SAMN46133406	WGS	RANDOM	ILLUMINA	NextSeq 2000	PRJNA1102327	cattle
SRR31914567	71325328	243860	24-035188-003	2024	USA	CATTLE	SAMN46133405	WGS	RANDOM	ILLUMINA	NextSeq 2000	PRJNA1102327	cattle
SRR31914568	155864313	533148	24-035108-001	2024	USA	CATTLE	SAMN46133404	WGS	RANDOM	ILLUMINA	NextSeq 2000	PRJNA1102327	cattle
SRR31914569	172160076	592961	24-035107-003	2024	USA	CATTLE	SAMN46133403	WGS	RANDOM	ILLUMINA	NextSeq 2000	PRJNA1102327	cattle
SRR31914570	94421289	326151	24-035107-002	2024	USA	CATTLE	SAMN46133402	WGS	RANDOM	ILLUMINA	NextSeq 2000	PRJNA1102327	cattle
SRR31914571	92542197	314342	24-034840-002	2024	USA	CATTLE	SAMN46133401	WGS	RANDOM	ILLUMINA	NextSeq 2000	PRJNA1102327	cattle
SRR31914572	148592646	506989	24-034839-001	2024	USA	CATTLE	SAMN46133400	WGS	RANDOM	ILLUMINA	NextSeq 2000	PRJNA1102327	cattle
SRR31914573	73629778	250555	24-034838-001	2024	USA	CATTLE	SAMN46133399	WGS	RANDOM	ILLUMINA	NextSeq 2000	PRJNA1102327	cattle
SRR31914574	173676392	594141	24-034970-002	2024	USA	CATTLE	SAMN46133336	WGS	RANDOM	ILLUMINA	NextSeq 2000	PRJNA1102327	cattle
SRR31914575	134773502	458243	24-034837-003	2024	USA	CATTLE	SAMN46133398	WGS	RANDOM	ILLUMINA	NextSeq 2000	PRJNA1102327	cattle
SRR31914576	88205823	299732	24-034837-001	2024	USA	CATTLE	SAMN46133397	WGS	RANDOM	ILLUMINA	NextSeq 2000	PRJNA1102327	cattle
SRR31914577	79120591	271190	24-034835-001	2024	USA	CATTLE	SAMN46133396	WGS	RANDOM	ILLUMINA	NextSeq 2000	PRJNA1102327	cattle
SRR31914578	120036537	407111	24-034834-003	2024	USA	CATTLE	SAMN46133395	WGS	RANDOM	ILLUMINA	NextSeq 2000	PRJNA1102327	cattle
SRR31914579	107448096	364178	24-034834-002	2024	USA	CATTLE	SAMN46133394	WGS	RANDOM	ILLUMINA	NextSeq 2000	PRJNA1102327	cattle
SRR31914580	78398697	269147	24-034829-002	2024	USA	CATTLE	SAMN46133393	WGS	RANDOM	ILLUMINA	NextSeq 2000	PRJNA1102327	cattle
SRR31914581	157987604	541936	24-034829-001	2024	USA	CATTLE	SAMN46133392	WGS	RANDOM	ILLUMINA	NextSeq 2000	PRJNA1102327	cattle
SRR31914582	94784827	326632	24-034828-002	2024	USA	CATTLE	SAMN46133391	WGS	RANDOM	ILLUMINA	NextSeq 2000	PRJNA1102327	cattle
SRR31914583	69606210	237721	24-034817-002	2024	USA	CATTLE	SAMN46133390	WGS	RANDOM	ILLUMINA	NextSeq 2000	PRJNA1102327	cattle
SRR31914584	145085619	494001	24-034816-002	2024	USA	CATTLE	SAMN46133389	WGS	RANDOM	ILLUMINA	NextSeq 2000	PRJNA1102327	cattle
SRR31914585	172465185	589113	24-034970-001	2024	USA	CATTLE	SAMN46133335	WGS	RANDOM	ILLUMINA	NextSeq 2000	PRJNA1102327	cattle
SRR31914586	165949963	565326	24-034815-002	2024	USA	CATTLE	SAMN46133388	WGS	RANDOM	ILLUMINA	NextSeq 2000	PRJNA1102327	cattle
SRR31914587	118494981	404800	24-034815-001	2024	USA	CATTLE	SAMN46133387	WGS	RANDOM	ILLUMINA	NextSeq 2000	PRJNA1102327	cattle
SRR31914588	99443158	340318	24-034808-002	2024	USA	CATTLE	SAMN46133386	WGS	RANDOM	ILLUMINA	NextSeq 2000	PRJNA1102327	cattle
SRR31914589	136634815	465630	24-034808-001	2024	USA	CATTLE	SAMN46133385	WGS	RANDOM	ILLUMINA	NextSeq 2000	PRJNA1102327	cattle
SRR31914590	108420425	372236	24-034807-002	2024	USA	CHICKEN	SAMN46133384	WGS	RANDOM	ILLUMINA	NextSeq 2000	PRJNA1102327	poultry_wildbird
SRR31914591	51134316	175866	24-034807-001	2024	USA	CHICKEN	SAMN46133383	WGS	RANDOM	ILLUMINA	NextSeq 2000	PRJNA1102327	poultry_wildbird
SRR31914592	207008303	711461	24-035262-002	2024	USA	CATTLE MILK PRODUCT	SAMN46133382	WGS	RANDOM	ILLUMINA	NextSeq 2000	PRJNA1102327	cattle
SRR31914593	147893104	507996	24-035262-001	2024	USA	CATTLE MILK PRODUCT	SAMN46133381	WGS	RANDOM	ILLUMINA	NextSeq 2000	PRJNA1102327	cattle
SRR31914594	202612910	696254	24-035210-003	2024	USA	CATTLE	SAMN46133380	WGS	RANDOM	ILLUMINA	NextSeq 2000	PRJNA1102327	cattle
SRR31914595	160046555	547099	24-035210-002	2024	USA	CATTLE	SAMN46133379	WGS	RANDOM	ILLUMINA	NextSeq 2000	PRJNA1102327	cattle
SRR31914596	126968672	436537	24-034968-001	2024	USA	CATTLE	SAMN46133334	WGS	RANDOM	ILLUMINA	NextSeq 2000	PRJNA1102327	cattle
SRR31914597	208117671	716125	24-035210-001	2024	USA	CATTLE	SAMN46133378	WGS	RANDOM	ILLUMINA	NextSeq 2000	PRJNA1102327	cattle
SRR31914598	146754398	502772	24-035209-007	2024	USA	CATTLE	SAMN46133377	WGS	RANDOM	ILLUMINA	NextSeq 2000	PRJNA1102327	cattle
SRR31914599	278483971	997746	24-035209-006	2024	USA	CATTLE	SAMN46133376	WGS	RANDOM	ILLUMINA	NextSeq 2000	PRJNA1102327	cattle
SRR31914600	233321357	801909	24-035209-005	2024	USA	CATTLE	SAMN46133375	WGS	RANDOM	ILLUMINA	NextSeq 2000	PRJNA1102327	cattle
SRR31914601	205675420	707743	24-035209-004	2024	USA	CATTLE	SAMN46133374	WGS	RANDOM	ILLUMINA	NextSeq 2000	PRJNA1102327	cattle
SRR31914602	227948824	782833	24-035209-003	2024	USA	CATTLE	SAMN46133373	WGS	RANDOM	ILLUMINA	NextSeq 2000	PRJNA1102327	cattle
SRR31914603	130432857	447999	24-035209-002	2024	USA	CATTLE	SAMN46133372	WGS	RANDOM	ILLUMINA	NextSeq 2000	PRJNA1102327	cattle
SRR31914604	146077138	501479	24-035209-001	2024	USA	CATTLE	SAMN46133371	WGS	RANDOM	ILLUMINA	NextSeq 2000	PRJNA1102327	cattle
SRR31914605	153463623	526962	24-035207-002	2024	USA	CATTLE	SAMN46133370	WGS	RANDOM	ILLUMINA	NextSeq 2000	PRJNA1102327	cattle
SRR31914606	191205545	657345	24-035207-001	2024	USA	CATTLE	SAMN46133369	WGS	RANDOM	ILLUMINA	NextSeq 2000	PRJNA1102327	cattle
SRR31914607	144072980	492818	24-034947-002	2024	USA	CATTLE	SAMN46133333	WGS	RANDOM	ILLUMINA	NextSeq 2000	PRJNA1102327	cattle
SRR31914608	207737528	714293	24-035205-001	2024	USA	CATTLE	SAMN46133368	WGS	RANDOM	ILLUMINA	NextSeq 2000	PRJNA1102327	cattle
SRR31914609	157455953	538427	24-035203-001	2024	USA	CATTLE	SAMN46133367	WGS	RANDOM	ILLUMINA	NextSeq 2000	PRJNA1102327	cattle
SRR31914610	160138332	548188	24-035202-008	2024	USA	CATTLE	SAMN46133366	WGS	RANDOM	ILLUMINA	NextSeq 2000	PRJNA1102327	cattle
SRR31914611	227114254	780919	24-035202-007	2024	USA	CATTLE	SAMN46133365	WGS	RANDOM	ILLUMINA	NextSeq 2000	PRJNA1102327	cattle
SRR31914612	220032910	755097	24-035202-006	2024	USA	CATTLE	SAMN46133364	WGS	RANDOM	ILLUMINA	NextSeq 2000	PRJNA1102327	cattle
SRR31914613	190540502	657448	24-035202-005	2024	USA	CATTLE	SAMN46133363	WGS	RANDOM	ILLUMINA	NextSeq 2000	PRJNA1102327	cattle
SRR31914614	113749171	390354	24-035202-004	2024	USA	CATTLE	SAMN46133362	WGS	RANDOM	ILLUMINA	NextSeq 2000	PRJNA1102327	cattle
SRR31914615	145027662	496825	24-035202-003	2024	USA	CATTLE	SAMN46133361	WGS	RANDOM	ILLUMINA	NextSeq 2000	PRJNA1102327	cattle
SRR31914616	165059017	567007	24-035202-002	2024	USA	CATTLE	SAMN46133360	WGS	RANDOM	ILLUMINA	NextSeq 2000	PRJNA1102327	cattle
SRR31914617	158892383	547441	24-035202-001	2024	USA	CATTLE	SAMN46133359	WGS	RANDOM	ILLUMINA	NextSeq 2000	PRJNA1102327	cattle
SRR31914618	154908992	529462	24-034947-001	2024	USA	CATTLE	SAMN46133332	WGS	RANDOM	ILLUMINA	NextSeq 2000	PRJNA1102327	cattle
SRR31914619	17226792	59077	24-035201-003	2024	USA	CATTLE	SAMN46133358	WGS	RANDOM	ILLUMINA	NextSeq 2000	PRJNA1102327	cattle
SRR31914620	17908457	61508	24-035201-002	2024	USA	CATTLE	SAMN46133357	WGS	RANDOM	ILLUMINA	NextSeq 2000	PRJNA1102327	cattle
SRR31914621	20676738	70874	24-035201-001	2024	USA	CATTLE	SAMN46133356	WGS	RANDOM	ILLUMINA	NextSeq 2000	PRJNA1102327	cattle
SRR31914622	17599837	60282	24-035199-004	2024	USA	CATTLE	SAMN46133355	WGS	RANDOM	ILLUMINA	NextSeq 2000	PRJNA1102327	cattle
SRR31914623	23037715	79126	24-035199-003	2024	USA	CATTLE	SAMN46133354	WGS	RANDOM	ILLUMINA	NextSeq 2000	PRJNA1102327	cattle
SRR31914624	28699740	98602	24-035199-002	2024	USA	CATTLE	SAMN46133353	WGS	RANDOM	ILLUMINA	NextSeq 2000	PRJNA1102327	cattle
SRR31914625	23744008	81593	24-035199-001	2024	USA	CATTLE	SAMN46133352	WGS	RANDOM	ILLUMINA	NextSeq 2000	PRJNA1102327	cattle
SRR31914626	152290093	521858	24-035197-001	2024	USA	CATTLE	SAMN46133351	WGS	RANDOM	ILLUMINA	NextSeq 2000	PRJNA1102327	cattle
SRR31914627	23317361	79955	24-035196-005	2024	USA	CATTLE	SAMN46133350	WGS	RANDOM	ILLUMINA	NextSeq 2000	PRJNA1102327	cattle
SRR31914628	19918268	68020	24-035196-002	2024	USA	CATTLE	SAMN46133349	WGS	RANDOM	ILLUMINA	NextSeq 2000	PRJNA1102327	cattle
SRR31914629	127591515	436546	24-034937-001	2024	USA	CATTLE	SAMN46133331	WGS	RANDOM	ILLUMINA	NextSeq 2000	PRJNA1102327	cattle
SRR31914630	24446194	84222	24-035196-001	2024	USA	CATTLE	SAMN46133348	WGS	RANDOM	ILLUMINA	NextSeq 2000	PRJNA1102327	cattle
SRR31914631	23935889	82066	24-035194-001	2024	USA	CATTLE	SAMN46133347	WGS	RANDOM	ILLUMINA	NextSeq 2000	PRJNA1102327	cattle
SRR31914632	18774148	64250	24-035193-001	2024	USA	CATTLE	SAMN46133346	WGS	RANDOM	ILLUMINA	NextSeq 2000	PRJNA1102327	cattle
SRR31914633	147277414	505466	24-035018-003	2024	USA	CATTLE	SAMN46133345	WGS	RANDOM	ILLUMINA	NextSeq 2000	PRJNA1102327	cattle
SRR31914634	234564179	806894	24-035018-002	2024	USA	CATTLE	SAMN46133344	WGS	RANDOM	ILLUMINA	NextSeq 2000	PRJNA1102327	cattle
SRR31914635	132828280	455494	24-035017-002	2024	USA	CATTLE	SAMN46133343	WGS	RANDOM	ILLUMINA	NextSeq 2000	PRJNA1102327	cattle
SRR31914636	94838290	323472	24-035017-001	2024	USA	CATTLE	SAMN46133342	WGS	RANDOM	ILLUMINA	NextSeq 2000	PRJNA1102327	cattle
SRR31914637	69222728	235694	24-035010-003	2024	USA	CATTLE	SAMN46133341	WGS	RANDOM	ILLUMINA	NextSeq 2000	PRJNA1102327	cattle
SRR31914638	54058473	184382	24-035907-001	2024	USA	MOUNTAIN LION	SAMN46133444	WGS	RANDOM	ILLUMINA	Illumina iSeq 100	PRJNA1102327	other
SRR31914639	41076561	139437	24-035890-002	2024	USA	CATTLE	SAMN46133443	WGS	RANDOM	ILLUMINA	Illumina iSeq 100	PRJNA1102327	cattle
SRR31914640	48606582	165208	24-035890-001	2024	USA	CATTLE	SAMN46133442	WGS	RANDOM	ILLUMINA	Illumina iSeq 100	PRJNA1102327	cattle
SRR31914641	50976876	173747	24-035889-004	2024	USA	CATTLE	SAMN46133441	WGS	RANDOM	ILLUMINA	Illumina iSeq 100	PRJNA1102327	cattle
SRR31914642	41012255	139262	24-035889-003	2024	USA	CATTLE	SAMN46133440	WGS	RANDOM	ILLUMINA	Illumina iSeq 100	PRJNA1102327	cattle
SRR31914643	41000795	138938	24-035889-002	2024	USA	CATTLE	SAMN46133439	WGS	RANDOM	ILLUMINA	Illumina iSeq 100	PRJNA1102327	cattle
SRR31914644	109504928	374505	24-035010-002	2024	USA	CATTLE	SAMN46133340	WGS	RANDOM	ILLUMINA	NextSeq 2000	PRJNA1102327	cattle
SRR31914645	46052912	156763	24-035889-001	2024	USA	CATTLE	SAMN46133438	WGS	RANDOM	ILLUMINA	Illumina iSeq 100	PRJNA1102327	cattle
SRR31914646	98530967	336776	24-035509-004	2024	USA	CHICKEN	SAMN46133437	WGS	RANDOM	ILLUMINA	NextSeq 2000	PRJNA1102327	poultry_wildbird
SRR31914647	392204999	1350282	24-035509-003	2024	USA	CHICKEN	SAMN46133436	WGS	RANDOM	ILLUMINA	NextSeq 2000	PRJNA1102327	poultry_wildbird
SRR31914648	315640861	1084531	24-035509-001	2024	USA	CHICKEN	SAMN46133435	WGS	RANDOM	ILLUMINA	NextSeq 2000	PRJNA1102327	poultry_wildbird
SRR31914649	482279906	1656085	24-035508-003	2024	USA	TURKEY	SAMN46133434	WGS	RANDOM	ILLUMINA	NextSeq 2000	PRJNA1102327	poultry_wildbird
SRR31914650	102006116	347340	24-035508-002	2024	USA	TURKEY	SAMN46133433	WGS	RANDOM	ILLUMINA	NextSeq 2000	PRJNA1102327	poultry_wildbird
SRR31914651	121674339	414663	24-035508-001	2024	USA	TURKEY	SAMN46133432	WGS	RANDOM	ILLUMINA	NextSeq 2000	PRJNA1102327	poultry_wildbird
SRR31914652	94669383	323837	24-035507-006	2024	USA	CHICKEN	SAMN46133431	WGS	RANDOM	ILLUMINA	NextSeq 2000	PRJNA1102327	poultry_wildbird
SRR31914653	110522130	378311	24-035507-005	2024	USA	CHICKEN	SAMN46133430	WGS	RANDOM	ILLUMINA	NextSeq 2000	PRJNA1102327	poultry_wildbird
SRR31914654	89715907	307893	24-035507-003	2024	USA	CHICKEN	SAMN46133429	WGS	RANDOM	ILLUMINA	NextSeq 2000	PRJNA1102327	poultry_wildbird
SRR31914655	106936629	364877	24-035010-001	2024	USA	CATTLE	SAMN46133339	WGS	RANDOM	ILLUMINA	NextSeq 2000	PRJNA1102327	cattle
SRR31914656	168252157	575292	24-034933-001	2024	USA	CATTLE	SAMN46133330	WGS	RANDOM	ILLUMINA	NextSeq 2000	PRJNA1102327	cattle
SRR31914657	108710576	373782	24-035004-003	2024	USA	CATTLE	SAMN46133329	WGS	RANDOM	ILLUMINA	NextSeq 2000	PRJNA1102327	cattle
SRR31885814	212478900	731074	24-037046-003	2024	USA	CATTLE	SAMN46070057	WGS	RANDOM	ILLUMINA	NextSeq 2000	PRJNA1102327	cattle
SRR31885817	88252529	296957	24-037984-003	2024	USA	CHICKEN	SAMN46070135	WGS	RANDOM	ILLUMINA	NextSeq 2000	PRJNA1102327	poultry_wildbird
SRR31885818	134287616	453514	24-037984-002	2024	USA	CHICKEN	SAMN46070134	WGS	RANDOM	ILLUMINA	NextSeq 2000	PRJNA1102327	poultry_wildbird
SRR31885819	140183728	473105	24-037984-001	2024	USA	CHICKEN	SAMN46070133	WGS	RANDOM	ILLUMINA	NextSeq 2000	PRJNA1102327	poultry_wildbird
SRR31885820	154205209	523010	24-037839-001	2024	USA	CATTLE	SAMN46070132	WGS	RANDOM	ILLUMINA	NextSeq 2000	PRJNA1102327	cattle
SRR31885821	155062076	524862	24-037834-001	2024	USA	CATTLE	SAMN46070131	WGS	RANDOM	ILLUMINA	NextSeq 2000	PRJNA1102327	cattle
SRR31885822	170620877	578950	24-037833-001	2024	USA	CATTLE	SAMN46070130	WGS	RANDOM	ILLUMINA	NextSeq 2000	PRJNA1102327	cattle
SRR31885823	132016911	449154	24-037832-001	2024	USA	CATTLE	SAMN46070129	WGS	RANDOM	ILLUMINA	NextSeq 2000	PRJNA1102327	cattle
SRR31885824	109192908	371189	24-037824-003	2024	USA	CATTLE	SAMN46070128	WGS	RANDOM	ILLUMINA	NextSeq 2000	PRJNA1102327	cattle
SRR31885825	106396201	360947	24-037045-004	2024	USA	CATTLE	SAMN46070056	WGS	RANDOM	ILLUMINA	NextSeq 2000	PRJNA1102327	cattle
SRR31885826	123013233	417482	24-037824-002	2024	USA	CATTLE	SAMN46070127	WGS	RANDOM	ILLUMINA	NextSeq 2000	PRJNA1102327	cattle
SRR31885827	101011721	345124	24-037823-003	2024	USA	CATTLE	SAMN46070126	WGS	RANDOM	ILLUMINA	NextSeq 2000	PRJNA1102327	cattle
SRR31885828	126517803	429534	24-037823-002	2024	USA	CATTLE	SAMN46070125	WGS	RANDOM	ILLUMINA	NextSeq 2000	PRJNA1102327	cattle
SRR31885829	166872842	567113	24-037823-001	2024	USA	CATTLE	SAMN46070124	WGS	RANDOM	ILLUMINA	NextSeq 2000	PRJNA1102327	cattle
SRR31885830	205204157	694717	24-037822-003	2024	USA	CATTLE	SAMN46070123	WGS	RANDOM	ILLUMINA	NextSeq 2000	PRJNA1102327	cattle
SRR31885831	267583337	905335	24-037822-002	2024	USA	CATTLE	SAMN46070122	WGS	RANDOM	ILLUMINA	NextSeq 2000	PRJNA1102327	cattle
SRR31885832	173261035	588370	24-037822-001	2024	USA	CATTLE	SAMN46070121	WGS	RANDOM	ILLUMINA	NextSeq 2000	PRJNA1102327	cattle
SRR31885833	167669434	569568	24-037821-002	2024	USA	CATTLE	SAMN46070120	WGS	RANDOM	ILLUMINA	NextSeq 2000	PRJNA1102327	cattle
SRR31885834	137255400	465440	24-037820-001	2024	USA	CATTLE	SAMN46070119	WGS	RANDOM	ILLUMINA	NextSeq 2000	PRJNA1102327	cattle
SRR31885835	142357861	482008	24-037817-001	2024	USA	CATTLE	SAMN46070118	WGS	RANDOM	ILLUMINA	NextSeq 2000	PRJNA1102327	cattle
SRR31885836	97869335	333428	24-037045-003	2024	USA	CATTLE	SAMN46070055	WGS	RANDOM	ILLUMINA	NextSeq 2000	PRJNA1102327	cattle
SRR31885840	162153369	551471	24-037590-001	2024	USA	CATTLE	SAMN46070114	WGS	RANDOM	ILLUMINA	NextSeq 2000	PRJNA1102327	cattle
SRR31885841	146605775	496856	24-037578-001	2024	USA	CATTLE	SAMN46070113	WGS	RANDOM	ILLUMINA	NextSeq 2000	PRJNA1102327	cattle
SRR31885842	131419450	444605	24-037576-001	2024	USA	CATTLE	SAMN46070112	WGS	RANDOM	ILLUMINA	NextSeq 2000	PRJNA1102327	cattle
SRR31885843	140673736	476662	24-037574-002	2024	USA	CATTLE	SAMN46070111	WGS	RANDOM	ILLUMINA	NextSeq 2000	PRJNA1102327	cattle
SRR31885844	85209380	291474	24-037574-001	2024	USA	CATTLE	SAMN46070110	WGS	RANDOM	ILLUMINA	NextSeq 2000	PRJNA1102327	cattle
SRR31885845	179949588	610394	24-037573-003	2024	USA	CATTLE	SAMN46070109	WGS	RANDOM	ILLUMINA	NextSeq 2000	PRJNA1102327	cattle
SRR31885846	114842890	389855	24-037573-002	2024	USA	CATTLE	SAMN46070108	WGS	RANDOM	ILLUMINA	NextSeq 2000	PRJNA1102327	cattle
SRR31885847	169105636	576375	24-037045-002	2024	USA	CATTLE	SAMN46070054	WGS	RANDOM	ILLUMINA	NextSeq 2000	PRJNA1102327	cattle
SRR31885848	131059114	444931	24-037573-001	2024	USA	CATTLE	SAMN46070107	WGS	RANDOM	ILLUMINA	NextSeq 2000	PRJNA1102327	cattle
SRR31885849	105456177	360886	24-037572-003	2024	USA	CATTLE	SAMN46070106	WGS	RANDOM	ILLUMINA	NextSeq 2000	PRJNA1102327	cattle
SRR31885850	133489903	451147	24-037572-002	2024	USA	CATTLE	SAMN46070105	WGS	RANDOM	ILLUMINA	NextSeq 2000	PRJNA1102327	cattle
SRR31885851	126348626	427312	24-037572-001	2024	USA	CATTLE	SAMN46070104	WGS	RANDOM	ILLUMINA	NextSeq 2000	PRJNA1102327	cattle
SRR31885852	120124967	405576	24-037571-002	2024	USA	CATTLE	SAMN46070103	WGS	RANDOM	ILLUMINA	NextSeq 2000	PRJNA1102327	cattle
SRR31885853	138363894	467784	24-037571-001	2024	USA	CATTLE	SAMN46070102	WGS	RANDOM	ILLUMINA	NextSeq 2000	PRJNA1102327	cattle
SRR31885854	389535050	1316431	24-037569-001	2024	USA	CATTLE	SAMN46070101	WGS	RANDOM	ILLUMINA	NextSeq 2000	PRJNA1102327	cattle
SRR31885855	104975556	356193	24-037560-001	2024	USA	CATTLE	SAMN46070100	WGS	RANDOM	ILLUMINA	NextSeq 2000	PRJNA1102327	cattle
SRR31885856	162662901	550299	24-037556-001	2024	USA	CATTLE	SAMN46070099	WGS	RANDOM	ILLUMINA	NextSeq 2000	PRJNA1102327	cattle
SRR31885857	122473614	414390	24-037555-001	2024	USA	CATTLE	SAMN46070098	WGS	RANDOM	ILLUMINA	NextSeq 2000	PRJNA1102327	cattle
SRR31885858	82969947	284126	24-037045-001	2024	USA	CATTLE	SAMN46070053	WGS	RANDOM	ILLUMINA	NextSeq 2000	PRJNA1102327	cattle
SRR31885859	134757445	457291	24-037552-001	2024	USA	CATTLE	SAMN46070097	WGS	RANDOM	ILLUMINA	NextSeq 2000	PRJNA1102327	cattle
SRR31885860	105484182	356914	24-037523-002	2024	USA	TURKEY	SAMN46070096	WGS	RANDOM	ILLUMINA	NextSeq 2000	PRJNA1102327	poultry_wildbird
SRR31885861	129016850	435819	24-037523-001	2024	USA	TURKEY	SAMN46070095	WGS	RANDOM	ILLUMINA	NextSeq 2000	PRJNA1102327	poultry_wildbird
SRR31885863	102044025	346481	24-037428-002	2024	USA	CATTLE	SAMN46070093	WGS	RANDOM	ILLUMINA	NextSeq 2000	PRJNA1102327	cattle
SRR31885864	119788202	404598	24-037428-001	2024	USA	CATTLE	SAMN46070092	WGS	RANDOM	ILLUMINA	NextSeq 2000	PRJNA1102327	cattle
SRR31885865	139771071	472172	24-037427-003	2024	USA	CHICKEN	SAMN46070091	WGS	RANDOM	ILLUMINA	NextSeq 2000	PRJNA1102327	poultry_wildbird
SRR31885866	113021338	381111	24-037427-002	2024	USA	CHICKEN	SAMN46070090	WGS	RANDOM	ILLUMINA	NextSeq 2000	PRJNA1102327	poultry_wildbird
SRR31885867	109227076	368488	24-037427-001	2024	USA	CHICKEN	SAMN46070089	WGS	RANDOM	ILLUMINA	NextSeq 2000	PRJNA1102327	poultry_wildbird
SRR31885868	133121640	449479	24-037420-001	2024	USA	CATTLE	SAMN46070088	WGS	RANDOM	ILLUMINA	NextSeq 2000	PRJNA1102327	cattle
SRR31885869	121677818	415312	24-037043-006	2024	USA	CATTLE	SAMN46070052	WGS	RANDOM	ILLUMINA	NextSeq 2000	PRJNA1102327	cattle
SRR31885873	111172992	375454	24-037410-013	2024	USA	BOBCAT	SAMN46070084	WGS	RANDOM	ILLUMINA	NextSeq 2000	PRJNA1102327	feline
SRR31885874	121821270	413129	24-037410-012	2024	USA	SERVAL	SAMN46070083	WGS	RANDOM	ILLUMINA	NextSeq 2000	PRJNA1102327	other
SRR31885875	124810660	420224	24-038123-005	2024	USA	CATTLE	SAMN46070147	WGS	RANDOM	ILLUMINA	NextSeq 2000	PRJNA1102327	cattle
SRR31885876	134942996	455641	24-038123-004	2024	USA	CATTLE	SAMN46070146	WGS	RANDOM	ILLUMINA	NextSeq 2000	PRJNA1102327	cattle
SRR31885877	114274412	384656	24-038123-003	2024	USA	CATTLE	SAMN46070145	WGS	RANDOM	ILLUMINA	NextSeq 2000	PRJNA1102327	cattle
SRR31885878	121017029	407861	24-038123-002	2024	USA	CATTLE	SAMN46070144	WGS	RANDOM	ILLUMINA	NextSeq 2000	PRJNA1102327	cattle
SRR31885879	122982691	414608	24-038123-001	2024	USA	CATTLE	SAMN46070143	WGS	RANDOM	ILLUMINA	NextSeq 2000	PRJNA1102327	cattle
SRR31885880	112309408	377997	24-038000-001	2024	USA	TIGER	SAMN46070142	WGS	RANDOM	ILLUMINA	NextSeq 2000	PRJNA1102327	other
SRR31885883	177564762	600037	24-037410-010	2024	USA	LYNX	SAMN46070081	WGS	RANDOM	ILLUMINA	NextSeq 2000	PRJNA1102327	other
SRR31885884	125022260	422412	24-037410-008	2024	USA	MOUNTAIN LION	SAMN46070080	WGS	RANDOM	ILLUMINA	NextSeq 2000	PRJNA1102327	other
SRR31885885	109884892	371621	24-037410-007	2024	USA	MOUNTAIN LION	SAMN46070079	WGS	RANDOM	ILLUMINA	NextSeq 2000	PRJNA1102327	other
SRR31885886	17057588	57140	24-037410-006	2024	USA	BOBCAT	SAMN46070078	WGS	RANDOM	ILLUMINA	NextSeq 2000	PRJNA1102327	feline
SRR31885887	112211296	379906	24-037031-003	2024	USA	CATTLE	SAMN46070051	WGS	RANDOM	ILLUMINA	NextSeq 2000	PRJNA1102327	cattle
SRR31885889	111158136	375595	24-037410-003	2024	USA	SERVAL	SAMN46070076	WGS	RANDOM	ILLUMINA	NextSeq 2000	PRJNA1102327	other
SRR31885890	97601877	331607	24-037410-002	2024	USA	SERVAL	SAMN46070075	WGS	RANDOM	ILLUMINA	NextSeq 2000	PRJNA1102327	other
SRR31885891	140712902	475934	24-037410-001	2024	USA	LYNX	SAMN46070074	WGS	RANDOM	ILLUMINA	NextSeq 2000	PRJNA1102327	other
SRR31885892	164452969	556449	24-037399-001	2024	USA	TURKEY	SAMN46070073	WGS	RANDOM	ILLUMINA	NextSeq 2000	PRJNA1102327	poultry_wildbird
SRR31885893	67460605	228669	24-037371-003	2024	USA	CATTLE	SAMN46070072	WGS	RANDOM	ILLUMINA	NextSeq 2000	PRJNA1102327	cattle
SRR31885894	167473888	565647	24-037371-002	2024	USA	CATTLE	SAMN46070071	WGS	RANDOM	ILLUMINA	NextSeq 2000	PRJNA1102327	cattle
SRR31885895	155018289	522906	24-037371-001	2024	USA	CATTLE	SAMN46070070	WGS	RANDOM	ILLUMINA	NextSeq 2000	PRJNA1102327	cattle
SRR31885896	171343607	579120	24-037225-067	2024	USA	CATTLE	SAMN46070069	WGS	RANDOM	ILLUMINA	NextSeq 2000	PRJNA1102327	cattle
SRR31885897	22696729	76458	24-037225-066	2024	USA	CATTLE	SAMN46070068	WGS	RANDOM	ILLUMINA	NextSeq 2000	PRJNA1102327	cattle
SRR31885898	191130498	646771	24-037031-002	2024	USA	CATTLE	SAMN46070050	WGS	RANDOM	ILLUMINA	NextSeq 2000	PRJNA1102327	cattle
SRR31885899	123015497	416745	24-037225-065	2024	USA	CATTLE	SAMN46070067	WGS	RANDOM	ILLUMINA	NextSeq 2000	PRJNA1102327	cattle
SRR31885900	94905916	321026	24-037225-064	2024	USA	CATTLE	SAMN46070066	WGS	RANDOM	ILLUMINA	NextSeq 2000	PRJNA1102327	cattle
SRR31885901	149328716	504638	24-037225-063	2024	USA	CATTLE	SAMN46070065	WGS	RANDOM	ILLUMINA	NextSeq 2000	PRJNA1102327	cattle
SRR31885902	158080574	534540	24-037225-062	2024	USA	CATTLE	SAMN46070064	WGS	RANDOM	ILLUMINA	NextSeq 2000	PRJNA1102327	cattle
SRR31885903	123976326	422319	24-037051-003	2024	USA	CATTLE	SAMN46070063	WGS	RANDOM	ILLUMINA	NextSeq 2000	PRJNA1102327	cattle
SRR31885904	149729626	510558	24-037051-001	2024	USA	CATTLE	SAMN46070062	WGS	RANDOM	ILLUMINA	NextSeq 2000	PRJNA1102327	cattle
SRR31885905	101154706	343167	24-037046-007	2024	USA	CATTLE	SAMN46070061	WGS	RANDOM	ILLUMINA	NextSeq 2000	PRJNA1102327	cattle
SRR31885906	108570628	367518	24-037046-006	2024	USA	CATTLE	SAMN46070060	WGS	RANDOM	ILLUMINA	NextSeq 2000	PRJNA1102327	cattle
SRR31885907	130627420	447063	24-037046-005	2024	USA	CATTLE	SAMN46070059	WGS	RANDOM	ILLUMINA	NextSeq 2000	PRJNA1102327	cattle
SRR31885908	115266684	388805	24-038158-002	2024	USA	TIGER	SAMN46070154	WGS	RANDOM	ILLUMINA	NextSeq 2000	PRJNA1102327	other
SRR31885909	63893819	216446	24-038158-001	2024	USA	TIGER	SAMN46070153	WGS	RANDOM	ILLUMINA	NextSeq 2000	PRJNA1102327	other
SRR31885910	226083193	765558	24-038146-003	2024	USA	CATTLE	SAMN46070152	WGS	RANDOM	ILLUMINA	NextSeq 2000	PRJNA1102327	cattle
SRR31885911	203883887	687249	24-038145-003	2024	USA	CATTLE	SAMN46070151	WGS	RANDOM	ILLUMINA	NextSeq 2000	PRJNA1102327	cattle
SRR31885912	142899813	481077	24-038145-002	2024	USA	CATTLE	SAMN46070150	WGS	RANDOM	ILLUMINA	NextSeq 2000	PRJNA1102327	cattle
SRR31885913	184568469	622919	24-038137-002	2024	USA	CATTLE	SAMN46070149	WGS	RANDOM	ILLUMINA	NextSeq 2000	PRJNA1102327	cattle
SRR31885914	102025449	343750	24-038123-007	2024	USA	CATTLE	SAMN46070148	WGS	RANDOM	ILLUMINA	NextSeq 2000	PRJNA1102327	cattle
SRR31885915	90371704	306828	24-037046-004	2024	USA	CATTLE	SAMN46070058	WGS	RANDOM	ILLUMINA	NextSeq 2000	PRJNA1102327	cattle
SRR31885916	159946592	545091	24-037031-001	2024	USA	CATTLE	SAMN46070049	WGS	RANDOM	ILLUMINA	NextSeq 2000	PRJNA1102327	cattle
SRR31885917	162247126	548371	24-037019-004	2024	USA	CATTLE	SAMN46070048	WGS	RANDOM	ILLUMINA	NextSeq 2000	PRJNA1102327	cattle
SRR31840196	75800519	256794	24-037325-013	2024	USA:OR	PET FOOD	SAMN45999207	WGS	RANDOM	ILLUMINA	NextSeq 2000	PRJNA1102327	other
SRR31840197	51046754	175256	24-037325-012	2024	USA:OR	PET FOOD	SAMN45999206	WGS	RANDOM	ILLUMINA	NextSeq 2000	PRJNA1102327	other
SRR31840198	68107401	232157	24-037325-011	2024	USA:OR	PET FOOD	SAMN45999205	WGS	RANDOM	ILLUMINA	NextSeq 2000	PRJNA1102327	other
SRR31821129	57720034	194488	24-037219-009	2024	USA	CHICKEN	SAMN45953532	WGS	RANDOM	ILLUMINA	NextSeq 2000	PRJNA1102327	poultry_wildbird
SRR31821130	72385413	246165	24-037219-007	2024	USA	CHICKEN	SAMN45953531	WGS	RANDOM	ILLUMINA	NextSeq 2000	PRJNA1102327	poultry_wildbird
SRR31821131	47915409	161672	24-037219-003	2024	USA	CHICKEN	SAMN45953530	WGS	RANDOM	ILLUMINA	NextSeq 2000	PRJNA1102327	poultry_wildbird
SRR31821132	50673361	170992	24-037219-002	2024	USA	CHICKEN	SAMN45953529	WGS	RANDOM	ILLUMINA	NextSeq 2000	PRJNA1102327	poultry_wildbird
SRR31821133	101064038	343726	24-037219-001	2024	USA	CHICKEN	SAMN45953528	WGS	RANDOM	ILLUMINA	NextSeq 2000	PRJNA1102327	poultry_wildbird
SRR31821134	112600982	387189	24-037218-004	2024	USA	CATTLE	SAMN45953527	WGS	RANDOM	ILLUMINA	NextSeq 2000	PRJNA1102327	cattle
SRR31821135	92874116	319490	24-037218-003	2024	USA	CATTLE	SAMN45953526	WGS	RANDOM	ILLUMINA	NextSeq 2000	PRJNA1102327	cattle
SRR31821136	71039285	242093	24-037218-002	2024	USA	CATTLE	SAMN45953525	WGS	RANDOM	ILLUMINA	NextSeq 2000	PRJNA1102327	cattle
SRR31821137	222796600	752253	24-036368-001	2024	USA	CATTLE	SAMN45953210	WGS	RANDOM	ILLUMINA	NextSeq 2000	PRJNA1102327	cattle
SRR31821138	82922679	280123	24-037217-034	2024	USA	CHICKEN	SAMN45953524	WGS	RANDOM	ILLUMINA	NextSeq 2000	PRJNA1102327	poultry_wildbird
SRR31821139	92365505	312119	24-037217-033	2024	USA	CHICKEN	SAMN45953523	WGS	RANDOM	ILLUMINA	NextSeq 2000	PRJNA1102327	poultry_wildbird
SRR31821140	75591699	255364	24-037217-032	2024	USA	CHICKEN	SAMN45953522	WGS	RANDOM	ILLUMINA	NextSeq 2000	PRJNA1102327	poultry_wildbird
SRR31821141	98838296	334321	24-037217-031	2024	USA	CHICKEN	SAMN45953521	WGS	RANDOM	ILLUMINA	NextSeq 2000	PRJNA1102327	poultry_wildbird
SRR31821142	66525440	224721	24-037217-030	2024	USA	CHICKEN	SAMN45953520	WGS	RANDOM	ILLUMINA	NextSeq 2000	PRJNA1102327	poultry_wildbird
SRR31821143	51766704	175954	24-037217-029	2024	USA	CHICKEN	SAMN45953519	WGS	RANDOM	ILLUMINA	NextSeq 2000	PRJNA1102327	poultry_wildbird
SRR31821144	67873502	229100	24-037217-028	2024	USA	CHICKEN	SAMN45953518	WGS	RANDOM	ILLUMINA	NextSeq 2000	PRJNA1102327	poultry_wildbird
SRR31821145	71518083	242173	24-037217-027	2024	USA	CHICKEN	SAMN45953517	WGS	RANDOM	ILLUMINA	NextSeq 2000	PRJNA1102327	poultry_wildbird
SRR31821146	73793643	248853	24-037217-026	2024	USA	CHICKEN	SAMN45953516	WGS	RANDOM	ILLUMINA	NextSeq 2000	PRJNA1102327	poultry_wildbird
SRR31821147	93247315	315108	24-037217-025	2024	USA	CHICKEN	SAMN45953515	WGS	RANDOM	ILLUMINA	NextSeq 2000	PRJNA1102327	poultry_wildbird
SRR31821148	170786730	576162	24-036366-002	2024	USA	CATTLE	SAMN45953209	WGS	RANDOM	ILLUMINA	NextSeq 2000	PRJNA1102327	cattle
SRR31821149	83537258	282655	24-037217-024	2024	USA	CHICKEN	SAMN45953514	WGS	RANDOM	ILLUMINA	NextSeq 2000	PRJNA1102327	poultry_wildbird
SRR31821150	84241031	285194	24-037217-023	2024	USA	CHICKEN	SAMN45953513	WGS	RANDOM	ILLUMINA	NextSeq 2000	PRJNA1102327	poultry_wildbird
SRR31821151	86530523	292536	24-037217-022	2024	USA	CHICKEN	SAMN45953512	WGS	RANDOM	ILLUMINA	NextSeq 2000	PRJNA1102327	poultry_wildbird
SRR31821152	70398586	237747	24-037217-021	2024	USA	CHICKEN	SAMN45953511	WGS	RANDOM	ILLUMINA	NextSeq 2000	PRJNA1102327	poultry_wildbird
SRR31821153	107396466	363912	24-037217-020	2024	USA	CHICKEN	SAMN45953510	WGS	RANDOM	ILLUMINA	NextSeq 2000	PRJNA1102327	poultry_wildbird
SRR31821154	91060521	310204	24-037217-019	2024	USA	CHICKEN	SAMN45953509	WGS	RANDOM	ILLUMINA	NextSeq 2000	PRJNA1102327	poultry_wildbird
SRR31821155	115439042	391465	24-037217-018	2024	USA	CHICKEN	SAMN45953508	WGS	RANDOM	ILLUMINA	NextSeq 2000	PRJNA1102327	poultry_wildbird
SRR31821156	85818879	290228	24-037217-017	2024	USA	CHICKEN	SAMN45953507	WGS	RANDOM	ILLUMINA	NextSeq 2000	PRJNA1102327	poultry_wildbird
SRR31821157	70659038	238329	24-037217-016	2024	USA	CHICKEN	SAMN45953506	WGS	RANDOM	ILLUMINA	NextSeq 2000	PRJNA1102327	poultry_wildbird
SRR31821158	85712647	289076	24-037217-015	2024	USA	CHICKEN	SAMN45953505	WGS	RANDOM	ILLUMINA	NextSeq 2000	PRJNA1102327	poultry_wildbird
SRR31821159	15949256	55134	24-036364-001	2024	USA	CATTLE	SAMN45953208	WGS	RANDOM	ILLUMINA	NextSeq 2000	PRJNA1102327	cattle
SRR31821160	102855996	348044	24-037217-014	2024	USA	CHICKEN	SAMN45953504	WGS	RANDOM	ILLUMINA	NextSeq 2000	PRJNA1102327	poultry_wildbird
SRR31821161	104476497	354355	24-036769-002	2024	USA	CATTLE	SAMN45953416	WGS	RANDOM	ILLUMINA	NextSeq 2000	PRJNA1102327	cattle
SRR31821162	103471773	353220	24-036769-001	2024	USA	CATTLE	SAMN45953415	WGS	RANDOM	ILLUMINA	NextSeq 2000	PRJNA1102327	cattle
SRR31821163	209146537	705843	24-036358-001	2024	USA	CATTLE	SAMN45953199	WGS	RANDOM	ILLUMINA	NextSeq 2000	PRJNA1102327	cattle
SRR31821164	89982571	305102	24-036768-002	2024	USA	CATTLE	SAMN45953414	WGS	RANDOM	ILLUMINA	NextSeq 2000	PRJNA1102327	cattle
SRR31821165	84434973	286234	24-036768-001	2024	USA	CATTLE	SAMN45953413	WGS	RANDOM	ILLUMINA	NextSeq 2000	PRJNA1102327	cattle
SRR31821166	83237433	281859	24-036767-002	2024	USA	CATTLE	SAMN45953412	WGS	RANDOM	ILLUMINA	NextSeq 2000	PRJNA1102327	cattle
SRR31821167	73313117	248325	24-036767-001	2024	USA	CATTLE	SAMN45953411	WGS	RANDOM	ILLUMINA	NextSeq 2000	PRJNA1102327	cattle
SRR31821168	74940285	254668	24-036766-003	2024	USA	CATTLE	SAMN45953410	WGS	RANDOM	ILLUMINA	NextSeq 2000	PRJNA1102327	cattle
SRR31821169	105067756	356229	24-036766-001	2024	USA	CATTLE	SAMN45953409	WGS	RANDOM	ILLUMINA	NextSeq 2000	PRJNA1102327	cattle
SRR31821170	105255118	358442	24-036765-003	2024	USA	CATTLE	SAMN45953408	WGS	RANDOM	ILLUMINA	NextSeq 2000	PRJNA1102327	cattle
SRR31821171	88851982	302639	24-036765-002	2024	USA	CATTLE	SAMN45953407	WGS	RANDOM	ILLUMINA	NextSeq 2000	PRJNA1102327	cattle
SRR31821172	91392417	309872	24-036763-003	2024	USA	CATTLE	SAMN45953406	WGS	RANDOM	ILLUMINA	NextSeq 2000	PRJNA1102327	cattle
SRR31821173	82200481	278444	24-036763-002	2024	USA	CATTLE	SAMN45953405	WGS	RANDOM	ILLUMINA	NextSeq 2000	PRJNA1102327	cattle
SRR31821174	303215240	1035780	24-036357-003	2024	USA	CATTLE	SAMN45953198	WGS	RANDOM	ILLUMINA	NextSeq 2000	PRJNA1102327	cattle
SRR31821175	61866670	209519	24-036763-001	2024	USA	CATTLE	SAMN45953404	WGS	RANDOM	ILLUMINA	NextSeq 2000	PRJNA1102327	cattle
SRR31821176	85191912	289086	24-036760-002	2024	USA	CATTLE	SAMN45953403	WGS	RANDOM	ILLUMINA	NextSeq 2000	PRJNA1102327	cattle
SRR31821177	85502484	289539	24-036759-002	2024	USA	CATTLE	SAMN45953402	WGS	RANDOM	ILLUMINA	NextSeq 2000	PRJNA1102327	cattle
SRR31821178	72520459	246503	24-036759-001	2024	USA	CATTLE	SAMN45953401	WGS	RANDOM	ILLUMINA	NextSeq 2000	PRJNA1102327	cattle
SRR31821179	76757634	259100	24-036757-003	2024	USA	CATTLE	SAMN45953400	WGS	RANDOM	ILLUMINA	NextSeq 2000	PRJNA1102327	cattle
SRR31821180	100472311	339881	24-036645-018	2024	USA	DUCK	SAMN45953399	WGS	RANDOM	ILLUMINA	NextSeq 2000	PRJNA1102327	poultry_wildbird
SRR31821181	116607529	395766	24-036645-017	2024	USA	DUCK	SAMN45953398	WGS	RANDOM	ILLUMINA	NextSeq 2000	PRJNA1102327	poultry_wildbird
SRR31821182	125325318	424205	24-036645-016	2024	USA	DUCK	SAMN45953397	WGS	RANDOM	ILLUMINA	NextSeq 2000	PRJNA1102327	poultry_wildbird
SRR31821183	106262039	358686	24-036645-015	2024	USA	DUCK	SAMN45953396	WGS	RANDOM	ILLUMINA	NextSeq 2000	PRJNA1102327	poultry_wildbird
SRR31821184	127573471	430632	24-036645-013	2024	USA	DUCK	SAMN45953395	WGS	RANDOM	ILLUMINA	NextSeq 2000	PRJNA1102327	poultry_wildbird
SRR31821185	262781016	890389	24-036357-002	2024	USA	CATTLE	SAMN45953197	WGS	RANDOM	ILLUMINA	NextSeq 2000	PRJNA1102327	cattle
SRR31821186	107180139	363503	24-036645-007	2024	USA	DUCK	SAMN45953394	WGS	RANDOM	ILLUMINA	NextSeq 2000	PRJNA1102327	poultry_wildbird
SRR31821187	127651186	432957	24-036645-005	2024	USA	DUCK	SAMN45953393	WGS	RANDOM	ILLUMINA	NextSeq 2000	PRJNA1102327	poultry_wildbird
SRR31821188	140835995	475301	24-036644-012	2024	USA	CHICKEN	SAMN45953392	WGS	RANDOM	ILLUMINA	NextSeq 2000	PRJNA1102327	poultry_wildbird
SRR31821189	185566455	629307	24-036644-003	2024	USA	CHICKEN	SAMN45953391	WGS	RANDOM	ILLUMINA	NextSeq 2000	PRJNA1102327	poultry_wildbird
SRR31821190	108312844	366698	24-036644-001	2024	USA	CHICKEN	SAMN45953390	WGS	RANDOM	ILLUMINA	NextSeq 2000	PRJNA1102327	poultry_wildbird
SRR31821191	145350802	491409	24-036640-003	2024	USA	CATTLE	SAMN45953389	WGS	RANDOM	ILLUMINA	NextSeq 2000	PRJNA1102327	cattle
SRR31821192	172685306	583519	24-036640-002	2024	USA	CATTLE	SAMN45953388	WGS	RANDOM	ILLUMINA	NextSeq 2000	PRJNA1102327	cattle
SRR31821193	249529977	845441	24-036413-003	2024	USA	CATTLE	SAMN45953274	WGS	RANDOM	ILLUMINA	NextSeq 2000	PRJNA1102327	cattle
SRR31821194	329602049	1116002	24-036413-002	2024	USA	CATTLE	SAMN45953273	WGS	RANDOM	ILLUMINA	NextSeq 2000	PRJNA1102327	cattle
SRR31821195	87637846	295811	24-036412-001	2024	USA	CATTLE	SAMN45953272	WGS	RANDOM	ILLUMINA	NextSeq 2000	PRJNA1102327	cattle
SRR31821196	322922007	1097633	24-036411-004	2024	USA	CATTLE	SAMN45953271	WGS	RANDOM	ILLUMINA	NextSeq 2000	PRJNA1102327	cattle
SRR31821197	358458447	1222622	24-036411-003	2024	USA	CATTLE	SAMN45953270	WGS	RANDOM	ILLUMINA	NextSeq 2000	PRJNA1102327	cattle
SRR31821198	180973694	612428	24-036411-002	2024	USA	CATTLE	SAMN45953269	WGS	RANDOM	ILLUMINA	NextSeq 2000	PRJNA1102327	cattle
SRR31821199	169770272	577739	24-036411-001	2024	USA	CATTLE	SAMN45953268	WGS	RANDOM	ILLUMINA	NextSeq 2000	PRJNA1102327	cattle
SRR31821200	234406572	794170	24-036409-001	2024	USA	CATTLE	SAMN45953267	WGS	RANDOM	ILLUMINA	NextSeq 2000	PRJNA1102327	cattle
SRR31821201	160917426	543644	24-036408-001	2024	USA	CATTLE	SAMN45953266	WGS	RANDOM	ILLUMINA	NextSeq 2000	PRJNA1102327	cattle
SRR31821202	163181332	550740	24-036407-001	2024	USA	CATTLE	SAMN45953265	WGS	RANDOM	ILLUMINA	NextSeq 2000	PRJNA1102327	cattle
SRR31821203	475113859	1627652	24-036350-001	2024	USA	CATTLE	SAMN45953184	WGS	RANDOM	ILLUMINA	NextSeq 2000	PRJNA1102327	cattle
SRR31821204	99454987	336546	24-036405-004	2024	USA	CATTLE	SAMN45953264	WGS	RANDOM	ILLUMINA	NextSeq 2000	PRJNA1102327	cattle
SRR31821205	127676647	431865	24-036405-003	2024	USA	CATTLE	SAMN45953263	WGS	RANDOM	ILLUMINA	NextSeq 2000	PRJNA1102327	cattle
SRR31821206	208056213	705560	24-036405-002	2024	USA	CATTLE	SAMN45953262	WGS	RANDOM	ILLUMINA	NextSeq 2000	PRJNA1102327	cattle
SRR31821207	327191723	1127392	24-036405-001	2024	USA	CATTLE	SAMN45953261	WGS	RANDOM	ILLUMINA	NextSeq 2000	PRJNA1102327	cattle
SRR31821208	17616805	60907	24-036403-004	2024	USA	CATTLE	SAMN45953260	WGS	RANDOM	ILLUMINA	NextSeq 2000	PRJNA1102327	cattle
SRR31821209	430170699	1478778	24-036403-003	2024	USA	CATTLE	SAMN45953259	WGS	RANDOM	ILLUMINA	NextSeq 2000	PRJNA1102327	cattle
SRR31821210	287337715	977552	24-036403-002	2024	USA	CATTLE	SAMN45953258	WGS	RANDOM	ILLUMINA	NextSeq 2000	PRJNA1102327	cattle
SRR31821211	223595207	755514	24-036403-001	2024	USA	CATTLE	SAMN45953257	WGS	RANDOM	ILLUMINA	NextSeq 2000	PRJNA1102327	cattle
SRR31821212	136254009	458954	24-036402-001	2024	USA	CATTLE	SAMN45953256	WGS	RANDOM	ILLUMINA	NextSeq 2000	PRJNA1102327	cattle
SRR31821213	250693220	848206	24-036401-002	2024	USA	CATTLE	SAMN45953255	WGS	RANDOM	ILLUMINA	NextSeq 2000	PRJNA1102327	cattle
SRR31821214	267171418	907731	24-036349-001	2024	USA	CATTLE	SAMN45953183	WGS	RANDOM	ILLUMINA	NextSeq 2000	PRJNA1102327	cattle
SRR31821215	200693163	676714	24-036400-001	2024	USA	CATTLE	SAMN45953254	WGS	RANDOM	ILLUMINA	NextSeq 2000	PRJNA1102327	cattle
SRR31821216	189465397	639625	24-036399-001	2024	USA	CATTLE	SAMN45953253	WGS	RANDOM	ILLUMINA	NextSeq 2000	PRJNA1102327	cattle
SRR31821217	220280818	744409	24-036398-002	2024	USA	CATTLE	SAMN45953252	WGS	RANDOM	ILLUMINA	NextSeq 2000	PRJNA1102327	cattle
SRR31821218	71710064	241475	24-036398-001	2024	USA	CATTLE	SAMN45953251	WGS	RANDOM	ILLUMINA	NextSeq 2000	PRJNA1102327	cattle
SRR31821219	341578000	1164408	24-036397-002	2024	USA	CATTLE	SAMN45953250	WGS	RANDOM	ILLUMINA	NextSeq 2000	PRJNA1102327	cattle
SRR31821220	369647823	1259955	24-036397-001	2024	USA	CATTLE	SAMN45953249	WGS	RANDOM	ILLUMINA	NextSeq 2000	PRJNA1102327	cattle
SRR31821221	134478805	462636	24-037225-037	2024	USA	CATTLE	SAMN45953589	WGS	RANDOM	ILLUMINA	NextSeq 2000	PRJNA1102327	cattle
SRR31821222	127975123	437755	24-037225-036	2024	USA	CATTLE	SAMN45953588	WGS	RANDOM	ILLUMINA	NextSeq 2000	PRJNA1102327	cattle
SRR31821223	115747496	395737	24-037225-035	2024	USA	CATTLE	SAMN45953587	WGS	RANDOM	ILLUMINA	NextSeq 2000	PRJNA1102327	cattle
SRR31821224	59312616	200272	24-037225-034	2024	USA	CATTLE	SAMN45953586	WGS	RANDOM	ILLUMINA	NextSeq 2000	PRJNA1102327	cattle
SRR31821225	52612418	177553	24-037225-033	2024	USA	CATTLE	SAMN45953585	WGS	RANDOM	ILLUMINA	NextSeq 2000	PRJNA1102327	cattle
SRR31821226	181535783	614548	24-036371-001	2024	USA	CATTLE	SAMN45953216	WGS	RANDOM	ILLUMINA	NextSeq 2000	PRJNA1102327	cattle
SRR31821227	92278124	311277	24-037225-032	2024	USA	CATTLE	SAMN45953584	WGS	RANDOM	ILLUMINA	NextSeq 2000	PRJNA1102327	cattle
SRR31821228	74800292	252697	24-037225-031	2024	USA	CATTLE	SAMN45953583	WGS	RANDOM	ILLUMINA	NextSeq 2000	PRJNA1102327	cattle
SRR31821229	109084402	368586	24-037225-030	2024	USA	CATTLE	SAMN45953582	WGS	RANDOM	ILLUMINA	NextSeq 2000	PRJNA1102327	cattle
SRR31821230	102664050	349501	24-037225-029	2024	USA	CATTLE	SAMN45953581	WGS	RANDOM	ILLUMINA	NextSeq 2000	PRJNA1102327	cattle
SRR31821231	89483713	303158	24-037225-028	2024	USA	CATTLE	SAMN45953580	WGS	RANDOM	ILLUMINA	NextSeq 2000	PRJNA1102327	cattle
SRR31821232	62198046	209908	24-037225-027	2024	USA	CATTLE	SAMN45953579	WGS	RANDOM	ILLUMINA	NextSeq 2000	PRJNA1102327	cattle
SRR31821233	87207103	295924	24-037225-026	2024	USA	CATTLE	SAMN45953578	WGS	RANDOM	ILLUMINA	NextSeq 2000	PRJNA1102327	cattle
SRR31821234	49832943	168364	24-037225-025	2024	USA	CATTLE	SAMN45953577	WGS	RANDOM	ILLUMINA	NextSeq 2000	PRJNA1102327	cattle
SRR31821235	54441985	183867	24-037225-024	2024	USA	CATTLE	SAMN45953576	WGS	RANDOM	ILLUMINA	NextSeq 2000	PRJNA1102327	cattle
SRR31821236	136469855	461940	24-037225-022	2024	USA	CATTLE	SAMN45953575	WGS	RANDOM	ILLUMINA	NextSeq 2000	PRJNA1102327	cattle
SRR31820793	325781185	1107174	24-036369-002	2024	USA	CATTLE	SAMN45953215	WGS	RANDOM	ILLUMINA	NextSeq 2000	PRJNA1102327	cattle
SRR31820794	216373185	737717	24-036325-001	2024	USA	CATTLE	SAMN45953179	WGS	RANDOM	ILLUMINA	NextSeq 2000	PRJNA1102327	cattle
SRR31820795	74495951	252102	24-037225-021	2024	USA	CATTLE	SAMN45953574	WGS	RANDOM	ILLUMINA	NextSeq 2000	PRJNA1102327	cattle
SRR31820796	66491250	223831	24-037225-020	2024	USA	CATTLE	SAMN45953573	WGS	RANDOM	ILLUMINA	NextSeq 2000	PRJNA1102327	cattle
SRR31820797	75907367	256178	24-037225-018	2024	USA	CATTLE	SAMN45953572	WGS	RANDOM	ILLUMINA	NextSeq 2000	PRJNA1102327	cattle
SRR31820798	58434643	197091	24-037225-015	2024	USA	CATTLE	SAMN45953571	WGS	RANDOM	ILLUMINA	NextSeq 2000	PRJNA1102327	cattle
SRR31820799	75210628	255404	24-037225-012	2024	USA	CATTLE	SAMN45953570	WGS	RANDOM	ILLUMINA	NextSeq 2000	PRJNA1102327	cattle
SRR31820800	82762193	280068	24-037225-011	2024	USA	CATTLE	SAMN45953569	WGS	RANDOM	ILLUMINA	NextSeq 2000	PRJNA1102327	cattle
SRR31820801	56863431	191713	24-037225-010	2024	USA	CATTLE	SAMN45953568	WGS	RANDOM	ILLUMINA	NextSeq 2000	PRJNA1102327	cattle
SRR31820802	69142165	233601	24-037225-009	2024	USA	CATTLE	SAMN45953567	WGS	RANDOM	ILLUMINA	NextSeq 2000	PRJNA1102327	cattle
SRR31820803	45234638	152301	24-037225-008	2024	USA	CATTLE	SAMN45953566	WGS	RANDOM	ILLUMINA	NextSeq 2000	PRJNA1102327	cattle
SRR31820804	57581273	194571	24-037225-006	2024	USA	CATTLE	SAMN45953565	WGS	RANDOM	ILLUMINA	NextSeq 2000	PRJNA1102327	cattle
SRR31820805	259679296	878810	24-036369-001	2024	USA	CATTLE	SAMN45953214	WGS	RANDOM	ILLUMINA	NextSeq 2000	PRJNA1102327	cattle
SRR31820806	73550886	248531	24-037225-005	2024	USA	CATTLE	SAMN45953564	WGS	RANDOM	ILLUMINA	NextSeq 2000	PRJNA1102327	cattle
SRR31820807	78454411	265640	24-037225-004	2024	USA	CATTLE	SAMN45953563	WGS	RANDOM	ILLUMINA	NextSeq 2000	PRJNA1102327	cattle
SRR31820808	99295888	344363	24-037225-003	2024	USA	CATTLE	SAMN45953562	WGS	RANDOM	ILLUMINA	NextSeq 2000	PRJNA1102327	cattle
SRR31820809	52307601	178145	24-036321-001	2024	USA	TIGER	SAMN45953178	WGS	RANDOM	ILLUMINA	Illumina iSeq 100	PRJNA1102327	other
SRR31820810	101101439	347816	24-037195-001	2024	USA	CATTLE	SAMN45953474	WGS	RANDOM	ILLUMINA	NextSeq 2000	PRJNA1102327	cattle
SRR31820811	115534822	395092	24-037194-001	2024	USA	CATTLE	SAMN45953473	WGS	RANDOM	ILLUMINA	NextSeq 2000	PRJNA1102327	cattle
SRR31820812	108456148	371411	24-037193-001	2024	USA	CATTLE	SAMN45953472	WGS	RANDOM	ILLUMINA	NextSeq 2000	PRJNA1102327	cattle
SRR31820813	101572410	349376	24-037192-001	2024	USA	CATTLE	SAMN45953471	WGS	RANDOM	ILLUMINA	NextSeq 2000	PRJNA1102327	cattle
SRR31820814	132026051	451971	24-037190-006	2024	USA	CATTLE	SAMN45953470	WGS	RANDOM	ILLUMINA	NextSeq 2000	PRJNA1102327	cattle
SRR31820815	91674293	311146	24-037190-005	2024	USA	CATTLE	SAMN45953469	WGS	RANDOM	ILLUMINA	NextSeq 2000	PRJNA1102327	cattle
SRR31820816	156208323	534646	24-037190-002	2024	USA	CATTLE	SAMN45953468	WGS	RANDOM	ILLUMINA	NextSeq 2000	PRJNA1102327	cattle
SRR31820817	149295171	510118	24-037190-001	2024	USA	CATTLE	SAMN45953467	WGS	RANDOM	ILLUMINA	NextSeq 2000	PRJNA1102327	cattle
SRR31820818	126844708	431099	24-037188-004	2024	USA	CATTLE	SAMN45953466	WGS	RANDOM	ILLUMINA	NextSeq 2000	PRJNA1102327	cattle
SRR31820819	155036755	532255	24-037188-003	2024	USA	CATTLE	SAMN45953465	WGS	RANDOM	ILLUMINA	NextSeq 2000	PRJNA1102327	cattle
SRR31820820	248507121	842024	24-036359-006	2024	USA	CATTLE	SAMN45953204	WGS	RANDOM	ILLUMINA	NextSeq 2000	PRJNA1102327	cattle
SRR31820821	108251973	371498	24-037188-002	2024	USA	CATTLE	SAMN45953464	WGS	RANDOM	ILLUMINA	NextSeq 2000	PRJNA1102327	cattle
SRR31820822	142574765	495392	24-037188-001	2024	USA	CATTLE	SAMN45953463	WGS	RANDOM	ILLUMINA	NextSeq 2000	PRJNA1102327	cattle
SRR31820823	124985725	432322	24-037179-002	2024	USA	CATTLE	SAMN45953462	WGS	RANDOM	ILLUMINA	NextSeq 2000	PRJNA1102327	cattle
SRR31820824	104424671	362772	24-037179-001	2024	USA	CATTLE	SAMN45953461	WGS	RANDOM	ILLUMINA	NextSeq 2000	PRJNA1102327	cattle
SRR31820825	189809873	662397	24-037177-002	2024	USA	CATTLE	SAMN45953460	WGS	RANDOM	ILLUMINA	NextSeq 2000	PRJNA1102327	cattle
SRR31820826	185198706	653756	24-037177-001	2024	USA	CATTLE	SAMN45953459	WGS	RANDOM	ILLUMINA	NextSeq 2000	PRJNA1102327	cattle
SRR31820827	126517636	433331	24-037176-001	2024	USA	CATTLE	SAMN45953458	WGS	RANDOM	ILLUMINA	NextSeq 2000	PRJNA1102327	cattle
SRR31820828	154978520	528465	24-037175-004	2024	USA	CATTLE	SAMN45953457	WGS	RANDOM	ILLUMINA	NextSeq 2000	PRJNA1102327	cattle
SRR31820829	108489229	368344	24-037175-003	2024	USA	CATTLE	SAMN45953456	WGS	RANDOM	ILLUMINA	NextSeq 2000	PRJNA1102327	cattle
SRR31820830	117631402	400741	24-037175-002	2024	USA	CATTLE	SAMN45953455	WGS	RANDOM	ILLUMINA	NextSeq 2000	PRJNA1102327	cattle
SRR31820831	215343023	725591	24-036359-005	2024	USA	CATTLE	SAMN45953203	WGS	RANDOM	ILLUMINA	NextSeq 2000	PRJNA1102327	cattle
SRR31820832	108070536	369983	24-037175-001	2024	USA	CATTLE	SAMN45953454	WGS	RANDOM	ILLUMINA	NextSeq 2000	PRJNA1102327	cattle
SRR31820833	94749106	322236	24-037173-001	2024	USA	CATTLE	SAMN45953453	WGS	RANDOM	ILLUMINA	NextSeq 2000	PRJNA1102327	cattle
SRR31820834	125490977	425427	24-037172-002	2024	USA	CATTLE	SAMN45953452	WGS	RANDOM	ILLUMINA	NextSeq 2000	PRJNA1102327	cattle
SRR31820835	126899793	432495	24-037172-001	2024	USA	CATTLE	SAMN45953451	WGS	RANDOM	ILLUMINA	NextSeq 2000	PRJNA1102327	cattle
SRR31820836	94869384	322325	24-037168-007	2024	USA	CATTLE	SAMN45953450	WGS	RANDOM	ILLUMINA	NextSeq 2000	PRJNA1102327	cattle
SRR31820837	99354163	338579	24-037168-006	2024	USA	CATTLE	SAMN45953449	WGS	RANDOM	ILLUMINA	NextSeq 2000	PRJNA1102327	cattle
SRR31820838	90151570	310326	24-037168-005	2024	USA	CATTLE	SAMN45953448	WGS	RANDOM	ILLUMINA	NextSeq 2000	PRJNA1102327	cattle
SRR31820839	115726265	403015	24-037168-004	2024	USA	CATTLE	SAMN45953447	WGS	RANDOM	ILLUMINA	NextSeq 2000	PRJNA1102327	cattle
SRR31820840	96096137	333615	24-037168-003	2024	USA	CATTLE	SAMN45953446	WGS	RANDOM	ILLUMINA	NextSeq 2000	PRJNA1102327	cattle
SRR31820841	170845961	578277	24-036579-001	2024	USA	CATTLE	SAMN45953359	WGS	RANDOM	ILLUMINA	NextSeq 2000	PRJNA1102327	cattle
SRR31820842	120111316	406104	24-036577-001	2024	USA	CATTLE	SAMN45953358	WGS	RANDOM	ILLUMINA	NextSeq 2000	PRJNA1102327	cattle
SRR31820843	96091183	323885	24-036576-001	2024	USA	CATTLE	SAMN45953357	WGS	RANDOM	ILLUMINA	NextSeq 2000	PRJNA1102327	cattle
SRR31820844	169278579	577090	24-036572-001	2024	USA	CATTLE	SAMN45953356	WGS	RANDOM	ILLUMINA	NextSeq 2000	PRJNA1102327	cattle
SRR31820845	86673748	292905	24-036571-002	2024	USA	CATTLE	SAMN45953355	WGS	RANDOM	ILLUMINA	NextSeq 2000	PRJNA1102327	cattle
SRR31820846	196687023	665669	24-036355-001	2024	USA	CATTLE	SAMN45953193	WGS	RANDOM	ILLUMINA	NextSeq 2000	PRJNA1102327	cattle
SRR31820847	149059013	504971	24-036570-001	2024	USA	CATTLE	SAMN45953354	WGS	RANDOM	ILLUMINA	NextSeq 2000	PRJNA1102327	cattle
SRR31820848	105789958	357476	24-036569-001	2024	USA	CATTLE	SAMN45953353	WGS	RANDOM	ILLUMINA	NextSeq 2000	PRJNA1102327	cattle
SRR31820849	148613047	501139	24-036568-004	2024	USA	CATTLE	SAMN45953352	WGS	RANDOM	ILLUMINA	NextSeq 2000	PRJNA1102327	cattle
SRR31820850	140508677	474913	24-036568-003	2024	USA	CATTLE	SAMN45953351	WGS	RANDOM	ILLUMINA	NextSeq 2000	PRJNA1102327	cattle
SRR31820851	143875203	484908	24-036568-002	2024	USA	CATTLE	SAMN45953350	WGS	RANDOM	ILLUMINA	NextSeq 2000	PRJNA1102327	cattle
SRR31820852	123391869	417713	24-036568-001	2024	USA	CATTLE	SAMN45953349	WGS	RANDOM	ILLUMINA	NextSeq 2000	PRJNA1102327	cattle
SRR31820853	148194576	501555	24-036567-004	2024	USA	CATTLE	SAMN45953348	WGS	RANDOM	ILLUMINA	NextSeq 2000	PRJNA1102327	cattle
SRR31820854	101134914	340545	24-036567-003	2024	USA	CATTLE	SAMN45953347	WGS	RANDOM	ILLUMINA	NextSeq 2000	PRJNA1102327	cattle
SRR31820855	105045355	353477	24-036567-002	2024	USA	CATTLE	SAMN45953346	WGS	RANDOM	ILLUMINA	NextSeq 2000	PRJNA1102327	cattle
SRR31820856	122675516	413843	24-036567-001	2024	USA	CATTLE	SAMN45953345	WGS	RANDOM	ILLUMINA	NextSeq 2000	PRJNA1102327	cattle
SRR31820857	265882745	900431	24-036354-002	2024	USA	CATTLE	SAMN45953192	WGS	RANDOM	ILLUMINA	NextSeq 2000	PRJNA1102327	cattle
SRR31820858	183512302	622370	24-036566-001	2024	USA	CATTLE	SAMN45953344	WGS	RANDOM	ILLUMINA	NextSeq 2000	PRJNA1102327	cattle
SRR31820859	191783959	649811	24-036564-001	2024	USA	CATTLE	SAMN45953343	WGS	RANDOM	ILLUMINA	NextSeq 2000	PRJNA1102327	cattle
SRR31820860	167369175	567643	24-036563-008	2024	USA	CATTLE	SAMN45953342	WGS	RANDOM	ILLUMINA	NextSeq 2000	PRJNA1102327	cattle
SRR31820861	247826159	843395	24-036563-006	2024	USA	CATTLE	SAMN45953341	WGS	RANDOM	ILLUMINA	NextSeq 2000	PRJNA1102327	cattle
SRR31820862	271095518	920395	24-036563-004	2024	USA	CATTLE	SAMN45953340	WGS	RANDOM	ILLUMINA	NextSeq 2000	PRJNA1102327	cattle
SRR31820863	281000088	957186	24-036563-003	2024	USA	CATTLE	SAMN45953339	WGS	RANDOM	ILLUMINA	NextSeq 2000	PRJNA1102327	cattle
SRR31820864	366092218	1246066	24-036563-002	2024	USA	CATTLE	SAMN45953338	WGS	RANDOM	ILLUMINA	NextSeq 2000	PRJNA1102327	cattle
SRR31820865	3570740	13182	24-036563-001	2024	USA	CATTLE	SAMN45953337	WGS	RANDOM	ILLUMINA	NextSeq 2000	PRJNA1102327	cattle
SRR31820866	149715954	506563	24-036562-002	2024	USA	CATTLE	SAMN45953336	WGS	RANDOM	ILLUMINA	NextSeq 2000	PRJNA1102327	cattle
SRR31820867	297963149	1009622	24-036562-001	2024	USA	CATTLE	SAMN45953335	WGS	RANDOM	ILLUMINA	NextSeq 2000	PRJNA1102327	cattle
SRR31820868	245340732	831927	24-036354-001	2024	USA	CATTLE	SAMN45953191	WGS	RANDOM	ILLUMINA	NextSeq 2000	PRJNA1102327	cattle
SRR31820869	112964023	381725	24-036561-001	2024	USA	CATTLE	SAMN45953334	WGS	RANDOM	ILLUMINA	NextSeq 2000	PRJNA1102327	cattle
SRR31820870	147214049	497784	24-036559-003	2024	USA	CATTLE	SAMN45953333	WGS	RANDOM	ILLUMINA	NextSeq 2000	PRJNA1102327	cattle
SRR31820871	166468085	563083	24-036559-002	2024	USA	CATTLE	SAMN45953332	WGS	RANDOM	ILLUMINA	NextSeq 2000	PRJNA1102327	cattle
SRR31820872	157968477	535078	24-036559-001	2024	USA	CATTLE	SAMN45953331	WGS	RANDOM	ILLUMINA	NextSeq 2000	PRJNA1102327	cattle
SRR31820873	186334205	628571	24-036396-003	2024	USA	CATTLE	SAMN45953248	WGS	RANDOM	ILLUMINA	NextSeq 2000	PRJNA1102327	cattle
SRR31820874	190350401	644282	24-036396-002	2024	USA	CATTLE	SAMN45953247	WGS	RANDOM	ILLUMINA	NextSeq 2000	PRJNA1102327	cattle
SRR31820875	202896494	688642	24-036396-001	2024	USA	CATTLE	SAMN45953246	WGS	RANDOM	ILLUMINA	NextSeq 2000	PRJNA1102327	cattle
SRR31820876	172359812	584280	24-036395-005	2024	USA	CATTLE	SAMN45953245	WGS	RANDOM	ILLUMINA	NextSeq 2000	PRJNA1102327	cattle
SRR31820877	114957052	393872	24-036342-001	2024	USA	CATTLE	SAMN45953182	WGS	RANDOM	ILLUMINA	NextSeq 2000	PRJNA1102327	cattle
SRR31820878	183891691	624036	24-036395-004	2024	USA	CATTLE	SAMN45953244	WGS	RANDOM	ILLUMINA	NextSeq 2000	PRJNA1102327	cattle
SRR31820879	216179098	735083	24-036395-003	2024	USA	CATTLE	SAMN45953243	WGS	RANDOM	ILLUMINA	NextSeq 2000	PRJNA1102327	cattle
SRR31820880	229804308	784836	24-036395-002	2024	USA	CATTLE	SAMN45953242	WGS	RANDOM	ILLUMINA	NextSeq 2000	PRJNA1102327	cattle
SRR31820881	324674460	1101683	24-036395-001	2024	USA	CATTLE	SAMN45953241	WGS	RANDOM	ILLUMINA	NextSeq 2000	PRJNA1102327	cattle
SRR31820882	84654217	286411	24-036394-002	2024	USA	CATTLE	SAMN45953240	WGS	RANDOM	ILLUMINA	NextSeq 2000	PRJNA1102327	cattle
SRR31820883	109859230	370708	24-036394-001	2024	USA	CATTLE	SAMN45953239	WGS	RANDOM	ILLUMINA	NextSeq 2000	PRJNA1102327	cattle
SRR31820884	223880160	760890	24-036392-002	2024	USA	CATTLE	SAMN45953238	WGS	RANDOM	ILLUMINA	NextSeq 2000	PRJNA1102327	cattle
SRR31820885	182063776	619577	24-036391-002	2024	USA	CATTLE	SAMN45953237	WGS	RANDOM	ILLUMINA	NextSeq 2000	PRJNA1102327	cattle
SRR31820886	84485597	287565	24-036391-001	2024	USA	CATTLE	SAMN45953236	WGS	RANDOM	ILLUMINA	NextSeq 2000	PRJNA1102327	cattle
SRR31820887	230295031	784434	24-036390-001	2024	USA	CATTLE	SAMN45953235	WGS	RANDOM	ILLUMINA	NextSeq 2000	PRJNA1102327	cattle
SRR31820888	264548416	901523	24-036327-001	2024	USA	CATTLE	SAMN45953181	WGS	RANDOM	ILLUMINA	NextSeq 2000	PRJNA1102327	cattle
SRR31820889	334802460	1139528	24-036389-003	2024	USA	CATTLE	SAMN45953234	WGS	RANDOM	ILLUMINA	NextSeq 2000	PRJNA1102327	cattle
SRR31820890	329777701	1125495	24-036389-002	2024	USA	CATTLE	SAMN45953233	WGS	RANDOM	ILLUMINA	NextSeq 2000	PRJNA1102327	cattle
SRR31820891	26574052	94778	24-036389-001	2024	USA	CATTLE	SAMN45953232	WGS	RANDOM	ILLUMINA	NextSeq 2000	PRJNA1102327	cattle
SRR31820892	139350010	472357	24-036386-001	2024	USA	CATTLE	SAMN45953231	WGS	RANDOM	ILLUMINA	NextSeq 2000	PRJNA1102327	cattle
SRR31820893	132631646	451027	24-036385-003	2024	USA	CATTLE	SAMN45953230	WGS	RANDOM	ILLUMINA	NextSeq 2000	PRJNA1102327	cattle
SRR31820894	168534089	570299	24-036385-002	2024	USA	CATTLE	SAMN45953229	WGS	RANDOM	ILLUMINA	NextSeq 2000	PRJNA1102327	cattle
SRR31820895	121601858	416521	24-036384-001	2024	USA	CATTLE	SAMN45953228	WGS	RANDOM	ILLUMINA	NextSeq 2000	PRJNA1102327	cattle
SRR31820896	188247735	644221	24-036378-001	2024	USA	CATTLE	SAMN45953227	WGS	RANDOM	ILLUMINA	NextSeq 2000	PRJNA1102327	cattle
SRR31820897	207735841	709957	24-036377-002	2024	USA	CATTLE	SAMN45953226	WGS	RANDOM	ILLUMINA	NextSeq 2000	PRJNA1102327	cattle
SRR31820898	305003218	1042607	24-036377-001	2024	USA	CATTLE	SAMN45953225	WGS	RANDOM	ILLUMINA	NextSeq 2000	PRJNA1102327	cattle
SRR31820899	281074493	960550	24-036326-001	2024	USA	CHICKEN	SAMN45953180	WGS	RANDOM	ILLUMINA	NextSeq 2000	PRJNA1102327	poultry_wildbird
SRR31820900	221118961	755420	24-036376-001	2024	USA	CATTLE	SAMN45953224	WGS	RANDOM	ILLUMINA	NextSeq 2000	PRJNA1102327	cattle
SRR31820901	167954052	568145	24-036375-003	2024	USA	CATTLE	SAMN45953223	WGS	RANDOM	ILLUMINA	NextSeq 2000	PRJNA1102327	cattle
SRR31820902	191698955	646863	24-036375-001	2024	USA	CATTLE	SAMN45953222	WGS	RANDOM	ILLUMINA	NextSeq 2000	PRJNA1102327	cattle
SRR31820903	176508849	599102	24-036373-001	2024	USA	CATTLE	SAMN45953221	WGS	RANDOM	ILLUMINA	NextSeq 2000	PRJNA1102327	cattle
SRR31820904	198422078	672919	24-036372-001	2024	USA	CATTLE	SAMN45953220	WGS	RANDOM	ILLUMINA	NextSeq 2000	PRJNA1102327	cattle
SRR31820905	94748941	328127	24-037225-002	2024	USA	CATTLE	SAMN45953561	WGS	RANDOM	ILLUMINA	NextSeq 2000	PRJNA1102327	cattle
SRR31820906	113272544	399548	24-037225-001	2024	USA	CATTLE	SAMN45953560	WGS	RANDOM	ILLUMINA	NextSeq 2000	PRJNA1102327	cattle
SRR31820907	72248528	243259	24-037219-040	2024	USA	CHICKEN	SAMN45953559	WGS	RANDOM	ILLUMINA	NextSeq 2000	PRJNA1102327	poultry_wildbird
SRR31820908	57658382	194856	24-037219-036	2024	USA	CHICKEN	SAMN45953558	WGS	RANDOM	ILLUMINA	NextSeq 2000	PRJNA1102327	poultry_wildbird
SRR31820909	88627538	300157	24-037219-035	2024	USA	CHICKEN	SAMN45953557	WGS	RANDOM	ILLUMINA	NextSeq 2000	PRJNA1102327	poultry_wildbird
SRR31820910	88711340	299458	24-037219-034	2024	USA	CHICKEN	SAMN45953556	WGS	RANDOM	ILLUMINA	NextSeq 2000	PRJNA1102327	poultry_wildbird
SRR31820911	90879684	307288	24-037219-033	2024	USA	CHICKEN	SAMN45953555	WGS	RANDOM	ILLUMINA	NextSeq 2000	PRJNA1102327	poultry_wildbird
SRR31820912	194816020	657547	24-036368-004	2024	USA	CATTLE	SAMN45953213	WGS	RANDOM	ILLUMINA	NextSeq 2000	PRJNA1102327	cattle
SRR31820913	77876455	263372	24-037219-032	2024	USA	CHICKEN	SAMN45953554	WGS	RANDOM	ILLUMINA	NextSeq 2000	PRJNA1102327	poultry_wildbird
SRR31820914	110845183	374913	24-037219-031	2024	USA	CHICKEN	SAMN45953553	WGS	RANDOM	ILLUMINA	NextSeq 2000	PRJNA1102327	poultry_wildbird
SRR31820915	76270030	257137	24-037219-030	2024	USA	CHICKEN	SAMN45953552	WGS	RANDOM	ILLUMINA	NextSeq 2000	PRJNA1102327	poultry_wildbird
SRR31820916	64033190	216463	24-037219-029	2024	USA	CHICKEN	SAMN45953551	WGS	RANDOM	ILLUMINA	NextSeq 2000	PRJNA1102327	poultry_wildbird
SRR31820917	59903646	202781	24-037219-028	2024	USA	CHICKEN	SAMN45953550	WGS	RANDOM	ILLUMINA	NextSeq 2000	PRJNA1102327	poultry_wildbird
SRR31820918	78422861	265773	24-037219-027	2024	USA	CHICKEN	SAMN45953549	WGS	RANDOM	ILLUMINA	NextSeq 2000	PRJNA1102327	poultry_wildbird
SRR31820919	62853786	212981	24-037219-026	2024	USA	CHICKEN	SAMN45953548	WGS	RANDOM	ILLUMINA	NextSeq 2000	PRJNA1102327	poultry_wildbird
SRR31820920	61588736	209177	24-037219-025	2024	USA	CHICKEN	SAMN45953547	WGS	RANDOM	ILLUMINA	NextSeq 2000	PRJNA1102327	poultry_wildbird
SRR31820921	65185659	219626	24-037219-024	2024	USA	CHICKEN	SAMN45953546	WGS	RANDOM	ILLUMINA	NextSeq 2000	PRJNA1102327	poultry_wildbird
SRR31820922	56291798	189986	24-037219-023	2024	USA	CHICKEN	SAMN45953545	WGS	RANDOM	ILLUMINA	NextSeq 2000	PRJNA1102327	poultry_wildbird
SRR31820923	221834524	753062	24-036368-003	2024	USA	CATTLE	SAMN45953212	WGS	RANDOM	ILLUMINA	NextSeq 2000	PRJNA1102327	cattle
SRR31820924	52102324	175785	24-037219-022	2024	USA	CHICKEN	SAMN45953544	WGS	RANDOM	ILLUMINA	NextSeq 2000	PRJNA1102327	poultry_wildbird
SRR31820925	71085020	240252	24-037219-021	2024	USA	CHICKEN	SAMN45953543	WGS	RANDOM	ILLUMINA	NextSeq 2000	PRJNA1102327	poultry_wildbird
SRR31820926	69980235	236343	24-037219-020	2024	USA	CHICKEN	SAMN45953542	WGS	RANDOM	ILLUMINA	NextSeq 2000	PRJNA1102327	poultry_wildbird
SRR31820927	84898835	286553	24-037219-019	2024	USA	CHICKEN	SAMN45953541	WGS	RANDOM	ILLUMINA	NextSeq 2000	PRJNA1102327	poultry_wildbird
SRR31820928	85113503	287691	24-037219-018	2024	USA	CHICKEN	SAMN45953540	WGS	RANDOM	ILLUMINA	NextSeq 2000	PRJNA1102327	poultry_wildbird
SRR31820929	90190868	305571	24-037219-017	2024	USA	CHICKEN	SAMN45953539	WGS	RANDOM	ILLUMINA	NextSeq 2000	PRJNA1102327	poultry_wildbird
SRR31820930	115852227	392176	24-037219-016	2024	USA	CHICKEN	SAMN45953538	WGS	RANDOM	ILLUMINA	NextSeq 2000	PRJNA1102327	poultry_wildbird
SRR31820931	138849437	469958	24-037219-014	2024	USA	CHICKEN	SAMN45953537	WGS	RANDOM	ILLUMINA	NextSeq 2000	PRJNA1102327	poultry_wildbird
SRR31820932	120299036	418313	24-037219-013	2024	USA	CHICKEN	SAMN45953536	WGS	RANDOM	ILLUMINA	NextSeq 2000	PRJNA1102327	poultry_wildbird
SRR31820933	67292742	226769	24-037219-012	2024	USA	CHICKEN	SAMN45953535	WGS	RANDOM	ILLUMINA	NextSeq 2000	PRJNA1102327	poultry_wildbird
SRR31820934	262392864	887500	24-036368-002	2024	USA	CATTLE	SAMN45953211	WGS	RANDOM	ILLUMINA	NextSeq 2000	PRJNA1102327	cattle
SRR31820935	69031495	232809	24-037219-011	2024	USA	CHICKEN	SAMN45953534	WGS	RANDOM	ILLUMINA	NextSeq 2000	PRJNA1102327	poultry_wildbird
SRR31820936	78062456	263087	24-037219-010	2024	USA	CHICKEN	SAMN45953533	WGS	RANDOM	ILLUMINA	NextSeq 2000	PRJNA1102327	poultry_wildbird
SRR31820937	92012203	320512	24-037168-002	2024	USA	CATTLE	SAMN45953445	WGS	RANDOM	ILLUMINA	NextSeq 2000	PRJNA1102327	cattle
SRR31820938	268849402	909895	24-036359-004	2024	USA	CATTLE	SAMN45953202	WGS	RANDOM	ILLUMINA	NextSeq 2000	PRJNA1102327	cattle
SRR31820939	89695210	304431	24-037168-001	2024	USA	CATTLE	SAMN45953444	WGS	RANDOM	ILLUMINA	NextSeq 2000	PRJNA1102327	cattle
SRR31820940	72931727	249055	24-037166-001	2024	USA	CATTLE	SAMN45953443	WGS	RANDOM	ILLUMINA	NextSeq 2000	PRJNA1102327	cattle
SRR31820941	99886074	339594	24-037165-001	2024	USA	CATTLE	SAMN45953442	WGS	RANDOM	ILLUMINA	NextSeq 2000	PRJNA1102327	cattle
SRR31820942	103514411	352712	24-037164-002	2024	USA	CATTLE	SAMN45953441	WGS	RANDOM	ILLUMINA	NextSeq 2000	PRJNA1102327	cattle
SRR31820943	102165056	349547	24-037164-001	2024	USA	CATTLE	SAMN45953440	WGS	RANDOM	ILLUMINA	NextSeq 2000	PRJNA1102327	cattle
SRR31820944	93305185	316414	24-037162-001	2024	USA	CATTLE	SAMN45953439	WGS	RANDOM	ILLUMINA	NextSeq 2000	PRJNA1102327	cattle
SRR31820945	113183157	391274	24-037057-001	2024	USA	CATTLE	SAMN45953438	WGS	RANDOM	ILLUMINA	NextSeq 2000	PRJNA1102327	cattle
SRR31820946	105705769	363273	24-037050-003	2024	USA	CATTLE	SAMN45953437	WGS	RANDOM	ILLUMINA	NextSeq 2000	PRJNA1102327	cattle
SRR31820947	91270799	312951	24-037050-002	2024	USA	CATTLE	SAMN45953436	WGS	RANDOM	ILLUMINA	NextSeq 2000	PRJNA1102327	cattle
SRR31820948	93316595	318116	24-037050-001	2024	USA	CATTLE	SAMN45953435	WGS	RANDOM	ILLUMINA	NextSeq 2000	PRJNA1102327	cattle
SRR31820949	213452984	720276	24-036359-003	2024	USA	CATTLE	SAMN45953201	WGS	RANDOM	ILLUMINA	NextSeq 2000	PRJNA1102327	cattle
SRR31820950	119870064	417283	24-037049-001	2024	USA	CATTLE	SAMN45953434	WGS	RANDOM	ILLUMINA	NextSeq 2000	PRJNA1102327	cattle
SRR31820951	122851674	422933	24-037034-001	2024	USA	CATTLE	SAMN45953433	WGS	RANDOM	ILLUMINA	NextSeq 2000	PRJNA1102327	cattle
SRR31820952	103260908	359072	24-037024-001	2024	USA	CATTLE	SAMN45953432	WGS	RANDOM	ILLUMINA	NextSeq 2000	PRJNA1102327	cattle
SRR31820953	109051851	381667	24-037018-003	2024	USA	CATTLE	SAMN45953431	WGS	RANDOM	ILLUMINA	NextSeq 2000	PRJNA1102327	cattle
SRR31820954	128551085	443819	24-037018-002	2024	USA	CATTLE	SAMN45953430	WGS	RANDOM	ILLUMINA	NextSeq 2000	PRJNA1102327	cattle
SRR31820955	125906517	445879	24-037018-001	2024	USA	CATTLE	SAMN45953429	WGS	RANDOM	ILLUMINA	NextSeq 2000	PRJNA1102327	cattle
SRR31820957	119230992	410585	24-036832-002	2024	USA	CHICKEN	SAMN45953427	WGS	RANDOM	ILLUMINA	NextSeq 2000	PRJNA1102327	poultry_wildbird
SRR31820958	117922851	405863	24-036819-003	2024	USA	CATTLE	SAMN45953426	WGS	RANDOM	ILLUMINA	NextSeq 2000	PRJNA1102327	cattle
SRR31820959	83620275	285955	24-036817-001	2024	USA	CATTLE	SAMN45953425	WGS	RANDOM	ILLUMINA	NextSeq 2000	PRJNA1102327	cattle
SRR31820960	217631027	737181	24-036359-002	2024	USA	CATTLE	SAMN45953200	WGS	RANDOM	ILLUMINA	NextSeq 2000	PRJNA1102327	cattle
SRR31820961	214971718	727778	24-036816-001	2024	USA	CATTLE	SAMN45953424	WGS	RANDOM	ILLUMINA	NextSeq 2000	PRJNA1102327	cattle
SRR31820962	126476217	434936	24-036774-002	2024	USA	CATTLE	SAMN45953423	WGS	RANDOM	ILLUMINA	NextSeq 2000	PRJNA1102327	cattle
SRR31820963	148786754	512296	24-036774-001	2024	USA	CATTLE	SAMN45953422	WGS	RANDOM	ILLUMINA	NextSeq 2000	PRJNA1102327	cattle
SRR31820964	83583756	282782	24-036771-001	2024	USA	CATTLE	SAMN45953421	WGS	RANDOM	ILLUMINA	NextSeq 2000	PRJNA1102327	cattle
SRR31820965	72653408	246935	24-036770-003	2024	USA	CATTLE	SAMN45953420	WGS	RANDOM	ILLUMINA	NextSeq 2000	PRJNA1102327	cattle
SRR31820966	113260213	384659	24-036770-002	2024	USA	CATTLE	SAMN45953419	WGS	RANDOM	ILLUMINA	NextSeq 2000	PRJNA1102327	cattle
SRR31820967	86493584	292845	24-036770-001	2024	USA	CATTLE	SAMN45953418	WGS	RANDOM	ILLUMINA	NextSeq 2000	PRJNA1102327	cattle
SRR31820968	88001768	298092	24-036769-003	2024	USA	CATTLE	SAMN45953417	WGS	RANDOM	ILLUMINA	NextSeq 2000	PRJNA1102327	cattle
SRR31820969	86648164	291883	24-036553-006	2024	USA	CATTLE	SAMN45953330	WGS	RANDOM	ILLUMINA	NextSeq 2000	PRJNA1102327	cattle
SRR31820970	115496214	389982	24-036553-005	2024	USA	CATTLE	SAMN45953329	WGS	RANDOM	ILLUMINA	NextSeq 2000	PRJNA1102327	cattle
SRR31820971	110665479	373646	24-036553-004	2024	USA	CATTLE	SAMN45953328	WGS	RANDOM	ILLUMINA	NextSeq 2000	PRJNA1102327	cattle
SRR31820972	139292101	471944	24-036553-003	2024	USA	CATTLE	SAMN45953327	WGS	RANDOM	ILLUMINA	NextSeq 2000	PRJNA1102327	cattle
SRR31820973	101068101	342423	24-036553-002	2024	USA	CATTLE	SAMN45953326	WGS	RANDOM	ILLUMINA	NextSeq 2000	PRJNA1102327	cattle
SRR31820974	183223301	621951	24-036553-001	2024	USA	CATTLE	SAMN45953325	WGS	RANDOM	ILLUMINA	NextSeq 2000	PRJNA1102327	cattle
SRR31820975	74428259	255891	24-036353-003	2024	USA	CATTLE	SAMN45953190	WGS	RANDOM	ILLUMINA	NextSeq 2000	PRJNA1102327	cattle
SRR31820976	266423095	909491	24-036552-001	2024	USA	CATTLE	SAMN45953324	WGS	RANDOM	ILLUMINA	NextSeq 2000	PRJNA1102327	cattle
SRR31820977	160278097	542834	24-036550-004	2024	USA	CATTLE	SAMN45953323	WGS	RANDOM	ILLUMINA	NextSeq 2000	PRJNA1102327	cattle
SRR31820978	170670301	577339	24-036550-003	2024	USA	CATTLE	SAMN45953322	WGS	RANDOM	ILLUMINA	NextSeq 2000	PRJNA1102327	cattle
SRR31820979	130227325	442551	24-036550-002	2024	USA	CATTLE	SAMN45953321	WGS	RANDOM	ILLUMINA	NextSeq 2000	PRJNA1102327	cattle
SRR31820980	259115193	879937	24-036549-002	2024	USA	CATTLE	SAMN45953320	WGS	RANDOM	ILLUMINA	NextSeq 2000	PRJNA1102327	cattle
SRR31820981	281240312	960190	24-036549-001	2024	USA	CATTLE	SAMN45953319	WGS	RANDOM	ILLUMINA	NextSeq 2000	PRJNA1102327	cattle
SRR31820982	31410571	107695	24-036548-001	2024	USA	CATTLE	SAMN45953318	WGS	RANDOM	ILLUMINA	NextSeq 2000	PRJNA1102327	cattle
SRR31820983	171075355	579010	24-036546-001	2024	USA	CATTLE	SAMN45953317	WGS	RANDOM	ILLUMINA	NextSeq 2000	PRJNA1102327	cattle
SRR31820984	86480018	291561	24-036545-006	2024	USA	CATTLE	SAMN45953316	WGS	RANDOM	ILLUMINA	NextSeq 2000	PRJNA1102327	cattle
SRR31820985	177803472	602073	24-036545-005	2024	USA	CATTLE	SAMN45953315	WGS	RANDOM	ILLUMINA	NextSeq 2000	PRJNA1102327	cattle
SRR31820986	55423452	187167	24-036353-001	2024	USA	CATTLE	SAMN45953189	WGS	RANDOM	ILLUMINA	NextSeq 2000	PRJNA1102327	cattle
SRR31820987	110132600	371611	24-036545-004	2024	USA	CATTLE	SAMN45953314	WGS	RANDOM	ILLUMINA	NextSeq 2000	PRJNA1102327	cattle
SRR31820988	149873011	507460	24-036545-003	2024	USA	CATTLE	SAMN45953313	WGS	RANDOM	ILLUMINA	NextSeq 2000	PRJNA1102327	cattle
SRR31820989	141296641	477059	24-036544-001	2024	USA	CATTLE	SAMN45953312	WGS	RANDOM	ILLUMINA	NextSeq 2000	PRJNA1102327	cattle
SRR31820990	138992046	468794	24-036542-007	2024	USA	CATTLE	SAMN45953311	WGS	RANDOM	ILLUMINA	NextSeq 2000	PRJNA1102327	cattle
SRR31820991	130491557	440359	24-036542-006	2024	USA	CATTLE	SAMN45953310	WGS	RANDOM	ILLUMINA	NextSeq 2000	PRJNA1102327	cattle
SRR31820992	107907451	364051	24-036542-005	2024	USA	CATTLE	SAMN45953309	WGS	RANDOM	ILLUMINA	NextSeq 2000	PRJNA1102327	cattle
SRR31820993	132517808	449736	24-036542-004	2024	USA	CATTLE	SAMN45953308	WGS	RANDOM	ILLUMINA	NextSeq 2000	PRJNA1102327	cattle
SRR31820994	145690608	491598	24-036542-003	2024	USA	CATTLE	SAMN45953307	WGS	RANDOM	ILLUMINA	NextSeq 2000	PRJNA1102327	cattle
SRR31820995	170593476	576343	24-036542-002	2024	USA	CATTLE	SAMN45953306	WGS	RANDOM	ILLUMINA	NextSeq 2000	PRJNA1102327	cattle
SRR31820996	110173946	373259	24-036542-001	2024	USA	CATTLE	SAMN45953305	WGS	RANDOM	ILLUMINA	NextSeq 2000	PRJNA1102327	cattle
SRR31820997	373128575	1272705	24-036352-002	2024	USA	CATTLE	SAMN45953188	WGS	RANDOM	ILLUMINA	NextSeq 2000	PRJNA1102327	cattle
SRR31820998	65606698	221853	24-036541-001	2024	USA	CATTLE	SAMN45953304	WGS	RANDOM	ILLUMINA	NextSeq 2000	PRJNA1102327	cattle
SRR31820999	294256405	1000384	24-036540-002	2024	USA	CATTLE	SAMN45953303	WGS	RANDOM	ILLUMINA	NextSeq 2000	PRJNA1102327	cattle
SRR31821000	370135354	1272585	24-036540-001	2024	USA	CATTLE	SAMN45953302	WGS	RANDOM	ILLUMINA	NextSeq 2000	PRJNA1102327	cattle
SRR31821002	97251338	328648	24-037320-001	2024	USA	CATTLE	SAMN45953617	WGS	RANDOM	ILLUMINA	NextSeq 2000	PRJNA1102327	cattle
SRR31821005	213848628	725472	24-036371-004	2024	USA	CATTLE	SAMN45953219	WGS	RANDOM	ILLUMINA	NextSeq 2000	PRJNA1102327	cattle
SRR31821008	111339899	381919	24-037225-061	2024	USA	CATTLE	SAMN45953612	WGS	RANDOM	ILLUMINA	NextSeq 2000	PRJNA1102327	cattle
SRR31821009	114956181	392968	24-037225-060	2024	USA	CATTLE	SAMN45953611	WGS	RANDOM	ILLUMINA	NextSeq 2000	PRJNA1102327	cattle
SRR31821010	91736214	313528	24-037225-059	2024	USA	CATTLE	SAMN45953610	WGS	RANDOM	ILLUMINA	NextSeq 2000	PRJNA1102327	cattle
SRR31821011	110410087	375203	24-037225-058	2024	USA	CATTLE	SAMN45953609	WGS	RANDOM	ILLUMINA	NextSeq 2000	PRJNA1102327	cattle
SRR31821012	86240698	292364	24-037225-057	2024	USA	CATTLE	SAMN45953608	WGS	RANDOM	ILLUMINA	NextSeq 2000	PRJNA1102327	cattle
SRR31821013	52686354	178225	24-037225-056	2024	USA	CATTLE	SAMN45953607	WGS	RANDOM	ILLUMINA	NextSeq 2000	PRJNA1102327	cattle
SRR31821014	60888929	207007	24-037225-055	2024	USA	CATTLE	SAMN45953606	WGS	RANDOM	ILLUMINA	NextSeq 2000	PRJNA1102327	cattle
SRR31821015	96027179	326402	24-037225-054	2024	USA	CATTLE	SAMN45953605	WGS	RANDOM	ILLUMINA	NextSeq 2000	PRJNA1102327	cattle
SRR31821016	236595463	801172	24-036371-003	2024	USA	CATTLE	SAMN45953218	WGS	RANDOM	ILLUMINA	NextSeq 2000	PRJNA1102327	cattle
SRR31821017	58553563	197800	24-037225-053	2024	USA	CATTLE	SAMN45953604	WGS	RANDOM	ILLUMINA	NextSeq 2000	PRJNA1102327	cattle
SRR31821018	110113340	374998	24-037225-052	2024	USA	CATTLE	SAMN45953603	WGS	RANDOM	ILLUMINA	NextSeq 2000	PRJNA1102327	cattle
SRR31821019	83367780	282549	24-037225-050	2024	USA	CATTLE	SAMN45953602	WGS	RANDOM	ILLUMINA	NextSeq 2000	PRJNA1102327	cattle
SRR31821020	143537784	490669	24-037225-049	2024	USA	CATTLE	SAMN45953601	WGS	RANDOM	ILLUMINA	NextSeq 2000	PRJNA1102327	cattle
SRR31821021	148824135	510839	24-037225-048	2024	USA	CATTLE	SAMN45953600	WGS	RANDOM	ILLUMINA	NextSeq 2000	PRJNA1102327	cattle
SRR31821022	139940474	487681	24-037225-047	2024	USA	CATTLE	SAMN45953599	WGS	RANDOM	ILLUMINA	NextSeq 2000	PRJNA1102327	cattle
SRR31821023	84682605	287022	24-037225-046	2024	USA	CATTLE	SAMN45953598	WGS	RANDOM	ILLUMINA	NextSeq 2000	PRJNA1102327	cattle
SRR31821024	72603675	245696	24-037225-045	2024	USA	CATTLE	SAMN45953597	WGS	RANDOM	ILLUMINA	NextSeq 2000	PRJNA1102327	cattle
SRR31821025	89245666	302482	24-037225-044	2024	USA	CATTLE	SAMN45953596	WGS	RANDOM	ILLUMINA	NextSeq 2000	PRJNA1102327	cattle
SRR31821026	94921530	321997	24-037225-043	2024	USA	CATTLE	SAMN45953595	WGS	RANDOM	ILLUMINA	NextSeq 2000	PRJNA1102327	cattle
SRR31821027	244036464	828552	24-036371-002	2024	USA	CATTLE	SAMN45953217	WGS	RANDOM	ILLUMINA	NextSeq 2000	PRJNA1102327	cattle
SRR31821028	84029032	285072	24-037225-042	2024	USA	CATTLE	SAMN45953594	WGS	RANDOM	ILLUMINA	NextSeq 2000	PRJNA1102327	cattle
SRR31821029	104335480	353868	24-037225-041	2024	USA	CATTLE	SAMN45953593	WGS	RANDOM	ILLUMINA	NextSeq 2000	PRJNA1102327	cattle
SRR31821030	142964802	487439	24-037225-040	2024	USA	CATTLE	SAMN45953592	WGS	RANDOM	ILLUMINA	NextSeq 2000	PRJNA1102327	cattle
SRR31821031	108188558	366736	24-037225-039	2024	USA	CATTLE	SAMN45953591	WGS	RANDOM	ILLUMINA	NextSeq 2000	PRJNA1102327	cattle
SRR31821032	100099271	342065	24-037225-038	2024	USA	CATTLE	SAMN45953590	WGS	RANDOM	ILLUMINA	NextSeq 2000	PRJNA1102327	cattle
SRR31821033	71668480	241927	24-037217-013	2024	USA	CHICKEN	SAMN45953503	WGS	RANDOM	ILLUMINA	NextSeq 2000	PRJNA1102327	poultry_wildbird
SRR31821034	65813000	222150	24-037217-012	2024	USA	CHICKEN	SAMN45953502	WGS	RANDOM	ILLUMINA	NextSeq 2000	PRJNA1102327	poultry_wildbird
SRR31821035	80819724	272769	24-037217-007	2024	USA	CHICKEN	SAMN45953501	WGS	RANDOM	ILLUMINA	NextSeq 2000	PRJNA1102327	poultry_wildbird
SRR31821036	65456576	221208	24-037217-006	2024	USA	CHICKEN	SAMN45953500	WGS	RANDOM	ILLUMINA	NextSeq 2000	PRJNA1102327	poultry_wildbird
SRR31821037	83859565	283255	24-037217-005	2024	USA	CHICKEN	SAMN45953499	WGS	RANDOM	ILLUMINA	NextSeq 2000	PRJNA1102327	poultry_wildbird
SRR31821038	109771322	370878	24-037217-004	2024	USA	CHICKEN	SAMN45953498	WGS	RANDOM	ILLUMINA	NextSeq 2000	PRJNA1102327	poultry_wildbird
SRR31821039	130159815	440553	24-037217-003	2024	USA	CHICKEN	SAMN45953497	WGS	RANDOM	ILLUMINA	NextSeq 2000	PRJNA1102327	poultry_wildbird
SRR31821040	84765295	288334	24-037217-002	2024	USA	CHICKEN	SAMN45953496	WGS	RANDOM	ILLUMINA	NextSeq 2000	PRJNA1102327	poultry_wildbird
SRR31821041	96775670	329291	24-037216-002	2024	USA	CATTLE	SAMN45953495	WGS	RANDOM	ILLUMINA	NextSeq 2000	PRJNA1102327	cattle
SRR31821042	376597961	1281937	24-036363-002	2024	USA	CATTLE	SAMN45953207	WGS	RANDOM	ILLUMINA	NextSeq 2000	PRJNA1102327	cattle
SRR31821043	118166546	406034	24-037216-001	2024	USA	CATTLE	SAMN45953494	WGS	RANDOM	ILLUMINA	NextSeq 2000	PRJNA1102327	cattle
SRR31821044	103913103	356543	24-037215-003	2024	USA	CATTLE	SAMN45953493	WGS	RANDOM	ILLUMINA	NextSeq 2000	PRJNA1102327	cattle
SRR31821045	87563817	301100	24-037215-002	2024	USA	CATTLE	SAMN45953492	WGS	RANDOM	ILLUMINA	NextSeq 2000	PRJNA1102327	cattle
SRR31821046	118699745	409903	24-037215-001	2024	USA	CATTLE	SAMN45953491	WGS	RANDOM	ILLUMINA	NextSeq 2000	PRJNA1102327	cattle
SRR31821047	82951902	282253	24-037211-001	2024	USA	CATTLE	SAMN45953490	WGS	RANDOM	ILLUMINA	NextSeq 2000	PRJNA1102327	cattle
SRR31821048	119759989	413125	24-037209-001	2024	USA	CATTLE	SAMN45953489	WGS	RANDOM	ILLUMINA	NextSeq 2000	PRJNA1102327	cattle
SRR31821049	131517013	451921	24-037208-001	2024	USA	CATTLE	SAMN45953488	WGS	RANDOM	ILLUMINA	NextSeq 2000	PRJNA1102327	cattle
SRR31821050	110897819	379041	24-037207-002	2024	USA	CATTLE	SAMN45953487	WGS	RANDOM	ILLUMINA	NextSeq 2000	PRJNA1102327	cattle
SRR31821051	87362913	302041	24-037207-001	2024	USA	CATTLE	SAMN45953486	WGS	RANDOM	ILLUMINA	NextSeq 2000	PRJNA1102327	cattle
SRR31821052	99964446	341644	24-037206-001	2024	USA	CATTLE	SAMN45953485	WGS	RANDOM	ILLUMINA	NextSeq 2000	PRJNA1102327	cattle
SRR31821053	315603093	1077073	24-036363-001	2024	USA	CATTLE	SAMN45953206	WGS	RANDOM	ILLUMINA	NextSeq 2000	PRJNA1102327	cattle
SRR31821054	84312837	287772	24-037204-001	2024	USA	CATTLE	SAMN45953484	WGS	RANDOM	ILLUMINA	NextSeq 2000	PRJNA1102327	cattle
SRR31821055	82611369	281417	24-037202-006	2024	USA	CATTLE	SAMN45953483	WGS	RANDOM	ILLUMINA	NextSeq 2000	PRJNA1102327	cattle
SRR31821056	94042851	322289	24-037202-005	2024	USA	CATTLE	SAMN45953482	WGS	RANDOM	ILLUMINA	NextSeq 2000	PRJNA1102327	cattle
SRR31821057	93201344	320642	24-037202-004	2024	USA	CATTLE	SAMN45953481	WGS	RANDOM	ILLUMINA	NextSeq 2000	PRJNA1102327	cattle
SRR31821058	114582065	396205	24-037202-003	2024	USA	CATTLE	SAMN45953480	WGS	RANDOM	ILLUMINA	NextSeq 2000	PRJNA1102327	cattle
SRR31821059	93506230	319850	24-037202-002	2024	USA	CATTLE	SAMN45953479	WGS	RANDOM	ILLUMINA	NextSeq 2000	PRJNA1102327	cattle
SRR31821060	130420699	447957	24-037197-002	2024	USA	CATTLE	SAMN45953478	WGS	RANDOM	ILLUMINA	NextSeq 2000	PRJNA1102327	cattle
SRR31821061	107416503	367347	24-037197-001	2024	USA	CATTLE	SAMN45953477	WGS	RANDOM	ILLUMINA	NextSeq 2000	PRJNA1102327	cattle
SRR31821062	116211345	400772	24-037196-002	2024	USA	CATTLE	SAMN45953476	WGS	RANDOM	ILLUMINA	NextSeq 2000	PRJNA1102327	cattle
SRR31821063	110982906	382531	24-037196-001	2024	USA	CATTLE	SAMN45953475	WGS	RANDOM	ILLUMINA	NextSeq 2000	PRJNA1102327	cattle
SRR31821064	224527200	757332	24-036360-002	2024	USA	CATTLE	SAMN45953205	WGS	RANDOM	ILLUMINA	NextSeq 2000	PRJNA1102327	cattle
SRR31821065	142469639	480985	24-036640-001	2024	USA	CATTLE	SAMN45953387	WGS	RANDOM	ILLUMINA	NextSeq 2000	PRJNA1102327	cattle
SRR31821066	187521673	633308	24-036638-003	2024	USA	CATTLE	SAMN45953386	WGS	RANDOM	ILLUMINA	NextSeq 2000	PRJNA1102327	cattle
SRR31821067	199052123	673462	24-036638-002	2024	USA	CATTLE	SAMN45953385	WGS	RANDOM	ILLUMINA	NextSeq 2000	PRJNA1102327	cattle
SRR31821068	215446570	730306	24-036357-001	2024	USA	CATTLE	SAMN45953196	WGS	RANDOM	ILLUMINA	NextSeq 2000	PRJNA1102327	cattle
SRR31821069	150030180	507084	24-036638-001	2024	USA	CATTLE	SAMN45953384	WGS	RANDOM	ILLUMINA	NextSeq 2000	PRJNA1102327	cattle
SRR31821070	255798141	866840	24-036635-007	2024	USA	CATTLE	SAMN45953383	WGS	RANDOM	ILLUMINA	NextSeq 2000	PRJNA1102327	cattle
SRR31821071	301532500	1029274	24-036635-004	2024	USA	CATTLE	SAMN45953382	WGS	RANDOM	ILLUMINA	NextSeq 2000	PRJNA1102327	cattle
SRR31821072	238201835	804629	24-036635-003	2024	USA	CATTLE	SAMN45953381	WGS	RANDOM	ILLUMINA	NextSeq 2000	PRJNA1102327	cattle
SRR31821073	205086947	693002	24-036635-002	2024	USA	CATTLE	SAMN45953380	WGS	RANDOM	ILLUMINA	NextSeq 2000	PRJNA1102327	cattle
SRR31821074	228944489	774917	24-036634-003	2024	USA	CHICKEN	SAMN45953379	WGS	RANDOM	ILLUMINA	NextSeq 2000	PRJNA1102327	poultry_wildbird
SRR31821075	226017251	763279	24-036634-002	2024	USA	CHICKEN	SAMN45953378	WGS	RANDOM	ILLUMINA	NextSeq 2000	PRJNA1102327	poultry_wildbird
SRR31821076	170101471	576159	24-036634-001	2024	USA	CHICKEN	SAMN45953377	WGS	RANDOM	ILLUMINA	NextSeq 2000	PRJNA1102327	poultry_wildbird
SRR31821077	137308701	466054	24-036632-001	2024	USA	CATTLE	SAMN45953376	WGS	RANDOM	ILLUMINA	NextSeq 2000	PRJNA1102327	cattle
SRR31821078	144433846	487273	24-036593-002	2024	USA	CATTLE	SAMN45953375	WGS	RANDOM	ILLUMINA	NextSeq 2000	PRJNA1102327	cattle
SRR31821079	227583080	772084	24-036356-002	2024	USA	CATTLE	SAMN45953195	WGS	RANDOM	ILLUMINA	NextSeq 2000	PRJNA1102327	cattle
SRR31821081	187043128	633183	24-036593-001	2024	USA	CATTLE	SAMN45953374	WGS	RANDOM	ILLUMINA	NextSeq 2000	PRJNA1102327	cattle
SRR31821082	103281968	348297	24-036589-001	2024	USA	CATTLE	SAMN45953373	WGS	RANDOM	ILLUMINA	NextSeq 2000	PRJNA1102327	cattle
SRR31821083	75298374	254109	24-036588-002	2024	USA	CATTLE	SAMN45953372	WGS	RANDOM	ILLUMINA	NextSeq 2000	PRJNA1102327	cattle
SRR31821084	81442043	274598	24-036588-001	2024	USA	CATTLE	SAMN45953371	WGS	RANDOM	ILLUMINA	NextSeq 2000	PRJNA1102327	cattle
SRR31821085	129597137	438558	24-036587-001	2024	USA	CATTLE	SAMN45953370	WGS	RANDOM	ILLUMINA	NextSeq 2000	PRJNA1102327	cattle
SRR31821086	139160107	473057	24-036586-001	2024	USA	CATTLE	SAMN45953369	WGS	RANDOM	ILLUMINA	NextSeq 2000	PRJNA1102327	cattle
SRR31821087	136479453	462231	24-036581-007	2024	USA	CATTLE	SAMN45953368	WGS	RANDOM	ILLUMINA	NextSeq 2000	PRJNA1102327	cattle
SRR31821088	148227445	502250	24-036581-006	2024	USA	CATTLE	SAMN45953367	WGS	RANDOM	ILLUMINA	NextSeq 2000	PRJNA1102327	cattle
SRR31821089	121467697	409540	24-036581-004	2024	USA	CATTLE	SAMN45953366	WGS	RANDOM	ILLUMINA	NextSeq 2000	PRJNA1102327	cattle
SRR31821090	172597614	585792	24-036581-003	2024	USA	CATTLE	SAMN45953365	WGS	RANDOM	ILLUMINA	NextSeq 2000	PRJNA1102327	cattle
SRR31821091	254924213	865056	24-036356-001	2024	USA	CATTLE	SAMN45953194	WGS	RANDOM	ILLUMINA	NextSeq 2000	PRJNA1102327	cattle
SRR31821092	108946984	367785	24-036581-002	2024	USA	CATTLE	SAMN45953364	WGS	RANDOM	ILLUMINA	NextSeq 2000	PRJNA1102327	cattle
SRR31821093	150079039	508532	24-036579-005	2024	USA	CATTLE	SAMN45953363	WGS	RANDOM	ILLUMINA	NextSeq 2000	PRJNA1102327	cattle
SRR31821094	142546203	482439	24-036579-004	2024	USA	CATTLE	SAMN45953362	WGS	RANDOM	ILLUMINA	NextSeq 2000	PRJNA1102327	cattle
SRR31821095	159323950	539995	24-036579-003	2024	USA	CATTLE	SAMN45953361	WGS	RANDOM	ILLUMINA	NextSeq 2000	PRJNA1102327	cattle
SRR31821096	136045209	459115	24-036579-002	2024	USA	CATTLE	SAMN45953360	WGS	RANDOM	ILLUMINA	NextSeq 2000	PRJNA1102327	cattle
SRR31821097	266417071	907092	24-036538-002	2024	USA	CATTLE	SAMN45953301	WGS	RANDOM	ILLUMINA	NextSeq 2000	PRJNA1102327	cattle
SRR31821098	190771879	644823	24-036538-001	2024	USA	CATTLE	SAMN45953300	WGS	RANDOM	ILLUMINA	NextSeq 2000	PRJNA1102327	cattle
SRR31821099	162583113	549937	24-036537-003	2024	USA	CATTLE	SAMN45953299	WGS	RANDOM	ILLUMINA	NextSeq 2000	PRJNA1102327	cattle
SRR31821100	214129670	726167	24-036537-002	2024	USA	CATTLE	SAMN45953298	WGS	RANDOM	ILLUMINA	NextSeq 2000	PRJNA1102327	cattle
SRR31821101	179094990	607098	24-036536-002	2024	USA	CATTLE	SAMN45953297	WGS	RANDOM	ILLUMINA	NextSeq 2000	PRJNA1102327	cattle
SRR31821102	250176639	848935	24-036536-001	2024	USA	CATTLE	SAMN45953296	WGS	RANDOM	ILLUMINA	NextSeq 2000	PRJNA1102327	cattle
SRR31821103	260110567	878240	24-036535-003	2024	USA	CATTLE	SAMN45953295	WGS	RANDOM	ILLUMINA	NextSeq 2000	PRJNA1102327	cattle
SRR31821104	238435756	803864	24-036352-001	2024	USA	CATTLE	SAMN45953187	WGS	RANDOM	ILLUMINA	NextSeq 2000	PRJNA1102327	cattle
SRR31821105	116649851	394377	24-036535-001	2024	USA	CATTLE	SAMN45953294	WGS	RANDOM	ILLUMINA	NextSeq 2000	PRJNA1102327	cattle
SRR31821106	488247364	1689101	24-036533-001	2024	USA	CATTLE	SAMN45953293	WGS	RANDOM	ILLUMINA	NextSeq 2000	PRJNA1102327	cattle
SRR31821107	324465689	1112418	24-036532-001	2024	USA	CATTLE	SAMN45953292	WGS	RANDOM	ILLUMINA	NextSeq 2000	PRJNA1102327	cattle
SRR31821108	169758805	572238	24-036531-001	2024	USA	CATTLE	SAMN45953291	WGS	RANDOM	ILLUMINA	NextSeq 2000	PRJNA1102327	cattle
SRR31821109	109595178	370226	24-036522-001	2024	USA	CATTLE	SAMN45953290	WGS	RANDOM	ILLUMINA	NextSeq 2000	PRJNA1102327	cattle
SRR31821110	86755542	294308	24-036521-001	2024	USA	CATTLE	SAMN45953289	WGS	RANDOM	ILLUMINA	NextSeq 2000	PRJNA1102327	cattle
SRR31821111	189895857	640777	24-036520-001	2024	USA	CATTLE	SAMN45953288	WGS	RANDOM	ILLUMINA	NextSeq 2000	PRJNA1102327	cattle
SRR31821112	247314839	835971	24-036494-001	2024	USA	CATTLE	SAMN45953287	WGS	RANDOM	ILLUMINA	NextSeq 2000	PRJNA1102327	cattle
SRR31821113	152477879	516913	24-036426-002	2024	USA	CATTLE	SAMN45953286	WGS	RANDOM	ILLUMINA	NextSeq 2000	PRJNA1102327	cattle
SRR31821114	196948531	666197	24-036426-001	2024	USA	CATTLE	SAMN45953285	WGS	RANDOM	ILLUMINA	NextSeq 2000	PRJNA1102327	cattle
SRR31821115	323989620	1095837	24-036351-001	2024	USA	CATTLE	SAMN45953186	WGS	RANDOM	ILLUMINA	NextSeq 2000	PRJNA1102327	cattle
SRR31821116	131631510	443781	24-036424-001	2024	USA	CATTLE	SAMN45953284	WGS	RANDOM	ILLUMINA	NextSeq 2000	PRJNA1102327	cattle
SRR31821117	174824503	592428	24-036423-002	2024	USA	CATTLE	SAMN45953283	WGS	RANDOM	ILLUMINA	NextSeq 2000	PRJNA1102327	cattle
SRR31821118	241688160	813897	24-036422-001	2024	USA	CATTLE	SAMN45953282	WGS	RANDOM	ILLUMINA	NextSeq 2000	PRJNA1102327	cattle
SRR31821119	296281983	1002561	24-036421-001	2024	USA	CATTLE	SAMN45953281	WGS	RANDOM	ILLUMINA	NextSeq 2000	PRJNA1102327	cattle
SRR31821120	192015091	650279	24-036420-001	2024	USA	CATTLE	SAMN45953280	WGS	RANDOM	ILLUMINA	NextSeq 2000	PRJNA1102327	cattle
SRR31821121	135795409	463445	24-036418-001	2024	USA	CATTLE	SAMN45953279	WGS	RANDOM	ILLUMINA	NextSeq 2000	PRJNA1102327	cattle
SRR31821122	141539928	478953	24-036417-001	2024	USA	CATTLE	SAMN45953278	WGS	RANDOM	ILLUMINA	NextSeq 2000	PRJNA1102327	cattle
SRR31821123	191411969	646350	24-036416-002	2024	USA	CATTLE	SAMN45953277	WGS	RANDOM	ILLUMINA	NextSeq 2000	PRJNA1102327	cattle
SRR31821124	205149198	693413	24-036416-001	2024	USA	CATTLE	SAMN45953276	WGS	RANDOM	ILLUMINA	NextSeq 2000	PRJNA1102327	cattle
SRR31821125	234322045	792929	24-036415-001	2024	USA	CATTLE	SAMN45953275	WGS	RANDOM	ILLUMINA	NextSeq 2000	PRJNA1102327	cattle
SRR31821126	1316976	5420	24-036350-002	2024	USA	CATTLE	SAMN45953185	WGS	RANDOM	ILLUMINA	NextSeq 2000	PRJNA1102327	cattle
SRR31821127	64767800	218828	24-035196-003	2024	USA	CATTLE	SAMN45953176	WGS	RANDOM	ILLUMINA	NextSeq 2000	PRJNA1102327	cattle
SRR31821128	87670954	296050	24-034953-002	2024	USA	CATTLE	SAMN45953175	WGS	RANDOM	ILLUMINA	NextSeq 2000	PRJNA1102327	cattle
SRR31605056	89318496	303397	24-033681-002	2024	USA	Cattle	SAMN45164077	WGS	RANDOM	ILLUMINA	NextSeq 2000	PRJNA1102327	cattle
SRR31605057	100089729	339645	24-033532-001	2024	USA	Cattle	SAMN45164076	WGS	RANDOM	ILLUMINA	NextSeq 2000	PRJNA1102327	cattle
SRR31605058	118610938	403314	24-033530-003	2024	USA	Cattle	SAMN45164075	WGS	RANDOM	ILLUMINA	NextSeq 2000	PRJNA1102327	cattle
SRR31605059	121714925	419347	24-033687-003	2024	USA	Cattle	SAMN45164080	WGS	RANDOM	ILLUMINA	NextSeq 2000	PRJNA1102327	cattle
SRR31605060	88177374	302691	24-033687-002	2024	USA	Cattle	SAMN45164079	WGS	RANDOM	ILLUMINA	NextSeq 2000	PRJNA1102327	cattle
SRR31605061	83098426	281036	24-033520-001	2024	USA	Cattle	SAMN45164057	WGS	RANDOM	ILLUMINA	NextSeq 2000	PRJNA1102327	cattle
SRR31605062	84367595	283648	24-033517-001	2024	USA	Cattle	SAMN45164056	WGS	RANDOM	ILLUMINA	NextSeq 2000	PRJNA1102327	cattle
SRR31605063	79475751	268231	24-033516-001	2024	USA	Cattle	SAMN45164055	WGS	RANDOM	ILLUMINA	NextSeq 2000	PRJNA1102327	cattle
SRR31605064	105262113	357927	24-033529-004	2024	USA	Cattle	SAMN45164073	WGS	RANDOM	ILLUMINA	NextSeq 2000	PRJNA1102327	cattle
SRR31605065	92320524	315960	24-033529-003	2024	USA	Cattle	SAMN45164072	WGS	RANDOM	ILLUMINA	NextSeq 2000	PRJNA1102327	cattle
SRR31605066	119457668	410144	24-033529-002	2024	USA	Cattle	SAMN45164071	WGS	RANDOM	ILLUMINA	NextSeq 2000	PRJNA1102327	cattle
SRR31605067	86157537	298513	24-031617-001	2024	USA	Cattle	SAMN45163990	WGS	RANDOM	ILLUMINA	NextSeq 2000	PRJNA1102327	cattle
SRR31605068	87801866	298434	24-033529-001	2024	USA	Cattle	SAMN45164070	WGS	RANDOM	ILLUMINA	NextSeq 2000	PRJNA1102327	cattle
SRR31605069	89157868	303324	24-033528-003	2024	USA	Cattle	SAMN45164069	WGS	RANDOM	ILLUMINA	NextSeq 2000	PRJNA1102327	cattle
SRR31605070	126646253	433270	24-033528-001	2024	USA	Cattle	SAMN45164068	WGS	RANDOM	ILLUMINA	NextSeq 2000	PRJNA1102327	cattle
SRR31605071	81378367	274186	24-033526-004	2024	USA	Cattle	SAMN45164067	WGS	RANDOM	ILLUMINA	NextSeq 2000	PRJNA1102327	cattle
SRR31605072	126511846	425887	24-033494-001	2024	USA	Cattle	SAMN45164038	WGS	RANDOM	ILLUMINA	NextSeq 2000	PRJNA1102327	cattle
SRR31605073	156958201	531122	24-035015-003	2024	USA	Cattle	SAMN45164380	WGS	RANDOM	ILLUMINA	NextSeq 2000	PRJNA1102327	cattle
SRR31605074	145741485	493082	24-035015-002	2024	USA	Cattle	SAMN45164379	WGS	RANDOM	ILLUMINA	NextSeq 2000	PRJNA1102327	cattle
SRR31605075	163158220	551846	24-035015-001	2024	USA	Cattle	SAMN45164378	WGS	RANDOM	ILLUMINA	NextSeq 2000	PRJNA1102327	cattle
SRR31605076	130072344	443256	24-033486-001	2024	USA	Cattle	SAMN45164033	WGS	RANDOM	ILLUMINA	NextSeq 2000	PRJNA1102327	cattle
SRR31605077	100325573	343622	24-033484-003	2024	USA	Cattle	SAMN45164032	WGS	RANDOM	ILLUMINA	NextSeq 2000	PRJNA1102327	cattle
SRR31605078	125963523	428544	24-033484-002	2024	USA	Cattle	SAMN45164031	WGS	RANDOM	ILLUMINA	NextSeq 2000	PRJNA1102327	cattle
SRR31605079	73258499	252792	24-030026-001	2024	USA	Cattle	SAMN45163986	WGS	RANDOM	ILLUMINA	NextSeq 2000	PRJNA1102327	cattle
SRR31605080	144428997	492536	24-033484-001	2024	USA	Cattle	SAMN45164030	WGS	RANDOM	ILLUMINA	NextSeq 2000	PRJNA1102327	cattle
SRR31605081	96233126	326871	24-033483-002	2024	USA	Cattle	SAMN45164029	WGS	RANDOM	ILLUMINA	NextSeq 2000	PRJNA1102327	cattle
SRR31605082	79668775	270129	24-033483-001	2024	USA	Cattle	SAMN45164028	WGS	RANDOM	ILLUMINA	NextSeq 2000	PRJNA1102327	cattle
SRR31605083	93010715	314401	24-033482-002	2024	USA	Cattle	SAMN45164027	WGS	RANDOM	ILLUMINA	NextSeq 2000	PRJNA1102327	cattle
SRR31605084	49950252	168317	24-033482-001	2024	USA	Cattle	SAMN45164026	WGS	RANDOM	ILLUMINA	NextSeq 2000	PRJNA1102327	cattle
SRR31605085	111181171	378917	24-033481-001	2024	USA	Cattle	SAMN45164025	WGS	RANDOM	ILLUMINA	NextSeq 2000	PRJNA1102327	cattle
SRR31605086	71659304	242508	24-033477-003	2024	USA	Cattle	SAMN45164024	WGS	RANDOM	ILLUMINA	NextSeq 2000	PRJNA1102327	cattle
SRR31605087	82803373	280539	24-033477-002	2024	USA	Cattle	SAMN45164023	WGS	RANDOM	ILLUMINA	NextSeq 2000	PRJNA1102327	cattle
SRR31605088	63730851	214887	24-033477-001	2024	USA	Cattle	SAMN45164022	WGS	RANDOM	ILLUMINA	NextSeq 2000	PRJNA1102327	cattle
SRR31605089	206441813	700938	24-034998-003	2024	USA	Cattle	SAMN45164354	WGS	RANDOM	ILLUMINA	NextSeq 2000	PRJNA1102327	cattle
SRR31605090	143020293	485529	24-033227-001	2024	USA	Turkey	SAMN45164021	WGS	RANDOM	ILLUMINA	NextSeq 2000	PRJNA1102327	poultry_wildbird
SRR31605091	82061623	286980	24-029182-001	2024	USA	Cattle	SAMN45163985	WGS	RANDOM	ILLUMINA	NextSeq 2000	PRJNA1102327	cattle
SRR31605092	196677718	669858	24-034998-002	2024	USA	Cattle	SAMN45164353	WGS	RANDOM	ILLUMINA	NextSeq 2000	PRJNA1102327	cattle
SRR31605093	249540271	852724	24-034998-001	2024	USA	Cattle	SAMN45164352	WGS	RANDOM	ILLUMINA	NextSeq 2000	PRJNA1102327	cattle
SRR31605094	197754200	669252	24-035016-001	2024	USA	Cattle	SAMN45164381	WGS	RANDOM	ILLUMINA	NextSeq 2000	PRJNA1102327	cattle
SRR31605095	204077510	692670	24-035003-004	2024	USA	Cattle	SAMN45164360	WGS	RANDOM	ILLUMINA	NextSeq 2000	PRJNA1102327	cattle
SRR31605096	149615310	506823	24-035003-003	2024	USA	Cattle	SAMN45164359	WGS	RANDOM	ILLUMINA	NextSeq 2000	PRJNA1102327	cattle
SRR31605097	100791765	340281	24-033486-002	2024	USA	Cattle	SAMN45164034	WGS	RANDOM	ILLUMINA	NextSeq 2000	PRJNA1102327	cattle
SRR31605098	148684734	502917	24-035003-002	2024	USA	Cattle	SAMN45164358	WGS	RANDOM	ILLUMINA	NextSeq 2000	PRJNA1102327	cattle
SRR31605099	154800573	524633	24-035014-001	2024	USA	Cattle	SAMN45164377	WGS	RANDOM	ILLUMINA	NextSeq 2000	PRJNA1102327	cattle
SRR31605100	159155728	539136	24-035013-001	2024	USA	Cattle	SAMN45164376	WGS	RANDOM	ILLUMINA	NextSeq 2000	PRJNA1102327	cattle
SRR31605101	136806553	463816	24-035012-001	2024	USA	Cattle	SAMN45164375	WGS	RANDOM	ILLUMINA	NextSeq 2000	PRJNA1102327	cattle
SRR31605102	121918194	412865	24-035011-001	2024	USA	Cattle	SAMN45164374	WGS	RANDOM	ILLUMINA	NextSeq 2000	PRJNA1102327	cattle
SRR31605103	143416682	489769	24-033226-004	2024	USA	Chicken	SAMN45164020	WGS	RANDOM	ILLUMINA	NextSeq 2000	PRJNA1102327	poultry_wildbird
SRR31605104	97411157	333261	24-034012-001	2024	USA	Cattle	SAMN45164196	WGS	RANDOM	ILLUMINA	NextSeq 2000	PRJNA1102327	cattle
SRR31605105	70081028	238943	24-034011-003	2024	USA	Cattle	SAMN45164195	WGS	RANDOM	ILLUMINA	NextSeq 2000	PRJNA1102327	cattle
SRR31605106	68649761	232731	24-034011-002	2024	USA	Cattle	SAMN45164194	WGS	RANDOM	ILLUMINA	NextSeq 2000	PRJNA1102327	cattle
SRR31605107	82355795	280025	24-034011-001	2024	USA	Cattle	SAMN45164193	WGS	RANDOM	ILLUMINA	NextSeq 2000	PRJNA1102327	cattle
SRR31605108	76717965	260029	24-034010-002	2024	USA	Cattle	SAMN45164192	WGS	RANDOM	ILLUMINA	NextSeq 2000	PRJNA1102327	cattle
SRR31605109	102164685	349288	24-034010-001	2024	USA	Cattle	SAMN45164191	WGS	RANDOM	ILLUMINA	NextSeq 2000	PRJNA1102327	cattle
SRR31605110	117495839	398463	24-033210-001	2024	USA	Cattle	SAMN45164002	WGS	RANDOM	ILLUMINA	NextSeq 2000	PRJNA1102327	cattle
SRR31605111	91161024	311635	24-034009-004	2024	USA	Cattle	SAMN45164190	WGS	RANDOM	ILLUMINA	NextSeq 2000	PRJNA1102327	cattle
SRR31605112	70744859	241277	24-034009-003	2024	USA	Cattle	SAMN45164189	WGS	RANDOM	ILLUMINA	NextSeq 2000	PRJNA1102327	cattle
SRR31605113	82210314	280662	24-034009-002	2024	USA	Cattle	SAMN45164188	WGS	RANDOM	ILLUMINA	NextSeq 2000	PRJNA1102327	cattle
SRR31605114	99432682	339848	24-034009-001	2024	USA	Cattle	SAMN45164187	WGS	RANDOM	ILLUMINA	NextSeq 2000	PRJNA1102327	cattle
SRR31605115	147066752	513276	24-033997-001	2024	USA	Cattle	SAMN45164167	WGS	RANDOM	ILLUMINA	NextSeq 2000	PRJNA1102327	cattle
SRR31605116	122626220	440572	24-033995-003	2024	USA	Cattle	SAMN45164166	WGS	RANDOM	ILLUMINA	NextSeq 2000	PRJNA1102327	cattle
SRR31605117	132439665	467883	24-033995-002	2024	USA	Cattle	SAMN45164165	WGS	RANDOM	ILLUMINA	NextSeq 2000	PRJNA1102327	cattle
SRR31605118	78510825	267009	24-034008-001	2024	USA	Cattle	SAMN45164183	WGS	RANDOM	ILLUMINA	NextSeq 2000	PRJNA1102327	cattle
SRR31605119	89434229	305410	24-034007-004	2024	USA	Cattle	SAMN45164182	WGS	RANDOM	ILLUMINA	NextSeq 2000	PRJNA1102327	cattle
SRR31605120	96704611	331497	24-034007-003	2024	USA	Cattle	SAMN45164181	WGS	RANDOM	ILLUMINA	NextSeq 2000	PRJNA1102327	cattle
SRR31605121	105530470	357222	24-033209-002	2024	USA	Cattle	SAMN45164001	WGS	RANDOM	ILLUMINA	NextSeq 2000	PRJNA1102327	cattle
SRR31605122	91268719	314919	24-029180-001	2024	USA	Cattle	SAMN45163983	WGS	RANDOM	ILLUMINA	NextSeq 2000	PRJNA1102327	cattle
SRR31605123	86387692	294375	24-034007-002	2024	USA	Cattle	SAMN45164180	WGS	RANDOM	ILLUMINA	NextSeq 2000	PRJNA1102327	cattle
SRR31605124	92312882	314361	24-034007-001	2024	USA	Cattle	SAMN45164179	WGS	RANDOM	ILLUMINA	NextSeq 2000	PRJNA1102327	cattle
SRR31605125	74736735	253577	24-034006-001	2024	USA	Cattle	SAMN45164178	WGS	RANDOM	ILLUMINA	NextSeq 2000	PRJNA1102327	cattle
SRR31605126	79905628	271834	24-034005-002	2024	USA	Cattle	SAMN45164177	WGS	RANDOM	ILLUMINA	NextSeq 2000	PRJNA1102327	cattle
SRR31605127	90733299	309145	24-034005-001	2024	USA	Cattle	SAMN45164176	WGS	RANDOM	ILLUMINA	NextSeq 2000	PRJNA1102327	cattle
SRR31605128	73372781	249751	24-034003-001	2024	USA	Cattle	SAMN45164175	WGS	RANDOM	ILLUMINA	NextSeq 2000	PRJNA1102327	cattle
SRR31605129	69819992	237645	24-034002-002	2024	USA	Cattle	SAMN45164174	WGS	RANDOM	ILLUMINA	NextSeq 2000	PRJNA1102327	cattle
SRR31605130	81381569	277202	24-034002-001	2024	USA	Cattle	SAMN45164173	WGS	RANDOM	ILLUMINA	NextSeq 2000	PRJNA1102327	cattle
SRR31605131	90454354	306976	24-034001-002	2024	USA	Cattle	SAMN45164172	WGS	RANDOM	ILLUMINA	NextSeq 2000	PRJNA1102327	cattle
SRR31605132	92109739	314654	24-034001-001	2024	USA	Cattle	SAMN45164171	WGS	RANDOM	ILLUMINA	NextSeq 2000	PRJNA1102327	cattle
SRR31605133	190774408	650065	24-033206-004	2024	USA	Cattle	SAMN45164000	WGS	RANDOM	ILLUMINA	NextSeq 2000	PRJNA1102327	cattle
SRR31605134	77663862	264237	24-034000-001	2024	USA	Cattle	SAMN45164170	WGS	RANDOM	ILLUMINA	NextSeq 2000	PRJNA1102327	cattle
SRR31605135	66556849	226532	24-033999-001	2024	USA	Cattle	SAMN45164169	WGS	RANDOM	ILLUMINA	NextSeq 2000	PRJNA1102327	cattle
SRR31605136	60432444	204502	24-033998-002	2024	USA	Cattle	SAMN45164168	WGS	RANDOM	ILLUMINA	NextSeq 2000	PRJNA1102327	cattle
SRR31605137	78587244	268761	24-033986-002	2024	USA	Cattle	SAMN45164147	WGS	RANDOM	ILLUMINA	NextSeq 2000	PRJNA1102327	cattle
SRR31605138	78440182	268976	24-033986-001	2024	USA	Cattle	SAMN45164146	WGS	RANDOM	ILLUMINA	NextSeq 2000	PRJNA1102327	cattle
SRR31605139	75332516	256052	24-033984-002	2024	USA	Cattle	SAMN45164145	WGS	RANDOM	ILLUMINA	NextSeq 2000	PRJNA1102327	cattle
SRR31605140	139347134	488338	24-033995-001	2024	USA	Cattle	SAMN45164164	WGS	RANDOM	ILLUMINA	NextSeq 2000	PRJNA1102327	cattle
SRR31605141	93933442	330477	24-033994-002	2024	USA	Cattle	SAMN45164163	WGS	RANDOM	ILLUMINA	NextSeq 2000	PRJNA1102327	cattle
SRR31605142	106349669	371392	24-033994-001	2024	USA	Cattle	SAMN45164162	WGS	RANDOM	ILLUMINA	NextSeq 2000	PRJNA1102327	cattle
SRR31605143	117999576	413174	24-033991-004	2024	USA	Cattle	SAMN45164161	WGS	RANDOM	ILLUMINA	NextSeq 2000	PRJNA1102327	cattle
SRR31605144	239807192	819346	24-033206-003	2024	USA	Cattle	SAMN45163999	WGS	RANDOM	ILLUMINA	NextSeq 2000	PRJNA1102327	cattle
SRR31605145	119937795	426236	24-033991-003	2024	USA	Cattle	SAMN45164160	WGS	RANDOM	ILLUMINA	NextSeq 2000	PRJNA1102327	cattle
SRR31605146	148626368	532366	24-033991-002	2024	USA	Cattle	SAMN45164159	WGS	RANDOM	ILLUMINA	NextSeq 2000	PRJNA1102327	cattle
SRR31605147	117641754	415044	24-033991-001	2024	USA	Cattle	SAMN45164158	WGS	RANDOM	ILLUMINA	NextSeq 2000	PRJNA1102327	cattle
SRR31605148	66784798	226881	24-033990-004	2024	USA	Cattle	SAMN45164157	WGS	RANDOM	ILLUMINA	NextSeq 2000	PRJNA1102327	cattle
SRR31605149	85551606	291800	24-033990-003	2024	USA	Cattle	SAMN45164156	WGS	RANDOM	ILLUMINA	NextSeq 2000	PRJNA1102327	cattle
SRR31605150	92632482	316556	24-033990-002	2024	USA	Cattle	SAMN45164155	WGS	RANDOM	ILLUMINA	NextSeq 2000	PRJNA1102327	cattle
SRR31605151	76385038	259682	24-033990-001	2024	USA	Cattle	SAMN45164154	WGS	RANDOM	ILLUMINA	NextSeq 2000	PRJNA1102327	cattle
SRR31605152	80850328	275422	24-033989-002	2024	USA	Cattle	SAMN45164153	WGS	RANDOM	ILLUMINA	NextSeq 2000	PRJNA1102327	cattle
SRR31605153	68276826	231458	24-033988-005	2024	USA	Cattle	SAMN45164152	WGS	RANDOM	ILLUMINA	NextSeq 2000	PRJNA1102327	cattle
SRR31605154	105209215	359483	24-033988-004	2024	USA	Cattle	SAMN45164151	WGS	RANDOM	ILLUMINA	NextSeq 2000	PRJNA1102327	cattle
SRR31605155	187269561	636414	24-033206-002	2024	USA	Cattle	SAMN45163998	WGS	RANDOM	ILLUMINA	NextSeq 2000	PRJNA1102327	cattle
SRR31605156	68025218	230725	24-033988-003	2024	USA	Cattle	SAMN45164150	WGS	RANDOM	ILLUMINA	NextSeq 2000	PRJNA1102327	cattle
SRR31605157	81775715	277882	24-033988-001	2024	USA	Cattle	SAMN45164149	WGS	RANDOM	ILLUMINA	NextSeq 2000	PRJNA1102327	cattle
SRR31605158	77816891	264722	24-033987-001	2024	USA	Cattle	SAMN45164148	WGS	RANDOM	ILLUMINA	NextSeq 2000	PRJNA1102327	cattle
SRR31605159	93009987	315710	24-033866-003	2024	USA	Cattle	SAMN45164126	WGS	RANDOM	ILLUMINA	NextSeq 2000	PRJNA1102327	cattle
SRR31605160	99013800	337088	24-033866-002	2024	USA	Cattle	SAMN45164125	WGS	RANDOM	ILLUMINA	NextSeq 2000	PRJNA1102327	cattle
SRR31605161	63057108	214982	24-033984-001	2024	USA	Cattle	SAMN45164144	WGS	RANDOM	ILLUMINA	NextSeq 2000	PRJNA1102327	cattle
SRR31605162	88147214	300374	24-033982-006	2024	USA	Cattle	SAMN45164143	WGS	RANDOM	ILLUMINA	NextSeq 2000	PRJNA1102327	cattle
SRR31605163	78783745	267981	24-033982-005	2024	USA	Cattle	SAMN45164142	WGS	RANDOM	ILLUMINA	NextSeq 2000	PRJNA1102327	cattle
SRR31605164	72704083	246441	24-033982-004	2024	USA	Cattle	SAMN45164141	WGS	RANDOM	ILLUMINA	NextSeq 2000	PRJNA1102327	cattle
SRR31605165	199709861	678097	24-033206-001	2024	USA	Cattle	SAMN45163997	WGS	RANDOM	ILLUMINA	NextSeq 2000	PRJNA1102327	cattle
SRR31605166	75151207	255062	24-033982-003	2024	USA	Cattle	SAMN45164140	WGS	RANDOM	ILLUMINA	NextSeq 2000	PRJNA1102327	cattle
SRR31605167	80798866	273675	24-033982-002	2024	USA	Cattle	SAMN45164139	WGS	RANDOM	ILLUMINA	NextSeq 2000	PRJNA1102327	cattle
SRR31605168	97159721	330047	24-033226-001	2024	USA	Chicken	SAMN45164017	WGS	RANDOM	ILLUMINA	NextSeq 2000	PRJNA1102327	poultry_wildbird
SRR31605169	123700144	418233	24-034942-002	2024	USA	Cattle	SAMN45164340	WGS	RANDOM	ILLUMINA	NextSeq 2000	PRJNA1102327	cattle
SRR31605170	155541530	526647	24-034942-001	2024	USA	Cattle	SAMN45164339	WGS	RANDOM	ILLUMINA	NextSeq 2000	PRJNA1102327	cattle
SRR31605171	105001833	354732	24-034941-003	2024	USA	Cattle	SAMN45164338	WGS	RANDOM	ILLUMINA	NextSeq 2000	PRJNA1102327	cattle
SRR31605172	169358858	574149	24-034698-001	2024	USA	Cattle	SAMN45164317	WGS	RANDOM	ILLUMINA	NextSeq 2000	PRJNA1102327	cattle
SRR31605173	192018843	652427	24-034697-002	2024	USA	Cattle	SAMN45164316	WGS	RANDOM	ILLUMINA	NextSeq 2000	PRJNA1102327	cattle
SRR31605174	103483850	349591	24-034697-001	2024	USA	Cattle	SAMN45164315	WGS	RANDOM	ILLUMINA	NextSeq 2000	PRJNA1102327	cattle
SRR31605175	120427532	407628	24-034836-001	2024	USA	Cattle	SAMN45164334	WGS	RANDOM	ILLUMINA	NextSeq 2000	PRJNA1102327	cattle
SRR31605176	176085301	595695	24-034827-002	2024	USA	Cattle	SAMN45164333	WGS	RANDOM	ILLUMINA	NextSeq 2000	PRJNA1102327	cattle
SRR31605177	173441787	586682	24-034827-001	2024	USA	Cattle	SAMN45164332	WGS	RANDOM	ILLUMINA	NextSeq 2000	PRJNA1102327	cattle
SRR31605178	191006420	645654	24-034826-003	2024	USA	Cattle	SAMN45164331	WGS	RANDOM	ILLUMINA	NextSeq 2000	PRJNA1102327	cattle
SRR31605179	108119134	367414	24-033225-005	2024	USA	Chicken	SAMN45164016	WGS	RANDOM	ILLUMINA	NextSeq 2000	PRJNA1102327	poultry_wildbird
SRR31605180	225986020	764140	24-034826-002	2024	USA	Cattle	SAMN45164330	WGS	RANDOM	ILLUMINA	NextSeq 2000	PRJNA1102327	cattle
SRR31605181	579289377	1967996	24-034820-001	2024	USA	Cattle	SAMN45164329	WGS	RANDOM	ILLUMINA	NextSeq 2000	PRJNA1102327	cattle
SRR31605182	369349795	1254549	24-034801-001	2024	USA	Cattle	SAMN45164328	WGS	RANDOM	ILLUMINA	NextSeq 2000	PRJNA1102327	cattle
SRR31605183	363623744	1239029	24-034800-001	2024	USA	Cattle	SAMN45164327	WGS	RANDOM	ILLUMINA	NextSeq 2000	PRJNA1102327	cattle
SRR31605184	121187328	408407	24-034727-002	2024	USA	Chicken	SAMN45164326	WGS	RANDOM	ILLUMINA	NextSeq 2000	PRJNA1102327	poultry_wildbird
SRR31605185	129482671	438219	24-034727-001	2024	USA	Chicken	SAMN45164325	WGS	RANDOM	ILLUMINA	NextSeq 2000	PRJNA1102327	poultry_wildbird
SRR31605186	113741281	386391	24-034701-002	2024	USA	Cattle	SAMN45164324	WGS	RANDOM	ILLUMINA	NextSeq 2000	PRJNA1102327	cattle
SRR31605187	142797586	483646	24-034701-001	2024	USA	Cattle	SAMN45164323	WGS	RANDOM	ILLUMINA	NextSeq 2000	PRJNA1102327	cattle
SRR31605188	123875220	419078	24-034700-005	2024	USA	Cattle	SAMN45164322	WGS	RANDOM	ILLUMINA	NextSeq 2000	PRJNA1102327	cattle
SRR31605189	127853950	432125	24-034700-004	2024	USA	Cattle	SAMN45164321	WGS	RANDOM	ILLUMINA	NextSeq 2000	PRJNA1102327	cattle
SRR31605190	131938311	447991	24-033225-004	2024	USA	Chicken	SAMN45164015	WGS	RANDOM	ILLUMINA	NextSeq 2000	PRJNA1102327	poultry_wildbird
SRR31605191	176224499	597996	24-034700-003	2024	USA	Cattle	SAMN45164320	WGS	RANDOM	ILLUMINA	NextSeq 2000	PRJNA1102327	cattle
SRR31605192	176153331	596864	24-034700-001	2024	USA	Cattle	SAMN45164319	WGS	RANDOM	ILLUMINA	NextSeq 2000	PRJNA1102327	cattle
SRR31605193	209046704	712257	24-034698-002	2024	USA	Cattle	SAMN45164318	WGS	RANDOM	ILLUMINA	NextSeq 2000	PRJNA1102327	cattle
SRR31605194	161125889	544828	24-034646-001	2024	USA	Cattle	SAMN45164299	WGS	RANDOM	ILLUMINA	NextSeq 2000	PRJNA1102327	cattle
SRR31605195	38365347	136632	24-034643-002	2024	USA	Cattle	SAMN45164298	WGS	RANDOM	ILLUMINA	Illumina iSeq 100	PRJNA1102327	cattle
SRR31605196	134811007	457323	24-034643-001	2024	USA	Cattle	SAMN45164297	WGS	RANDOM	ILLUMINA	NextSeq 2000	PRJNA1102327	cattle
SRR31605197	170614960	577924	24-034696-002	2024	USA	Cattle	SAMN45164314	WGS	RANDOM	ILLUMINA	NextSeq 2000	PRJNA1102327	cattle
SRR31605198	44482855	151665	24-034637-002	2024	USA	Cattle	SAMN45164296	WGS	RANDOM	ILLUMINA	Illumina iSeq 100	PRJNA1102327	cattle
SRR31605199	130618259	441989	24-034696-001	2024	USA	Cattle	SAMN45164313	WGS	RANDOM	ILLUMINA	NextSeq 2000	PRJNA1102327	cattle
SRR31605200	181155560	612057	24-034695-001	2024	USA	Cattle	SAMN45164312	WGS	RANDOM	ILLUMINA	NextSeq 2000	PRJNA1102327	cattle
SRR31605201	104916104	354951	24-034637-001	2024	USA	Cattle	SAMN45164295	WGS	RANDOM	ILLUMINA	NextSeq 2000	PRJNA1102327	cattle
SRR31605202	177633813	602413	24-034694-003	2024	USA	Cattle	SAMN45164311	WGS	RANDOM	ILLUMINA	NextSeq 2000	PRJNA1102327	cattle
SRR31605203	187549638	637778	24-033225-003	2024	USA	Chicken	SAMN45164014	WGS	RANDOM	ILLUMINA	NextSeq 2000	PRJNA1102327	poultry_wildbird
SRR31605204	239210299	813999	24-034694-001	2024	USA	Cattle	SAMN45164310	WGS	RANDOM	ILLUMINA	NextSeq 2000	PRJNA1102327	cattle
SRR31605205	238659234	811770	24-034693-001	2024	USA	Cattle	SAMN45164309	WGS	RANDOM	ILLUMINA	NextSeq 2000	PRJNA1102327	cattle
SRR31605206	62769505	213397	24-034692-001	2024	USA	Cattle	SAMN45164308	WGS	RANDOM	ILLUMINA	NextSeq 2000	PRJNA1102327	cattle
SRR31605207	100772973	342707	24-034691-001	2024	USA	Cattle	SAMN45164307	WGS	RANDOM	ILLUMINA	NextSeq 2000	PRJNA1102327	cattle
SRR31605208	149052340	505021	24-034688-001	2024	USA	Cattle	SAMN45164306	WGS	RANDOM	ILLUMINA	NextSeq 2000	PRJNA1102327	cattle
SRR31605209	137990585	467539	24-034656-001	2024	USA	Cattle	SAMN45164305	WGS	RANDOM	ILLUMINA	NextSeq 2000	PRJNA1102327	cattle
SRR31605210	183744879	620507	24-034654-001	2024	USA	Cattle	SAMN45164304	WGS	RANDOM	ILLUMINA	NextSeq 2000	PRJNA1102327	cattle
SRR31605211	133805008	453053	24-034653-002	2024	USA	Cattle	SAMN45164303	WGS	RANDOM	ILLUMINA	NextSeq 2000	PRJNA1102327	cattle
SRR31605212	129233886	436703	24-034653-001	2024	USA	Cattle	SAMN45164302	WGS	RANDOM	ILLUMINA	NextSeq 2000	PRJNA1102327	cattle
SRR31605213	182415479	617521	24-034649-002	2024	USA	Cattle	SAMN45164301	WGS	RANDOM	ILLUMINA	NextSeq 2000	PRJNA1102327	cattle
SRR31605214	135304429	458015	24-033225-002	2024	USA	Chicken	SAMN45164013	WGS	RANDOM	ILLUMINA	NextSeq 2000	PRJNA1102327	poultry_wildbird
SRR31605215	161935175	548245	24-034647-001	2024	USA	Cattle	SAMN45164300	WGS	RANDOM	ILLUMINA	NextSeq 2000	PRJNA1102327	cattle
SRR31605216	125682981	427627	24-033224-003	2024	USA	Chicken	SAMN45164011	WGS	RANDOM	ILLUMINA	NextSeq 2000	PRJNA1102327	poultry_wildbird
SRR31605217	134617033	469761	24-029181-001	2024	USA	Cattle	SAMN45163984	WGS	RANDOM	ILLUMINA	NextSeq 2000	PRJNA1102327	cattle
SRR31605218	57383223	194781	24-034259-001	2024	USA	Cattle	SAMN45164280	WGS	RANDOM	ILLUMINA	NextSeq 2000	PRJNA1102327	cattle
SRR31605219	124636897	437348	24-034258-003	2024	USA	Chicken	SAMN45164279	WGS	RANDOM	ILLUMINA	NextSeq 2000	PRJNA1102327	poultry_wildbird
SRR31605220	127922779	452773	24-034258-002	2024	USA	Chicken	SAMN45164278	WGS	RANDOM	ILLUMINA	NextSeq 2000	PRJNA1102327	poultry_wildbird
SRR31605221	123316776	440534	24-034258-001	2024	USA	Chicken	SAMN45164277	WGS	RANDOM	ILLUMINA	NextSeq 2000	PRJNA1102327	poultry_wildbird
SRR31605222	54589272	185535	24-034440-001	2024	USA	Chicken	SAMN45164294	WGS	RANDOM	ILLUMINA	NextSeq 2000	PRJNA1102327	poultry_wildbird
SRR31605223	7581025	25991	24-034429-001	2024	USA	Cattle	SAMN45164293	WGS	RANDOM	ILLUMINA	NextSeq 2000	PRJNA1102327	cattle
SRR31605224	52213453	177362	24-034427-001	2024	USA	Cattle	SAMN45164292	WGS	RANDOM	ILLUMINA	NextSeq 2000	PRJNA1102327	cattle
SRR31605225	73443956	249475	24-034426-003	2024	USA	Cattle	SAMN45164291	WGS	RANDOM	ILLUMINA	NextSeq 2000	PRJNA1102327	cattle
SRR31605226	122547329	418993	24-033225-001	2024	USA	Chicken	SAMN45164012	WGS	RANDOM	ILLUMINA	NextSeq 2000	PRJNA1102327	poultry_wildbird
SRR31605227	53418709	181922	24-034416-002	2024	USA	Cattle	SAMN45164290	WGS	RANDOM	ILLUMINA	NextSeq 2000	PRJNA1102327	cattle
SRR31605228	69524566	236828	24-034416-001	2024	USA	Cattle	SAMN45164289	WGS	RANDOM	ILLUMINA	NextSeq 2000	PRJNA1102327	cattle
SRR31605229	38867285	132431	24-034267-001	2024	USA	Cattle	SAMN45164287	WGS	RANDOM	ILLUMINA	NextSeq 2000	PRJNA1102327	cattle
SRR31605230	61366607	209002	24-034264-003	2024	USA	Cattle	SAMN45164286	WGS	RANDOM	ILLUMINA	NextSeq 2000	PRJNA1102327	cattle
SRR31605231	37762134	127978	24-034264-002	2024	USA	Cattle	SAMN45164285	WGS	RANDOM	ILLUMINA	NextSeq 2000	PRJNA1102327	cattle
SRR31605232	83942455	285917	24-033980-001	2024	USA	Cattle	SAMN45164138	WGS	RANDOM	ILLUMINA	NextSeq 2000	PRJNA1102327	cattle
SRR31605233	69328687	235381	24-033979-002	2024	USA	Cattle	SAMN45164137	WGS	RANDOM	ILLUMINA	NextSeq 2000	PRJNA1102327	cattle
SRR31605234	73127255	249685	24-033978-001	2024	USA	Cattle	SAMN45164136	WGS	RANDOM	ILLUMINA	NextSeq 2000	PRJNA1102327	cattle
SRR31605235	76396276	260115	24-033977-001	2024	USA	Cattle	SAMN45164135	WGS	RANDOM	ILLUMINA	NextSeq 2000	PRJNA1102327	cattle
SRR31605236	80637068	274923	24-033976-003	2024	USA	Cattle	SAMN45164134	WGS	RANDOM	ILLUMINA	NextSeq 2000	PRJNA1102327	cattle
SRR31605237	81052818	277040	24-033976-002	2024	USA	Cattle	SAMN45164133	WGS	RANDOM	ILLUMINA	NextSeq 2000	PRJNA1102327	cattle
SRR31605238	91929611	313452	24-033976-001	2024	USA	Cattle	SAMN45164132	WGS	RANDOM	ILLUMINA	NextSeq 2000	PRJNA1102327	cattle
SRR31605239	61529733	208589	24-033975-001	2024	USA	Cattle	SAMN45164131	WGS	RANDOM	ILLUMINA	NextSeq 2000	PRJNA1102327	cattle
SRR31605240	196032106	668426	24-033204-001	2024	USA	Cattle	SAMN45163996	WGS	RANDOM	ILLUMINA	NextSeq 2000	PRJNA1102327	cattle
SRR31605241	80361760	275196	24-033974-002	2024	USA	Cattle	SAMN45164130	WGS	RANDOM	ILLUMINA	NextSeq 2000	PRJNA1102327	cattle
SRR31605242	94833985	324658	24-033974-001	2024	USA	Cattle	SAMN45164129	WGS	RANDOM	ILLUMINA	NextSeq 2000	PRJNA1102327	cattle
SRR31605243	75068597	255983	24-033973-002	2024	USA	Cattle	SAMN45164128	WGS	RANDOM	ILLUMINA	NextSeq 2000	PRJNA1102327	cattle
SRR31605244	70633811	240572	24-033973-001	2024	USA	Cattle	SAMN45164127	WGS	RANDOM	ILLUMINA	NextSeq 2000	PRJNA1102327	cattle
SRR31605245	100941544	342814	24-033840-001	2024	USA	Cattle	SAMN45164097	WGS	RANDOM	ILLUMINA	NextSeq 2000	PRJNA1102327	cattle
SRR31605246	78291675	266922	24-033840-002	2024	USA	Cattle	SAMN45164098	WGS	RANDOM	ILLUMINA	NextSeq 2000	PRJNA1102327	cattle
SRR31605247	97527838	332657	24-033840-003	2024	USA	Cattle	SAMN45164099	WGS	RANDOM	ILLUMINA	NextSeq 2000	PRJNA1102327	cattle
SRR31605248	122692488	417843	24-033865-001	2024	USA	Turkey	SAMN45164123	WGS	RANDOM	ILLUMINA	NextSeq 2000	PRJNA1102327	poultry_wildbird
SRR31605249	110817460	384572	24-033861-002	2024	USA	Cattle	SAMN45164122	WGS	RANDOM	ILLUMINA	NextSeq 2000	PRJNA1102327	cattle
SRR31605250	84991054	288647	24-033860-003	2024	USA	Cattle	SAMN45164121	WGS	RANDOM	ILLUMINA	NextSeq 2000	PRJNA1102327	cattle
SRR31605251	159851731	558970	24-032204-001	2024	USA	Cattle	SAMN45163995	WGS	RANDOM	ILLUMINA	NextSeq 2000	PRJNA1102327	cattle
SRR31605252	80703132	274060	24-033860-002	2024	USA	Cattle	SAMN45164120	WGS	RANDOM	ILLUMINA	NextSeq 2000	PRJNA1102327	cattle
SRR31605253	108127142	385904	24-033857-003	2024	USA	Cattle	SAMN45164118	WGS	RANDOM	ILLUMINA	NextSeq 2000	PRJNA1102327	cattle
SRR31605254	95188950	325201	24-033852-002	2024	USA	Cattle	SAMN45164105	WGS	RANDOM	ILLUMINA	NextSeq 2000	PRJNA1102327	cattle
SRR31605255	132642423	461153	24-033853-001	2024	USA	Cattle	SAMN45164106	WGS	RANDOM	ILLUMINA	NextSeq 2000	PRJNA1102327	cattle
SRR31605256	117528519	405885	24-033853-002	2024	USA	Cattle	SAMN45164107	WGS	RANDOM	ILLUMINA	NextSeq 2000	PRJNA1102327	cattle
SRR31605257	114657563	401818	24-033853-003	2024	USA	Cattle	SAMN45164108	WGS	RANDOM	ILLUMINA	NextSeq 2000	PRJNA1102327	cattle
SRR31605258	120680052	419555	24-033853-004	2024	USA	Cattle	SAMN45164109	WGS	RANDOM	ILLUMINA	NextSeq 2000	PRJNA1102327	cattle
SRR31605259	104921230	359113	24-033854-001	2024	USA	Cattle	SAMN45164110	WGS	RANDOM	ILLUMINA	NextSeq 2000	PRJNA1102327	cattle
SRR31605260	28251690	97286	24-032203-002	2024	USA	Cattle	SAMN45163994	WGS	RANDOM	ILLUMINA	NextSeq 2000	PRJNA1102327	cattle
SRR31605261	100736102	343128	24-033855-002	2024	USA	Cattle	SAMN45164111	WGS	RANDOM	ILLUMINA	NextSeq 2000	PRJNA1102327	cattle
SRR31605262	94641341	322207	24-033855-003	2024	USA	Cattle	SAMN45164112	WGS	RANDOM	ILLUMINA	NextSeq 2000	PRJNA1102327	cattle
SRR31605263	100854801	349893	24-033856-001	2024	USA	Cattle	SAMN45164113	WGS	RANDOM	ILLUMINA	NextSeq 2000	PRJNA1102327	cattle
SRR31605264	81919723	275696	24-033526-003	2024	USA	Cattle	SAMN45164066	WGS	RANDOM	ILLUMINA	NextSeq 2000	PRJNA1102327	cattle
SRR31605265	90977899	307493	24-033526-002	2024	USA	Cattle	SAMN45164065	WGS	RANDOM	ILLUMINA	NextSeq 2000	PRJNA1102327	cattle
SRR31605266	95164797	320450	24-033526-001	2024	USA	Cattle	SAMN45164064	WGS	RANDOM	ILLUMINA	NextSeq 2000	PRJNA1102327	cattle
SRR31605267	92820771	312712	24-033524-001	2024	USA	Cattle	SAMN45164063	WGS	RANDOM	ILLUMINA	NextSeq 2000	PRJNA1102327	cattle
SRR31605268	117464524	397548	24-033522-001	2024	USA	Cattle	SAMN45164062	WGS	RANDOM	ILLUMINA	NextSeq 2000	PRJNA1102327	cattle
SRR31605269	73534164	247544	24-033521-001	2024	USA	Cattle	SAMN45164061	WGS	RANDOM	ILLUMINA	NextSeq 2000	PRJNA1102327	cattle
SRR31605270	45305509	172118	24-031155-001	2024	USA	Cattle	SAMN45163989	WGS	RANDOM	ILLUMINA	NextSeq 2000	PRJNA1102327	cattle
SRR31605271	86557155	291895	24-033520-004	2024	USA	Cattle	SAMN45164060	WGS	RANDOM	ILLUMINA	NextSeq 2000	PRJNA1102327	cattle
SRR31605272	81519452	275623	24-033520-003	2024	USA	Cattle	SAMN45164059	WGS	RANDOM	ILLUMINA	NextSeq 2000	PRJNA1102327	cattle
SRR31605273	72541409	246147	24-033520-002	2024	USA	Cattle	SAMN45164058	WGS	RANDOM	ILLUMINA	NextSeq 2000	PRJNA1102327	cattle
SRR31605274	88926546	311087	24-033493-001	2024	USA	Cattle	SAMN45164037	WGS	RANDOM	ILLUMINA	NextSeq 2000	PRJNA1102327	cattle
SRR31605275	93529767	314347	24-033491-001	2024	USA	Cattle	SAMN45164036	WGS	RANDOM	ILLUMINA	NextSeq 2000	PRJNA1102327	cattle
SRR31605276	71435747	239978	24-033488-001	2024	USA	Cattle	SAMN45164035	WGS	RANDOM	ILLUMINA	NextSeq 2000	PRJNA1102327	cattle
SRR31605277	104779000	357430	24-033530-001	2024	USA	Cattle	SAMN45164074	WGS	RANDOM	ILLUMINA	NextSeq 2000	PRJNA1102327	cattle
SRR31605278	79749674	269092	24-033514-002	2024	USA	Cattle	SAMN45164054	WGS	RANDOM	ILLUMINA	NextSeq 2000	PRJNA1102327	cattle
SRR31605279	91142105	308290	24-033514-001	2024	USA	Cattle	SAMN45164053	WGS	RANDOM	ILLUMINA	NextSeq 2000	PRJNA1102327	cattle
SRR31605280	88037700	299218	24-033506-003	2024	USA	Cattle	SAMN45164052	WGS	RANDOM	ILLUMINA	NextSeq 2000	PRJNA1102327	cattle
SRR31605281	87043441	293772	24-033506-002	2024	USA	Cattle	SAMN45164051	WGS	RANDOM	ILLUMINA	NextSeq 2000	PRJNA1102327	cattle
SRR31605282	79910488	278841	24-031151-001	2024	USA	Cattle	SAMN45163988	WGS	RANDOM	ILLUMINA	NextSeq 2000	PRJNA1102327	cattle
SRR31605283	86743505	292539	24-033505-003	2024	USA	Cattle	SAMN45164050	WGS	RANDOM	ILLUMINA	NextSeq 2000	PRJNA1102327	cattle
SRR31605284	78882170	265523	24-033505-002	2024	USA	Cattle	SAMN45164049	WGS	RANDOM	ILLUMINA	NextSeq 2000	PRJNA1102327	cattle
SRR31605285	83046121	279594	24-033505-001	2024	USA	Cattle	SAMN45164048	WGS	RANDOM	ILLUMINA	NextSeq 2000	PRJNA1102327	cattle
SRR31605286	105348867	356276	24-033500-002	2024	USA	Cattle	SAMN45164047	WGS	RANDOM	ILLUMINA	NextSeq 2000	PRJNA1102327	cattle
SRR31605287	110938223	373764	24-033499-003	2024	USA	Cattle	SAMN45164046	WGS	RANDOM	ILLUMINA	NextSeq 2000	PRJNA1102327	cattle
SRR31605288	91562599	310621	24-033497-004	2024	USA	Cattle	SAMN45164045	WGS	RANDOM	ILLUMINA	NextSeq 2000	PRJNA1102327	cattle
SRR31605289	51611373	174140	24-033497-003	2024	USA	Cattle	SAMN45164044	WGS	RANDOM	ILLUMINA	NextSeq 2000	PRJNA1102327	cattle
SRR31605290	13202100	45022	24-033497-002	2024	USA	Cattle	SAMN45164043	WGS	RANDOM	ILLUMINA	NextSeq 2000	PRJNA1102327	cattle
SRR31605291	27407771	92764	24-033497-001	2024	USA	Cattle	SAMN45164042	WGS	RANDOM	ILLUMINA	NextSeq 2000	PRJNA1102327	cattle
SRR31605292	40808943	138146	24-033496-004	2024	USA	Cattle	SAMN45164041	WGS	RANDOM	ILLUMINA	NextSeq 2000	PRJNA1102327	cattle
SRR31605293	112466027	417152	24-031137-001	2024	USA	Cattle	SAMN45163987	WGS	RANDOM	ILLUMINA	NextSeq 2000	PRJNA1102327	cattle
SRR31605294	37897533	128482	24-033496-003	2024	USA	Cattle	SAMN45164040	WGS	RANDOM	ILLUMINA	NextSeq 2000	PRJNA1102327	cattle
SRR31605295	133870056	451824	24-033495-001	2024	USA	Cattle	SAMN45164039	WGS	RANDOM	ILLUMINA	NextSeq 2000	PRJNA1102327	cattle
SRR31605296	62698418	213126	24-034264-001	2024	USA	Cattle	SAMN45164284	WGS	RANDOM	ILLUMINA	NextSeq 2000	PRJNA1102327	cattle
SRR31605297	47233918	159873	24-034260-003	2024	USA	Cattle	SAMN45164283	WGS	RANDOM	ILLUMINA	NextSeq 2000	PRJNA1102327	cattle
SRR31605298	54077518	182842	24-034260-002	2024	USA	Cattle	SAMN45164282	WGS	RANDOM	ILLUMINA	NextSeq 2000	PRJNA1102327	cattle
SRR31605299	48748078	165189	24-034260-001	2024	USA	Cattle	SAMN45164281	WGS	RANDOM	ILLUMINA	NextSeq 2000	PRJNA1102327	cattle
SRR31605300	55500210	188472	24-034234-001	2024	USA	Cattle	SAMN45164262	WGS	RANDOM	ILLUMINA	NextSeq 2000	PRJNA1102327	cattle
SRR31605301	39603423	134597	24-034232-006	2024	USA	Cattle	SAMN45164261	WGS	RANDOM	ILLUMINA	NextSeq 2000	PRJNA1102327	cattle
SRR31605302	149223524	506894	24-033224-001	2024	USA	Chicken	SAMN45164009	WGS	RANDOM	ILLUMINA	NextSeq 2000	PRJNA1102327	poultry_wildbird
SRR31605303	48882042	166023	24-034232-005	2024	USA	Cattle	SAMN45164260	WGS	RANDOM	ILLUMINA	NextSeq 2000	PRJNA1102327	cattle
SRR31605304	103920011	372330	24-034257-003	2024	USA	Turkey	SAMN45164276	WGS	RANDOM	ILLUMINA	NextSeq 2000	PRJNA1102327	poultry_wildbird
SRR31605305	110388709	402387	24-034257-002	2024	USA	Turkey	SAMN45164275	WGS	RANDOM	ILLUMINA	NextSeq 2000	PRJNA1102327	poultry_wildbird
SRR31605306	123954046	427096	24-034257-001	2024	USA	Turkey	SAMN45164274	WGS	RANDOM	ILLUMINA	NextSeq 2000	PRJNA1102327	poultry_wildbird
SRR31605307	122189736	424124	24-034246-002	2024	USA	Cattle	SAMN45164273	WGS	RANDOM	ILLUMINA	NextSeq 2000	PRJNA1102327	cattle
SRR31605308	121790755	435047	24-034246-001	2024	USA	Cattle	SAMN45164272	WGS	RANDOM	ILLUMINA	NextSeq 2000	PRJNA1102327	cattle
SRR31605309	122555309	439206	24-034245-001	2024	USA	Cattle	SAMN45164271	WGS	RANDOM	ILLUMINA	NextSeq 2000	PRJNA1102327	cattle
SRR31605310	151203391	515875	24-033224-002	2024	USA	Chicken	SAMN45164010	WGS	RANDOM	ILLUMINA	NextSeq 2000	PRJNA1102327	poultry_wildbird
SRR31605311	66151495	224548	24-034415-001	2024	USA	Cattle	SAMN45164288	WGS	RANDOM	ILLUMINA	NextSeq 2000	PRJNA1102327	cattle
SRR31605312	49168723	166963	24-034244-002	2024	USA	Cattle	SAMN45164270	WGS	RANDOM	ILLUMINA	NextSeq 2000	PRJNA1102327	cattle
SRR31605313	53708793	182419	24-034244-001	2024	USA	Cattle	SAMN45164269	WGS	RANDOM	ILLUMINA	NextSeq 2000	PRJNA1102327	cattle
SRR31605314	118829628	416974	24-034237-002	2024	USA	Cattle	SAMN45164268	WGS	RANDOM	ILLUMINA	NextSeq 2000	PRJNA1102327	cattle
SRR31605315	131451157	467321	24-034237-001	2024	USA	Cattle	SAMN45164267	WGS	RANDOM	ILLUMINA	NextSeq 2000	PRJNA1102327	cattle
SRR31605316	117875834	418679	24-034236-002	2024	USA	Cattle	SAMN45164266	WGS	RANDOM	ILLUMINA	NextSeq 2000	PRJNA1102327	cattle
SRR31605317	130148007	469970	24-034236-001	2024	USA	Cattle	SAMN45164265	WGS	RANDOM	ILLUMINA	NextSeq 2000	PRJNA1102327	cattle
SRR31605318	54051853	183780	24-034235-002	2024	USA	Cattle	SAMN45164264	WGS	RANDOM	ILLUMINA	NextSeq 2000	PRJNA1102327	cattle
SRR31605319	63113352	215889	24-034235-001	2024	USA	Cattle	SAMN45164263	WGS	RANDOM	ILLUMINA	NextSeq 2000	PRJNA1102327	cattle
SRR31605320	127317534	444141	24-034221-007	2024	USA	Cattle	SAMN45164243	WGS	RANDOM	ILLUMINA	NextSeq 2000	PRJNA1102327	cattle
SRR31605321	146136453	516079	24-034221-006	2024	USA	Cattle	SAMN45164242	WGS	RANDOM	ILLUMINA	NextSeq 2000	PRJNA1102327	cattle
SRR31605322	111782697	401776	24-034221-004	2024	USA	Cattle	SAMN45164241	WGS	RANDOM	ILLUMINA	NextSeq 2000	PRJNA1102327	cattle
SRR31605323	163485967	557133	24-033222-001	2024	USA	Chicken	SAMN45164007	WGS	RANDOM	ILLUMINA	NextSeq 2000	PRJNA1102327	poultry_wildbird
SRR31605324	50062934	169224	24-034232-004	2024	USA	Cattle	SAMN45164259	WGS	RANDOM	ILLUMINA	NextSeq 2000	PRJNA1102327	cattle
SRR31605325	78651133	268065	24-034232-001	2024	USA	Cattle	SAMN45164258	WGS	RANDOM	ILLUMINA	NextSeq 2000	PRJNA1102327	cattle
SRR31605326	39449104	133841	24-034231-003	2024	USA	Cattle	SAMN45164257	WGS	RANDOM	ILLUMINA	NextSeq 2000	PRJNA1102327	cattle
SRR31605327	45486379	154403	24-034231-002	2024	USA	Cattle	SAMN45164256	WGS	RANDOM	ILLUMINA	NextSeq 2000	PRJNA1102327	cattle
SRR31605328	46611134	158271	24-034231-001	2024	USA	Cattle	SAMN45164255	WGS	RANDOM	ILLUMINA	NextSeq 2000	PRJNA1102327	cattle
SRR31605329	106174099	372805	24-034230-001	2024	USA	Cattle	SAMN45164254	WGS	RANDOM	ILLUMINA	NextSeq 2000	PRJNA1102327	cattle
SRR31605330	129421272	467276	24-034229-003	2024	USA	Cattle	SAMN45164253	WGS	RANDOM	ILLUMINA	NextSeq 2000	PRJNA1102327	cattle
SRR31605331	121274874	423406	24-034225-001	2024	USA	Cattle	SAMN45164252	WGS	RANDOM	ILLUMINA	NextSeq 2000	PRJNA1102327	cattle
SRR31605332	47000342	159526	24-034224-004	2024	USA	Cattle	SAMN45164251	WGS	RANDOM	ILLUMINA	NextSeq 2000	PRJNA1102327	cattle
SRR31605333	192265212	654885	24-033222-002	2024	USA	Chicken	SAMN45164008	WGS	RANDOM	ILLUMINA	NextSeq 2000	PRJNA1102327	poultry_wildbird
SRR31605334	64441104	219493	24-034224-003	2024	USA	Cattle	SAMN45164250	WGS	RANDOM	ILLUMINA	NextSeq 2000	PRJNA1102327	cattle
SRR31605335	40090553	136007	24-034224-002	2024	USA	Cattle	SAMN45164249	WGS	RANDOM	ILLUMINA	NextSeq 2000	PRJNA1102327	cattle
SRR31605336	52048415	176903	24-034224-001	2024	USA	Cattle	SAMN45164248	WGS	RANDOM	ILLUMINA	NextSeq 2000	PRJNA1102327	cattle
SRR31605337	51211414	173315	24-034223-003	2024	USA	Cattle	SAMN45164247	WGS	RANDOM	ILLUMINA	NextSeq 2000	PRJNA1102327	cattle
SRR31605338	59448578	201129	24-034223-002	2024	USA	Cattle	SAMN45164246	WGS	RANDOM	ILLUMINA	NextSeq 2000	PRJNA1102327	cattle
SRR31605339	50811447	172195	24-034223-001	2024	USA	Cattle	SAMN45164245	WGS	RANDOM	ILLUMINA	NextSeq 2000	PRJNA1102327	cattle
SRR31605340	65767694	223660	24-034222-001	2024	USA	Cattle	SAMN45164244	WGS	RANDOM	ILLUMINA	NextSeq 2000	PRJNA1102327	cattle
SRR31605341	56245995	190579	24-034200-002	2024	USA	Cattle	SAMN45164224	WGS	RANDOM	ILLUMINA	NextSeq 2000	PRJNA1102327	cattle
SRR31605342	57539686	195074	24-034199-002	2024	USA	Cattle	SAMN45164223	WGS	RANDOM	ILLUMINA	NextSeq 2000	PRJNA1102327	cattle
SRR31605343	54564809	185369	24-034199-001	2024	USA	Cattle	SAMN45164222	WGS	RANDOM	ILLUMINA	NextSeq 2000	PRJNA1102327	cattle
SRR31605344	113300969	402375	24-034221-003	2024	USA	Cattle	SAMN45164240	WGS	RANDOM	ILLUMINA	NextSeq 2000	PRJNA1102327	cattle
SRR31605345	111474223	401183	24-034221-002	2024	USA	Cattle	SAMN45164239	WGS	RANDOM	ILLUMINA	NextSeq 2000	PRJNA1102327	cattle
SRR31605346	132602471	484774	24-034221-001	2024	USA	Cattle	SAMN45164238	WGS	RANDOM	ILLUMINA	NextSeq 2000	PRJNA1102327	cattle
SRR31605347	44723265	151726	24-034196-002	2024	USA	Cattle	SAMN45164220	WGS	RANDOM	ILLUMINA	NextSeq 2000	PRJNA1102327	cattle
SRR31605348	67837985	230267	24-034220-003	2024	USA	Cattle	SAMN45164237	WGS	RANDOM	ILLUMINA	NextSeq 2000	PRJNA1102327	cattle
SRR31605349	43663499	148140	24-034220-002	2024	USA	Cattle	SAMN45164236	WGS	RANDOM	ILLUMINA	NextSeq 2000	PRJNA1102327	cattle
SRR31605350	56899491	193462	24-034220-001	2024	USA	Cattle	SAMN45164235	WGS	RANDOM	ILLUMINA	NextSeq 2000	PRJNA1102327	cattle
SRR31605351	53796780	183349	24-034219-001	2024	USA	Cattle	SAMN45164234	WGS	RANDOM	ILLUMINA	NextSeq 2000	PRJNA1102327	cattle
SRR31605352	56928411	192512	24-034218-001	2024	USA	Cattle	SAMN45164233	WGS	RANDOM	ILLUMINA	NextSeq 2000	PRJNA1102327	cattle
SRR31605353	58149166	197125	24-034210-002	2024	USA	Cattle	SAMN45164232	WGS	RANDOM	ILLUMINA	NextSeq 2000	PRJNA1102327	cattle
SRR31605354	35400728	120307	24-034210-001	2024	USA	Cattle	SAMN45164231	WGS	RANDOM	ILLUMINA	NextSeq 2000	PRJNA1102327	cattle
SRR31605355	131566265	445997	24-033221-001	2024	USA	Cattle	SAMN45164006	WGS	RANDOM	ILLUMINA	NextSeq 2000	PRJNA1102327	cattle
SRR31605356	46709396	158799	24-034208-001	2024	USA	Cattle	SAMN45164230	WGS	RANDOM	ILLUMINA	NextSeq 2000	PRJNA1102327	cattle
SRR31605357	68832107	234042	24-034204-001	2024	USA	Cattle	SAMN45164229	WGS	RANDOM	ILLUMINA	NextSeq 2000	PRJNA1102327	cattle
SRR31605358	131977300	469812	24-034203-002	2024	USA	Cattle	SAMN45164228	WGS	RANDOM	ILLUMINA	NextSeq 2000	PRJNA1102327	cattle
SRR31605359	136190336	481580	24-034203-001	2024	USA	Cattle	SAMN45164227	WGS	RANDOM	ILLUMINA	NextSeq 2000	PRJNA1102327	cattle
SRR31605360	98848036	346164	24-033856-002	2024	USA	Cattle	SAMN45164114	WGS	RANDOM	ILLUMINA	NextSeq 2000	PRJNA1102327	cattle
SRR31605361	110747438	387800	24-033856-003	2024	USA	Cattle	SAMN45164115	WGS	RANDOM	ILLUMINA	NextSeq 2000	PRJNA1102327	cattle
SRR31605362	107293128	386452	24-033857-001	2024	USA	Cattle	SAMN45164116	WGS	RANDOM	ILLUMINA	NextSeq 2000	PRJNA1102327	cattle
SRR31605363	117801299	422026	24-033857-002	2024	USA	Cattle	SAMN45164117	WGS	RANDOM	ILLUMINA	NextSeq 2000	PRJNA1102327	cattle
SRR31605364	120914447	421642	24-033838-001	2024	USA	Cattle	SAMN45164095	WGS	RANDOM	ILLUMINA	NextSeq 2000	PRJNA1102327	cattle
SRR31605365	109354782	371400	24-033866-001	2024	USA	Cattle	SAMN45164124	WGS	RANDOM	ILLUMINA	NextSeq 2000	PRJNA1102327	cattle
SRR31605366	117364698	410738	24-033838-002	2024	USA	Cattle	SAMN45164096	WGS	RANDOM	ILLUMINA	NextSeq 2000	PRJNA1102327	cattle
SRR31605367	127463501	451097	24-033849-001	2024	USA	Cattle	SAMN45164100	WGS	RANDOM	ILLUMINA	NextSeq 2000	PRJNA1102327	cattle
SRR31605368	179261357	619914	24-032196-001	2024	USA	Cattle	SAMN45163993	WGS	RANDOM	ILLUMINA	NextSeq 2000	PRJNA1102327	cattle
SRR31605369	124564478	457820	24-033849-002	2024	USA	Cattle	SAMN45164101	WGS	RANDOM	ILLUMINA	NextSeq 2000	PRJNA1102327	cattle
SRR31605370	132105467	449415	24-033850-001	2024	USA	Cattle	SAMN45164102	WGS	RANDOM	ILLUMINA	NextSeq 2000	PRJNA1102327	cattle
SRR31605371	86855852	296659	24-033860-001	2024	USA	Cattle	SAMN45164119	WGS	RANDOM	ILLUMINA	NextSeq 2000	PRJNA1102327	cattle
SRR31605372	93272403	317088	24-033851-001	2024	USA	Cattle	SAMN45164103	WGS	RANDOM	ILLUMINA	NextSeq 2000	PRJNA1102327	cattle
SRR31605373	91825255	312084	24-033852-001	2024	USA	Cattle	SAMN45164104	WGS	RANDOM	ILLUMINA	NextSeq 2000	PRJNA1102327	cattle
SRR31605374	123478224	422690	24-033700-003	2024	USA	Turkey	SAMN45164094	WGS	RANDOM	ILLUMINA	NextSeq 2000	PRJNA1102327	poultry_wildbird
SRR31605375	83497049	284295	24-033699-003	2024	USA	Chicken	SAMN45164093	WGS	RANDOM	ILLUMINA	NextSeq 2000	PRJNA1102327	poultry_wildbird
SRR31605376	80435333	273214	24-033699-002	2024	USA	Chicken	SAMN45164092	WGS	RANDOM	ILLUMINA	NextSeq 2000	PRJNA1102327	poultry_wildbird
SRR31605377	94453021	320126	24-033699-001	2024	USA	Chicken	SAMN45164091	WGS	RANDOM	ILLUMINA	NextSeq 2000	PRJNA1102327	poultry_wildbird
SRR31605379	76485963	260775	24-033698-003	2024	USA	Chicken	SAMN45164090	WGS	RANDOM	ILLUMINA	NextSeq 2000	PRJNA1102327	poultry_wildbird
SRR31605380	91080720	310066	24-033698-002	2024	USA	Chicken	SAMN45164089	WGS	RANDOM	ILLUMINA	NextSeq 2000	PRJNA1102327	poultry_wildbird
SRR31605381	81412422	276406	24-033698-001	2024	USA	Chicken	SAMN45164088	WGS	RANDOM	ILLUMINA	NextSeq 2000	PRJNA1102327	poultry_wildbird
SRR31605382	89821306	305884	24-033695-001	2024	USA	Chicken	SAMN45164087	WGS	RANDOM	ILLUMINA	NextSeq 2000	PRJNA1102327	poultry_wildbird
SRR31605383	92737215	316419	24-033692-002	2024	USA	Chicken	SAMN45164086	WGS	RANDOM	ILLUMINA	NextSeq 2000	PRJNA1102327	poultry_wildbird
SRR31605384	97077245	331360	24-033692-001	2024	USA	Chicken	SAMN45164085	WGS	RANDOM	ILLUMINA	NextSeq 2000	PRJNA1102327	poultry_wildbird
SRR31605385	82731664	280562	24-033691-003	2024	USA	Turkey	SAMN45164084	WGS	RANDOM	ILLUMINA	NextSeq 2000	PRJNA1102327	poultry_wildbird
SRR31605386	74851233	256872	24-033691-002	2024	USA	Turkey	SAMN45164083	WGS	RANDOM	ILLUMINA	NextSeq 2000	PRJNA1102327	poultry_wildbird
SRR31605387	94059686	320737	24-033689-001	2024	USA	Cattle	SAMN45164082	WGS	RANDOM	ILLUMINA	NextSeq 2000	PRJNA1102327	cattle
SRR31605388	99677597	340908	24-033687-004	2024	USA	Cattle	SAMN45164081	WGS	RANDOM	ILLUMINA	NextSeq 2000	PRJNA1102327	cattle
SRR31605390	96283479	338666	24-029177-001	2024	USA	Cattle	SAMN45163982	WGS	RANDOM	ILLUMINA	NextSeq 2000	PRJNA1102327	cattle
SRR31605391	54238638	187995	24-029170-001	2024	USA	Cattle	SAMN45163981	WGS	RANDOM	ILLUMINA	NextSeq 2000	PRJNA1102327	cattle
SRR31604991	181436630	615673	24-035009-002	2024	USA	Cattle	SAMN45164373	WGS	RANDOM	ILLUMINA	NextSeq 2000	PRJNA1102327	cattle
SRR31604992	191609644	652052	24-035009-001	2024	USA	Cattle	SAMN45164372	WGS	RANDOM	ILLUMINA	NextSeq 2000	PRJNA1102327	cattle
SRR31604993	162987578	553688	24-035007-002	2024	USA	Cattle	SAMN45164371	WGS	RANDOM	ILLUMINA	NextSeq 2000	PRJNA1102327	cattle
SRR31604994	157027261	533265	24-035007-001	2024	USA	Cattle	SAMN45164370	WGS	RANDOM	ILLUMINA	NextSeq 2000	PRJNA1102327	cattle
SRR31604995	91076832	307788	24-035006-005	2024	USA	Cattle	SAMN45164369	WGS	RANDOM	ILLUMINA	NextSeq 2000	PRJNA1102327	cattle
SRR31604996	125706087	425130	24-035006-004	2024	USA	Cattle	SAMN45164368	WGS	RANDOM	ILLUMINA	NextSeq 2000	PRJNA1102327	cattle
SRR31604997	104024210	352289	24-035006-003	2024	USA	Cattle	SAMN45164367	WGS	RANDOM	ILLUMINA	NextSeq 2000	PRJNA1102327	cattle
SRR31604998	132827516	449126	24-035006-002	2024	USA	Cattle	SAMN45164366	WGS	RANDOM	ILLUMINA	NextSeq 2000	PRJNA1102327	cattle
SRR31604999	143541163	485640	24-035006-001	2024	USA	Cattle	SAMN45164365	WGS	RANDOM	ILLUMINA	NextSeq 2000	PRJNA1102327	cattle
SRR31605000	186793535	633454	24-035005-001	2024	USA	Cattle	SAMN45164364	WGS	RANDOM	ILLUMINA	NextSeq 2000	PRJNA1102327	cattle
SRR31605001	142852653	484464	24-033226-003	2024	USA	Chicken	SAMN45164019	WGS	RANDOM	ILLUMINA	NextSeq 2000	PRJNA1102327	poultry_wildbird
SRR31605002	219154031	744049	24-035004-002	2024	USA	Cattle	SAMN45164363	WGS	RANDOM	ILLUMINA	NextSeq 2000	PRJNA1102327	cattle
SRR31605003	238925964	811915	24-035004-001	2024	USA	Cattle	SAMN45164362	WGS	RANDOM	ILLUMINA	NextSeq 2000	PRJNA1102327	cattle
SRR31605004	223044616	761078	24-035003-005	2024	USA	Cattle	SAMN45164361	WGS	RANDOM	ILLUMINA	NextSeq 2000	PRJNA1102327	cattle
SRR31605005	114189711	386294	24-034941-002	2024	USA	Cattle	SAMN45164337	WGS	RANDOM	ILLUMINA	NextSeq 2000	PRJNA1102327	cattle
SRR31605006	119790890	404646	24-034941-001	2024	USA	Cattle	SAMN45164336	WGS	RANDOM	ILLUMINA	NextSeq 2000	PRJNA1102327	cattle
SRR31605007	197783193	672670	24-034836-002	2024	USA	Cattle	SAMN45164335	WGS	RANDOM	ILLUMINA	NextSeq 2000	PRJNA1102327	cattle
SRR31605008	166350149	562476	24-035003-001	2024	USA	Cattle	SAMN45164357	WGS	RANDOM	ILLUMINA	NextSeq 2000	PRJNA1102327	cattle
SRR31605009	162529436	550808	24-035001-001	2024	USA	Cattle	SAMN45164356	WGS	RANDOM	ILLUMINA	NextSeq 2000	PRJNA1102327	cattle
SRR31605010	175757928	597275	24-035000-001	2024	USA	Cattle	SAMN45164355	WGS	RANDOM	ILLUMINA	NextSeq 2000	PRJNA1102327	cattle
SRR31605011	125724526	424786	24-034997-001	2024	USA	Cattle	SAMN45164351	WGS	RANDOM	ILLUMINA	NextSeq 2000	PRJNA1102327	cattle
SRR31605012	130918092	446006	24-033226-002	2024	USA	Chicken	SAMN45164018	WGS	RANDOM	ILLUMINA	NextSeq 2000	PRJNA1102327	poultry_wildbird
SRR31605013	122247950	412680	24-034994-001	2024	USA	Cattle	SAMN45164350	WGS	RANDOM	ILLUMINA	NextSeq 2000	PRJNA1102327	cattle
SRR31605014	157501659	535021	24-034954-001	2024	USA	Cattle	SAMN45164349	WGS	RANDOM	ILLUMINA	NextSeq 2000	PRJNA1102327	cattle
SRR31605015	102844984	347554	24-034953-001	2024	USA	Cattle	SAMN45164348	WGS	RANDOM	ILLUMINA	NextSeq 2000	PRJNA1102327	cattle
SRR31605016	176952497	598553	24-034951-001	2024	USA	Cattle	SAMN45164347	WGS	RANDOM	ILLUMINA	NextSeq 2000	PRJNA1102327	cattle
SRR31605017	186351760	631529	24-034950-002	2024	USA	Cattle	SAMN45164346	WGS	RANDOM	ILLUMINA	NextSeq 2000	PRJNA1102327	cattle
SRR31605018	173618819	588170	24-034950-001	2024	USA	Cattle	SAMN45164345	WGS	RANDOM	ILLUMINA	NextSeq 2000	PRJNA1102327	cattle
SRR31605019	200381475	679126	24-034949-001	2024	USA	Cattle	SAMN45164344	WGS	RANDOM	ILLUMINA	NextSeq 2000	PRJNA1102327	cattle
SRR31605020	118808733	404801	24-034948-003	2024	USA	Cattle	SAMN45164343	WGS	RANDOM	ILLUMINA	NextSeq 2000	PRJNA1102327	cattle
SRR31605021	96521644	326212	24-034948-001	2024	USA	Cattle	SAMN45164342	WGS	RANDOM	ILLUMINA	NextSeq 2000	PRJNA1102327	cattle
SRR31605022	128101445	432957	24-034942-003	2024	USA	Cattle	SAMN45164341	WGS	RANDOM	ILLUMINA	NextSeq 2000	PRJNA1102327	cattle
SRR31605023	133989164	474127	24-034202-001	2024	USA	Cattle	SAMN45164226	WGS	RANDOM	ILLUMINA	NextSeq 2000	PRJNA1102327	cattle
SRR31605024	50855724	172483	24-034200-003	2024	USA	Cattle	SAMN45164225	WGS	RANDOM	ILLUMINA	NextSeq 2000	PRJNA1102327	cattle
SRR31605025	66142346	224671	24-034019-004	2024	USA	Cattle	SAMN45164206	WGS	RANDOM	ILLUMINA	NextSeq 2000	PRJNA1102327	cattle
SRR31605026	59732403	203029	24-034019-003	2024	USA	Cattle	SAMN45164205	WGS	RANDOM	ILLUMINA	NextSeq 2000	PRJNA1102327	cattle
SRR31605027	126049260	439551	24-034019-002	2024	USA	Cattle	SAMN45164204	WGS	RANDOM	ILLUMINA	NextSeq 2000	PRJNA1102327	cattle
SRR31605028	117491268	411420	24-034019-001	2024	USA	Cattle	SAMN45164203	WGS	RANDOM	ILLUMINA	NextSeq 2000	PRJNA1102327	cattle
SRR31605029	78720473	267352	24-034014-003	2024	USA	Cattle	SAMN45164202	WGS	RANDOM	ILLUMINA	NextSeq 2000	PRJNA1102327	cattle
SRR31605030	52017238	177222	24-034197-001	2024	USA	Cattle	SAMN45164221	WGS	RANDOM	ILLUMINA	NextSeq 2000	PRJNA1102327	cattle
SRR31605031	137257783	465801	24-033220-002	2024	USA	Cattle	SAMN45164005	WGS	RANDOM	ILLUMINA	NextSeq 2000	PRJNA1102327	cattle
SRR31605032	44430701	150834	24-034196-001	2024	USA	Cattle	SAMN45164219	WGS	RANDOM	ILLUMINA	NextSeq 2000	PRJNA1102327	cattle
SRR31605033	101080911	350872	24-034194-003	2024	USA	Cattle	SAMN45164218	WGS	RANDOM	ILLUMINA	NextSeq 2000	PRJNA1102327	cattle
SRR31605034	107328968	371076	24-034194-002	2024	USA	Cattle	SAMN45164217	WGS	RANDOM	ILLUMINA	NextSeq 2000	PRJNA1102327	cattle
SRR31605035	107687784	372927	24-034194-001	2024	USA	Cattle	SAMN45164216	WGS	RANDOM	ILLUMINA	NextSeq 2000	PRJNA1102327	cattle
SRR31605036	62408292	211884	24-034148-001	2024	USA	Cattle	SAMN45164215	WGS	RANDOM	ILLUMINA	NextSeq 2000	PRJNA1102327	cattle
SRR31605037	115196438	407744	24-034143-002	2024	USA	Cattle	SAMN45164214	WGS	RANDOM	ILLUMINA	NextSeq 2000	PRJNA1102327	cattle
SRR31605038	105915670	366517	24-034143-001	2024	USA	Cattle	SAMN45164213	WGS	RANDOM	ILLUMINA	NextSeq 2000	PRJNA1102327	cattle
SRR31605039	104900776	371843	24-034026-001	2024	USA	Cattle	SAMN45164212	WGS	RANDOM	ILLUMINA	NextSeq 2000	PRJNA1102327	cattle
SRR31605040	119134743	414099	24-034025-002	2024	USA	Cattle	SAMN45164211	WGS	RANDOM	ILLUMINA	NextSeq 2000	PRJNA1102327	cattle
SRR31605041	144261270	488505	24-033217-003	2024	USA	Cattle	SAMN45164004	WGS	RANDOM	ILLUMINA	NextSeq 2000	PRJNA1102327	cattle
SRR31605042	128333312	449423	24-034024-001	2024	USA	Cattle	SAMN45164210	WGS	RANDOM	ILLUMINA	NextSeq 2000	PRJNA1102327	cattle
SRR31605043	78284898	265579	24-034023-001	2024	USA	Cattle	SAMN45164209	WGS	RANDOM	ILLUMINA	NextSeq 2000	PRJNA1102327	cattle
SRR31605044	73276968	248410	24-034022-002	2024	USA	Cattle	SAMN45164208	WGS	RANDOM	ILLUMINA	NextSeq 2000	PRJNA1102327	cattle
SRR31605045	96424639	328826	24-034022-001	2024	USA	Cattle	SAMN45164207	WGS	RANDOM	ILLUMINA	NextSeq 2000	PRJNA1102327	cattle
SRR31605046	62674640	212786	24-034008-005	2024	USA	Cattle	SAMN45164186	WGS	RANDOM	ILLUMINA	NextSeq 2000	PRJNA1102327	cattle
SRR31605047	93019152	317685	24-034008-004	2024	USA	Cattle	SAMN45164185	WGS	RANDOM	ILLUMINA	NextSeq 2000	PRJNA1102327	cattle
SRR31605048	94148553	320694	24-034008-002	2024	USA	Cattle	SAMN45164184	WGS	RANDOM	ILLUMINA	NextSeq 2000	PRJNA1102327	cattle
SRR31605049	86982385	294997	24-034014-002	2024	USA	Cattle	SAMN45164201	WGS	RANDOM	ILLUMINA	NextSeq 2000	PRJNA1102327	cattle
SRR31605050	122276314	414206	24-033217-001	2024	USA	Cattle	SAMN45164003	WGS	RANDOM	ILLUMINA	NextSeq 2000	PRJNA1102327	cattle
SRR31605051	72740313	246796	24-034014-001	2024	USA	Cattle	SAMN45164200	WGS	RANDOM	ILLUMINA	NextSeq 2000	PRJNA1102327	cattle
SRR31605052	73876753	251883	24-034013-002	2024	USA	Cattle	SAMN45164199	WGS	RANDOM	ILLUMINA	NextSeq 2000	PRJNA1102327	cattle
SRR31605053	105028577	360272	24-034013-001	2024	USA	Cattle	SAMN45164198	WGS	RANDOM	ILLUMINA	NextSeq 2000	PRJNA1102327	cattle
SRR31605054	92423696	314375	24-034012-002	2024	USA	Cattle	SAMN45164197	WGS	RANDOM	ILLUMINA	NextSeq 2000	PRJNA1102327	cattle
SRR31605055	81456189	277037	24-033687-001	2024	USA	Cattle	SAMN45164078	WGS	RANDOM	ILLUMINA	NextSeq 2000	PRJNA1102327	cattle
SRR31597279	140342816	476713	24-031645-001	2024	USA	Cattle	SAMN45128694	WGS	RANDOM	ILLUMINA	NextSeq 2000	PRJNA1102327	cattle
SRR31597280	146553469	497777	24-031643-001	2024	USA	Cattle	SAMN45128693	WGS	RANDOM	ILLUMINA	NextSeq 2000	PRJNA1102327	cattle
SRR31597281	172908990	586779	24-031641-001	2024	USA	Cattle	SAMN45128692	WGS	RANDOM	ILLUMINA	NextSeq 2000	PRJNA1102327	cattle
SRR31597293	182416659	614479	24-032699-001	2024	USA	Cattle	SAMN45128681	WGS	RANDOM	ILLUMINA	NextSeq 2000	PRJNA1102327	cattle
SRR31597294	137753074	464509	24-032675-001	2024	USA	Cattle	SAMN45128680	WGS	RANDOM	ILLUMINA	NextSeq 2000	PRJNA1102327	cattle
SRR31597295	194619942	655520	24-032673-004	2024	USA	Cattle	SAMN45128679	WGS	RANDOM	ILLUMINA	NextSeq 2000	PRJNA1102327	cattle
SRR31597296	199604920	671903	24-032671-003	2024	USA	Cattle	SAMN45128678	WGS	RANDOM	ILLUMINA	NextSeq 2000	PRJNA1102327	cattle
SRR31597297	173087871	584587	24-032668-001	2024	USA	Cattle	SAMN45128677	WGS	RANDOM	ILLUMINA	NextSeq 2000	PRJNA1102327	cattle
SRR31597298	111136433	374530	24-032658-002	2024	USA	Cattle	SAMN45128676	WGS	RANDOM	ILLUMINA	NextSeq 2000	PRJNA1102327	cattle
SRR31597299	78893096	266485	24-032658-001	2024	USA	Cattle	SAMN45128675	WGS	RANDOM	ILLUMINA	NextSeq 2000	PRJNA1102327	cattle
SRR31597300	83830889	283454	24-032656-002	2024	USA	Cattle	SAMN45128674	WGS	RANDOM	ILLUMINA	NextSeq 2000	PRJNA1102327	cattle
SRR31597301	137535554	464446	24-032656-001	2024	USA	Cattle	SAMN45128673	WGS	RANDOM	ILLUMINA	NextSeq 2000	PRJNA1102327	cattle
SRR31597302	180562137	609893	24-032645-003	2024	USA	Cattle	SAMN45128672	WGS	RANDOM	ILLUMINA	NextSeq 2000	PRJNA1102327	cattle
SRR31597304	85758638	289042	24-032645-002	2024	USA	Cattle	SAMN45128671	WGS	RANDOM	ILLUMINA	NextSeq 2000	PRJNA1102327	cattle
SRR31597305	133703652	450936	24-032645-001	2024	USA	Cattle	SAMN45128670	WGS	RANDOM	ILLUMINA	NextSeq 2000	PRJNA1102327	cattle
SRR31597306	90455572	304876	24-032644-002	2024	USA	Cattle	SAMN45128669	WGS	RANDOM	ILLUMINA	NextSeq 2000	PRJNA1102327	cattle
SRR31597307	106344320	358223	24-032644-001	2024	USA	Cattle	SAMN45128668	WGS	RANDOM	ILLUMINA	NextSeq 2000	PRJNA1102327	cattle
SRR31596931	107162130	361007	24-032641-001	2024	USA	Cattle	SAMN45128667	WGS	RANDOM	ILLUMINA	NextSeq 2000	PRJNA1102327	cattle
SRR31596932	118872533	400667	24-032639-001	2024	USA	Cattle	SAMN45128666	WGS	RANDOM	ILLUMINA	NextSeq 2000	PRJNA1102327	cattle
SRR31596933	157684762	534537	24-032637-006	2024	USA	Cattle	SAMN45128665	WGS	RANDOM	ILLUMINA	NextSeq 2000	PRJNA1102327	cattle
SRR31596934	139114644	470244	24-032637-004	2024	USA	Cattle	SAMN45128664	WGS	RANDOM	ILLUMINA	NextSeq 2000	PRJNA1102327	cattle
SRR31596935	91147281	307081	24-032636-003	2024	USA	Cattle	SAMN45128663	WGS	RANDOM	ILLUMINA	NextSeq 2000	PRJNA1102327	cattle
SRR31596936	112022999	377482	24-032636-002	2024	USA	Cattle	SAMN45128662	WGS	RANDOM	ILLUMINA	NextSeq 2000	PRJNA1102327	cattle
SRR31596938	90081842	304033	24-032636-001	2024	USA	Cattle	SAMN45128661	WGS	RANDOM	ILLUMINA	NextSeq 2000	PRJNA1102327	cattle
SRR31596939	76958687	258947	24-032635-002	2024	USA	Cattle	SAMN45128660	WGS	RANDOM	ILLUMINA	NextSeq 2000	PRJNA1102327	cattle
SRR31596940	101975551	344298	24-032635-001	2024	USA	Cattle	SAMN45128659	WGS	RANDOM	ILLUMINA	NextSeq 2000	PRJNA1102327	cattle
SRR31596941	120982950	408821	24-032633-002	2024	USA	Cattle	SAMN45128658	WGS	RANDOM	ILLUMINA	NextSeq 2000	PRJNA1102327	cattle
SRR31596942	156303937	529286	24-032633-001	2024	USA	Cattle	SAMN45128657	WGS	RANDOM	ILLUMINA	NextSeq 2000	PRJNA1102327	cattle
SRR31596943	130755997	442669	24-032632-002	2024	USA	Cattle	SAMN45128656	WGS	RANDOM	ILLUMINA	NextSeq 2000	PRJNA1102327	cattle
SRR31596944	101049636	341530	24-032632-001	2024	USA	Cattle	SAMN45128655	WGS	RANDOM	ILLUMINA	NextSeq 2000	PRJNA1102327	cattle
SRR31596945	145754792	492657	24-032631-002	2024	USA	Cattle	SAMN45128654	WGS	RANDOM	ILLUMINA	NextSeq 2000	PRJNA1102327	cattle
SRR31596946	121041937	408827	24-032631-001	2024	USA	Cattle	SAMN45128653	WGS	RANDOM	ILLUMINA	NextSeq 2000	PRJNA1102327	cattle
SRR31596947	96749783	326114	24-032424-010	2024	USA	Cattle	SAMN45128623	WGS	RANDOM	ILLUMINA	NextSeq 2000	PRJNA1102327	cattle
SRR31596948	124028618	419889	24-032424-009	2024	USA	Cattle	SAMN45128622	WGS	RANDOM	ILLUMINA	NextSeq 2000	PRJNA1102327	cattle
SRR31596950	140659882	474406	24-032424-008	2024	USA	Cattle	SAMN45128621	WGS	RANDOM	ILLUMINA	NextSeq 2000	PRJNA1102327	cattle
SRR31596951	96091070	324546	24-032424-006	2024	USA	Cattle	SAMN45128620	WGS	RANDOM	ILLUMINA	NextSeq 2000	PRJNA1102327	cattle
SRR31596952	87569670	296427	24-032424-004	2024	USA	Cattle	SAMN45128619	WGS	RANDOM	ILLUMINA	NextSeq 2000	PRJNA1102327	cattle
SRR31596953	138287185	467885	24-032424-002	2024	USA	Cattle	SAMN45128618	WGS	RANDOM	ILLUMINA	NextSeq 2000	PRJNA1102327	cattle
SRR31596954	168137275	571304	24-032306-001	2024	USA	Cattle	SAMN45128617	WGS	RANDOM	ILLUMINA	NextSeq 2000	PRJNA1102327	cattle
SRR31597011	33936255	115344	24-032630-001	2024	USA	Cattle	SAMN45128652	WGS	RANDOM	ILLUMINA	NextSeq 2000	PRJNA1102327	cattle
SRR31597013	116211225	392966	24-032627-001	2024	USA	Cattle	SAMN45128651	WGS	RANDOM	ILLUMINA	NextSeq 2000	PRJNA1102327	cattle
SRR31597014	118633252	400404	24-032626-001	2024	USA	Cattle	SAMN45128650	WGS	RANDOM	ILLUMINA	NextSeq 2000	PRJNA1102327	cattle
SRR31597015	107269837	362223	24-032625-002	2024	USA	Cattle	SAMN45128649	WGS	RANDOM	ILLUMINA	NextSeq 2000	PRJNA1102327	cattle
SRR31597016	104477051	353164	24-032625-001	2024	USA	Cattle	SAMN45128648	WGS	RANDOM	ILLUMINA	NextSeq 2000	PRJNA1102327	cattle
SRR31597017	107685388	363428	24-032624-005	2024	USA	Cattle	SAMN45128647	WGS	RANDOM	ILLUMINA	NextSeq 2000	PRJNA1102327	cattle
SRR31597018	118544326	400328	24-032624-004	2024	USA	Cattle	SAMN45128646	WGS	RANDOM	ILLUMINA	NextSeq 2000	PRJNA1102327	cattle
SRR31597019	137847239	465077	24-032624-003	2024	USA	Cattle	SAMN45128645	WGS	RANDOM	ILLUMINA	NextSeq 2000	PRJNA1102327	cattle
SRR31597020	142318195	480260	24-032624-002	2024	USA	Cattle	SAMN45128644	WGS	RANDOM	ILLUMINA	NextSeq 2000	PRJNA1102327	cattle
SRR31597021	130011497	439852	24-032624-001	2024	USA	Cattle	SAMN45128643	WGS	RANDOM	ILLUMINA	NextSeq 2000	PRJNA1102327	cattle
SRR31597022	117618958	397256	24-032623-003	2024	USA	Cattle	SAMN45128642	WGS	RANDOM	ILLUMINA	NextSeq 2000	PRJNA1102327	cattle
SRR31597024	81368748	275452	24-032623-002	2024	USA	Cattle	SAMN45128641	WGS	RANDOM	ILLUMINA	NextSeq 2000	PRJNA1102327	cattle
SRR31597025	143321161	483544	24-032623-001	2024	USA	Cattle	SAMN45128640	WGS	RANDOM	ILLUMINA	NextSeq 2000	PRJNA1102327	cattle
SRR31597026	6993580	24543	24-032622-002	2024	USA	Cattle	SAMN45128639	WGS	RANDOM	ILLUMINA	NextSeq 2000	PRJNA1102327	cattle
SRR31597027	123413669	418959	24-032622-001	2024	USA	Cattle	SAMN45128638	WGS	RANDOM	ILLUMINA	NextSeq 2000	PRJNA1102327	cattle
SRR31597028	151276471	512209	24-032621-002	2024	USA	Cattle	SAMN45128637	WGS	RANDOM	ILLUMINA	NextSeq 2000	PRJNA1102327	cattle
SRR31597029	102909557	347062	24-032620-002	2024	USA	Cattle	SAMN45128636	WGS	RANDOM	ILLUMINA	NextSeq 2000	PRJNA1102327	cattle
SRR31597030	116276854	391578	24-032620-001	2024	USA	Cattle	SAMN45128635	WGS	RANDOM	ILLUMINA	NextSeq 2000	PRJNA1102327	cattle
SRR31597031	99484338	336636	24-032619-001	2024	USA	Cattle	SAMN45128634	WGS	RANDOM	ILLUMINA	NextSeq 2000	PRJNA1102327	cattle
SRR31597032	156360566	526732	24-032597-004	2024	USA	Cattle	SAMN45128633	WGS	RANDOM	ILLUMINA	NextSeq 2000	PRJNA1102327	cattle
SRR31597033	187691288	631981	24-032597-003	2024	USA	Cattle	SAMN45128632	WGS	RANDOM	ILLUMINA	NextSeq 2000	PRJNA1102327	cattle
SRR31597035	181007021	611142	24-032597-002	2024	USA	Cattle	SAMN45128631	WGS	RANDOM	ILLUMINA	NextSeq 2000	PRJNA1102327	cattle
SRR31597036	196952367	662709	24-032597-001	2024	USA	Cattle	SAMN45128630	WGS	RANDOM	ILLUMINA	NextSeq 2000	PRJNA1102327	cattle
SRR31597037	97972524	331076	24-032576-003	2024	USA	Cattle	SAMN45128629	WGS	RANDOM	ILLUMINA	NextSeq 2000	PRJNA1102327	cattle
SRR31597038	151675950	512603	24-032576-002	2024	USA	Cattle	SAMN45128628	WGS	RANDOM	ILLUMINA	NextSeq 2000	PRJNA1102327	cattle
SRR31597039	155846138	526317	24-032426-001	2024	USA	Cattle	SAMN45128627	WGS	RANDOM	ILLUMINA	NextSeq 2000	PRJNA1102327	cattle
SRR31597040	64107156	216822	24-032425-001	2024	USA	Cattle	SAMN45128626	WGS	RANDOM	ILLUMINA	NextSeq 2000	PRJNA1102327	cattle
SRR31597041	123331471	415370	24-032424-012	2024	USA	Cattle	SAMN45128625	WGS	RANDOM	ILLUMINA	NextSeq 2000	PRJNA1102327	cattle
SRR31597042	123006363	415059	24-032424-011	2024	USA	Cattle	SAMN45128624	WGS	RANDOM	ILLUMINA	NextSeq 2000	PRJNA1102327	cattle
SRR31597075	100590254	341766	24-033015-003	2024	USA	Cattle	SAMN45128734	WGS	RANDOM	ILLUMINA	NextSeq 2000	PRJNA1102327	cattle
SRR31597076	150374353	512273	24-033015-002	2024	USA	Cattle	SAMN45128733	WGS	RANDOM	ILLUMINA	NextSeq 2000	PRJNA1102327	cattle
SRR31597077	150514196	513741	24-033015-001	2024	USA	Cattle	SAMN45128732	WGS	RANDOM	ILLUMINA	NextSeq 2000	PRJNA1102327	cattle
SRR31597078	128002418	432666	24-033014-001	2024	USA	Cattle	SAMN45128731	WGS	RANDOM	ILLUMINA	NextSeq 2000	PRJNA1102327	cattle
SRR31597079	171893659	584085	24-033013-001	2024	USA	Cattle	SAMN45128750	WGS	RANDOM	ILLUMINA	NextSeq 2000	PRJNA1102327	cattle
SRR31597080	135906619	460566	24-033012-001	2024	USA	Cattle	SAMN45128730	WGS	RANDOM	ILLUMINA	NextSeq 2000	PRJNA1102327	cattle
SRR31597081	95558583	328668	24-033011-005	2024	USA	Cattle	SAMN45128749	WGS	RANDOM	ILLUMINA	NextSeq 2000	PRJNA1102327	cattle
SRR31597082	166106359	565062	24-033011-004	2024	USA	Cattle	SAMN45128748	WGS	RANDOM	ILLUMINA	NextSeq 2000	PRJNA1102327	cattle
SRR31597084	138468029	470060	24-033011-003	2024	USA	Cattle	SAMN45128747	WGS	RANDOM	ILLUMINA	NextSeq 2000	PRJNA1102327	cattle
SRR31597085	174295548	593000	24-033011-002	2024	USA	Cattle	SAMN45128746	WGS	RANDOM	ILLUMINA	NextSeq 2000	PRJNA1102327	cattle
SRR31597086	134458572	456806	24-033011-001	2024	USA	Cattle	SAMN45128745	WGS	RANDOM	ILLUMINA	NextSeq 2000	PRJNA1102327	cattle
SRR31597087	120572700	408025	24-033010-001	2024	USA	Cattle	SAMN45128729	WGS	RANDOM	ILLUMINA	NextSeq 2000	PRJNA1102327	cattle
SRR31597088	132857974	451690	24-033008-002	2024	USA	Cattle	SAMN45128728	WGS	RANDOM	ILLUMINA	NextSeq 2000	PRJNA1102327	cattle
SRR31597089	130183618	441726	24-033008-001	2024	USA	Cattle	SAMN45128727	WGS	RANDOM	ILLUMINA	NextSeq 2000	PRJNA1102327	cattle
SRR31597090	155881424	531158	24-033007-004	2024	USA	Cattle	SAMN45128726	WGS	RANDOM	ILLUMINA	NextSeq 2000	PRJNA1102327	cattle
SRR31597091	140453113	479720	24-033007-003	2024	USA	Cattle	SAMN45128725	WGS	RANDOM	ILLUMINA	NextSeq 2000	PRJNA1102327	cattle
SRR31597092	109913173	372066	24-033007-002	2024	USA	Cattle	SAMN45128724	WGS	RANDOM	ILLUMINA	NextSeq 2000	PRJNA1102327	cattle
SRR31597093	138626296	470861	24-033007-001	2024	USA	Cattle	SAMN45128723	WGS	RANDOM	ILLUMINA	NextSeq 2000	PRJNA1102327	cattle
SRR31597095	139290076	475480	24-033005-003	2024	USA	Cattle	SAMN45128720	WGS	RANDOM	ILLUMINA	NextSeq 2000	PRJNA1102327	cattle
SRR31597096	147085286	498690	24-033005-002	2024	USA	Cattle	SAMN45128719	WGS	RANDOM	ILLUMINA	NextSeq 2000	PRJNA1102327	cattle
SRR31597097	160729354	546737	24-033005-001	2024	USA	Cattle	SAMN45128718	WGS	RANDOM	ILLUMINA	NextSeq 2000	PRJNA1102327	cattle
SRR31597098	148127181	504046	24-033004-005	2024	USA	Cattle	SAMN45128717	WGS	RANDOM	ILLUMINA	NextSeq 2000	PRJNA1102327	cattle
SRR31597099	143632114	487871	24-033004-004	2024	USA	Cattle	SAMN45128716	WGS	RANDOM	ILLUMINA	NextSeq 2000	PRJNA1102327	cattle
SRR31597100	151257712	515029	24-033004-003	2024	USA	Cattle	SAMN45128715	WGS	RANDOM	ILLUMINA	NextSeq 2000	PRJNA1102327	cattle
SRR31597101	200149074	683268	24-033004-002	2024	USA	Cattle	SAMN45128714	WGS	RANDOM	ILLUMINA	NextSeq 2000	PRJNA1102327	cattle
SRR31597102	115726295	392800	24-033004-001	2024	USA	Cattle	SAMN45128713	WGS	RANDOM	ILLUMINA	NextSeq 2000	PRJNA1102327	cattle
SRR31597103	137696612	468893	24-033003-003	2024	USA	Cattle	SAMN45128712	WGS	RANDOM	ILLUMINA	NextSeq 2000	PRJNA1102327	cattle
SRR31597104	157002284	532398	24-033003-002	2024	USA	Cattle	SAMN45128711	WGS	RANDOM	ILLUMINA	NextSeq 2000	PRJNA1102327	cattle
SRR31597106	157544410	535701	24-033003-001	2024	USA	Cattle	SAMN45128710	WGS	RANDOM	ILLUMINA	NextSeq 2000	PRJNA1102327	cattle
SRR31597107	165753810	570543	24-033002-001	2024	USA	Cattle	SAMN45128709	WGS	RANDOM	ILLUMINA	NextSeq 2000	PRJNA1102327	cattle
SRR31597108	152449157	518503	24-033001-004	2024	USA	Cattle	SAMN45128708	WGS	RANDOM	ILLUMINA	NextSeq 2000	PRJNA1102327	cattle
SRR31597109	139247944	473567	24-033001-003	2024	USA	Cattle	SAMN45128707	WGS	RANDOM	ILLUMINA	NextSeq 2000	PRJNA1102327	cattle
SRR31597110	112099930	383432	24-033001-002	2024	USA	Cattle	SAMN45128706	WGS	RANDOM	ILLUMINA	NextSeq 2000	PRJNA1102327	cattle
SRR31597111	157523145	536080	24-033001-001	2024	USA	Cattle	SAMN45128705	WGS	RANDOM	ILLUMINA	NextSeq 2000	PRJNA1102327	cattle
SRR31597112	161413211	547921	24-033000-003	2024	USA	Cattle	SAMN45128704	WGS	RANDOM	ILLUMINA	NextSeq 2000	PRJNA1102327	cattle
SRR31597113	144388981	492434	24-033000-002	2024	USA	Cattle	SAMN45128703	WGS	RANDOM	ILLUMINA	NextSeq 2000	PRJNA1102327	cattle
SRR31597114	182204625	621789	24-033000-001	2024	USA	Cattle	SAMN45128702	WGS	RANDOM	ILLUMINA	NextSeq 2000	PRJNA1102327	cattle
SRR31597115	135521807	460546	24-032999-003	2024	USA	Cattle	SAMN45128701	WGS	RANDOM	ILLUMINA	NextSeq 2000	PRJNA1102327	cattle
SRR31597117	139036414	472369	24-032999-002	2024	USA	Cattle	SAMN45128700	WGS	RANDOM	ILLUMINA	NextSeq 2000	PRJNA1102327	cattle
SRR31597118	150029771	510823	24-032999-001	2024	USA	Cattle	SAMN45128699	WGS	RANDOM	ILLUMINA	NextSeq 2000	PRJNA1102327	cattle
SRR31597119	144019690	490911	24-032998-002	2024	USA	Cattle	SAMN45128744	WGS	RANDOM	ILLUMINA	NextSeq 2000	PRJNA1102327	cattle
SRR31597120	131981480	450578	24-032998-001	2024	USA	Cattle	SAMN45128743	WGS	RANDOM	ILLUMINA	NextSeq 2000	PRJNA1102327	cattle
SRR31597121	160467460	544347	24-032996-004	2024	USA	Cattle	SAMN45128698	WGS	RANDOM	ILLUMINA	NextSeq 2000	PRJNA1102327	cattle
SRR31597122	151347317	515173	24-032996-003	2024	USA	Cattle	SAMN45128697	WGS	RANDOM	ILLUMINA	NextSeq 2000	PRJNA1102327	cattle
SRR31597123	140542875	477007	24-032996-002	2024	USA	Cattle	SAMN45128696	WGS	RANDOM	ILLUMINA	NextSeq 2000	PRJNA1102327	cattle
SRR31597124	150880296	510844	24-032996-001	2024	USA	Cattle	SAMN45128695	WGS	RANDOM	ILLUMINA	NextSeq 2000	PRJNA1102327	cattle
SRR31597125	239713097	809759	24-032809-002	2024	USA	Chicken	SAMN45128756	WGS	RANDOM	ILLUMINA	NextSeq 2000	PRJNA1102327	poultry_wildbird
SRR31597126	117600504	396667	24-032809-001	2024	USA	Chicken	SAMN45128755	WGS	RANDOM	ILLUMINA	NextSeq 2000	PRJNA1102327	poultry_wildbird
SRR31597128	96205773	324403	24-032778-002	2024	USA	Cattle	SAMN45128691	WGS	RANDOM	ILLUMINA	NextSeq 2000	PRJNA1102327	cattle
SRR31597129	14945937	51292	24-032778-001	2024	USA	Cattle	SAMN45128690	WGS	RANDOM	ILLUMINA	NextSeq 2000	PRJNA1102327	cattle
SRR31597130	156599647	529437	24-032777-002	2024	USA	Cattle	SAMN45128689	WGS	RANDOM	ILLUMINA	NextSeq 2000	PRJNA1102327	cattle
SRR31597131	129002042	435909	24-032776-001	2024	USA	Cattle	SAMN45128688	WGS	RANDOM	ILLUMINA	NextSeq 2000	PRJNA1102327	cattle
SRR31597132	111366865	376464	24-032775-002	2024	USA	Cattle	SAMN45128687	WGS	RANDOM	ILLUMINA	NextSeq 2000	PRJNA1102327	cattle
SRR31597133	117135780	398095	24-032775-001	2024	USA	Cattle	SAMN45128686	WGS	RANDOM	ILLUMINA	NextSeq 2000	PRJNA1102327	cattle
SRR31597134	167978936	565711	24-032715-001	2024	USA	Cattle	SAMN45128685	WGS	RANDOM	ILLUMINA	NextSeq 2000	PRJNA1102327	cattle
SRR31597135	155726701	524851	24-032712-001	2024	USA	Cattle	SAMN45128684	WGS	RANDOM	ILLUMINA	NextSeq 2000	PRJNA1102327	cattle
SRR31597136	199441738	676070	24-032702-004	2024	USA	Cattle	SAMN45128683	WGS	RANDOM	ILLUMINA	NextSeq 2000	PRJNA1102327	cattle
SRR31597137	194213720	655090	24-032702-001	2024	USA	Cattle	SAMN45128682	WGS	RANDOM	ILLUMINA	NextSeq 2000	PRJNA1102327	cattle
SRR31597182	40038034	138233	24-033876-005	2024	USA	Dove	SAMN45128761	WGS	RANDOM	ILLUMINA	Illumina iSeq 100	PRJNA1102327	other
SRR31597183	35168566	119340	24-033876-004	2024	USA	Duck	SAMN45128760	WGS	RANDOM	ILLUMINA	Illumina iSeq 100	PRJNA1102327	poultry_wildbird
SRR31597184	38627938	131611	24-033876-003	2024	USA	Goose	SAMN45128759	WGS	RANDOM	ILLUMINA	Illumina iSeq 100	PRJNA1102327	poultry_wildbird
SRR31597185	45624896	154806	24-033876-002	2024	USA	Duck	SAMN45128758	WGS	RANDOM	ILLUMINA	Illumina iSeq 100	PRJNA1102327	poultry_wildbird
SRR31597186	37506155	129068	24-033876-001	2024	USA	Duck	SAMN45128757	WGS	RANDOM	ILLUMINA	Illumina iSeq 100	PRJNA1102327	poultry_wildbird
SRR31597187	104650493	354122	24-033172-003	2024	USA	Cattle	SAMN45128742	WGS	RANDOM	ILLUMINA	NextSeq 2000	PRJNA1102327	cattle
SRR31597188	113026276	383080	24-033172-002	2024	USA	Cattle	SAMN45128741	WGS	RANDOM	ILLUMINA	NextSeq 2000	PRJNA1102327	cattle
SRR31597190	132728552	449668	24-033172-001	2024	USA	Cattle	SAMN45128740	WGS	RANDOM	ILLUMINA	NextSeq 2000	PRJNA1102327	cattle
SRR31597191	140964991	479587	24-033171-002	2024	USA	Cattle	SAMN45128722	WGS	RANDOM	ILLUMINA	NextSeq 2000	PRJNA1102327	cattle
SRR31597192	172658406	585132	24-033171-001	2024	USA	Cattle	SAMN45128721	WGS	RANDOM	ILLUMINA	NextSeq 2000	PRJNA1102327	cattle
SRR31597193	130853878	443997	24-033018-003	2024	USA	Cattle	SAMN45128739	WGS	RANDOM	ILLUMINA	NextSeq 2000	PRJNA1102327	cattle
SRR31597194	129245665	437807	24-033018-002	2024	USA	Cattle	SAMN45128738	WGS	RANDOM	ILLUMINA	NextSeq 2000	PRJNA1102327	cattle
SRR31597195	156218116	528420	24-033018-001	2024	USA	Cattle	SAMN45128737	WGS	RANDOM	ILLUMINA	NextSeq 2000	PRJNA1102327	cattle
SRR31597196	98388960	332385	24-033017-001	2024	USA	Cattle	SAMN45128736	WGS	RANDOM	ILLUMINA	NextSeq 2000	PRJNA1102327	cattle
SRR31597197	178188864	607181	24-033016-004	2024	USA	Cattle	SAMN45128754	WGS	RANDOM	ILLUMINA	NextSeq 2000	PRJNA1102327	cattle
SRR31597198	131032450	445001	24-033016-003	2024	USA	Cattle	SAMN45128753	WGS	RANDOM	ILLUMINA	NextSeq 2000	PRJNA1102327	cattle
SRR31597199	152445042	518112	24-033016-002	2024	USA	Cattle	SAMN45128752	WGS	RANDOM	ILLUMINA	NextSeq 2000	PRJNA1102327	cattle
SRR31597201	142084461	483409	24-033016-001	2024	USA	Cattle	SAMN45128751	WGS	RANDOM	ILLUMINA	NextSeq 2000	PRJNA1102327	cattle
SRR31597202	126452537	428807	24-033015-004	2024	USA	Cattle	SAMN45128735	WGS	RANDOM	ILLUMINA	NextSeq 2000	PRJNA1102327	cattle
SRR31347631	114541152	387868	24-031623-002	2024	USA	CATTLE	SAMN44728057	WGS	RANDOM	ILLUMINA	NextSeq 2000	PRJNA1102327	cattle
SRR31347632	88123226	298233	24-031622-009	2024	USA	CATTLE	SAMN44728056	WGS	RANDOM	ILLUMINA	NextSeq 2000	PRJNA1102327	cattle
SRR31347633	69528692	235342	24-031622-008	2024	USA	CATTLE	SAMN44728055	WGS	RANDOM	ILLUMINA	NextSeq 2000	PRJNA1102327	cattle
SRR31347634	86300221	292172	24-031622-006	2024	USA	CATTLE	SAMN44728054	WGS	RANDOM	ILLUMINA	NextSeq 2000	PRJNA1102327	cattle
SRR31347635	63330463	216244	24-031622-005	2024	USA	CATTLE	SAMN44728053	WGS	RANDOM	ILLUMINA	NextSeq 2000	PRJNA1102327	cattle
SRR31347636	83591671	282512	24-031622-004	2024	USA	CATTLE	SAMN44728052	WGS	RANDOM	ILLUMINA	NextSeq 2000	PRJNA1102327	cattle
SRR31347637	80892860	273501	24-031622-003	2024	USA	CATTLE	SAMN44728051	WGS	RANDOM	ILLUMINA	NextSeq 2000	PRJNA1102327	cattle
SRR31347638	92479311	313418	24-031284-009	2024	USA	TURKEY	SAMN44727988	WGS	RANDOM	ILLUMINA	NextSeq 2000	PRJNA1102327	poultry_wildbird
SRR31347639	86679456	293604	24-031622-002	2024	USA	CATTLE	SAMN44728050	WGS	RANDOM	ILLUMINA	NextSeq 2000	PRJNA1102327	cattle
SRR31347640	86919989	293505	24-031622-001	2024	USA	CATTLE	SAMN44728049	WGS	RANDOM	ILLUMINA	NextSeq 2000	PRJNA1102327	cattle
SRR31347641	77400964	262426	24-031620-001	2024	USA	CATTLE	SAMN44728048	WGS	RANDOM	ILLUMINA	NextSeq 2000	PRJNA1102327	cattle
SRR31347642	235657071	809802	24-031619-009	2024	USA	CATTLE	SAMN44728047	WGS	RANDOM	ILLUMINA	NextSeq 2000	PRJNA1102327	cattle
SRR31347643	85384690	289710	24-031619-007	2024	USA	CATTLE	SAMN44728046	WGS	RANDOM	ILLUMINA	NextSeq 2000	PRJNA1102327	cattle
SRR31347644	73999246	250918	24-031619-006	2024	USA	CATTLE	SAMN44728045	WGS	RANDOM	ILLUMINA	NextSeq 2000	PRJNA1102327	cattle
SRR31347645	74729184	254294	24-031619-003	2024	USA	CATTLE	SAMN44728044	WGS	RANDOM	ILLUMINA	NextSeq 2000	PRJNA1102327	cattle
SRR31347646	110314043	374592	24-031619-002	2024	USA	CATTLE	SAMN44728043	WGS	RANDOM	ILLUMINA	NextSeq 2000	PRJNA1102327	cattle
SRR31347647	84932155	287376	24-031607-003	2024	USA	CATTLE	SAMN44728042	WGS	RANDOM	ILLUMINA	NextSeq 2000	PRJNA1102327	cattle
SRR31347648	50918167	172082	24-031607-002	2024	USA	CATTLE	SAMN44728041	WGS	RANDOM	ILLUMINA	NextSeq 2000	PRJNA1102327	cattle
SRR31347649	113353722	385022	24-031284-008	2024	USA	TURKEY	SAMN44727987	WGS	RANDOM	ILLUMINA	NextSeq 2000	PRJNA1102327	poultry_wildbird
SRR31347650	61674756	208203	24-031494-001	2024	USA	CATTLE	SAMN44728040	WGS	RANDOM	ILLUMINA	NextSeq 2000	PRJNA1102327	cattle
SRR31347651	67112732	226770	24-031493-001	2024	USA	CATTLE	SAMN44728039	WGS	RANDOM	ILLUMINA	NextSeq 2000	PRJNA1102327	cattle
SRR31347652	113036989	384074	24-031489-002	2024	USA	CATTLE	SAMN44728038	WGS	RANDOM	ILLUMINA	NextSeq 2000	PRJNA1102327	cattle
SRR31347653	114629539	390455	24-031489-001	2024	USA	CATTLE	SAMN44728037	WGS	RANDOM	ILLUMINA	NextSeq 2000	PRJNA1102327	cattle
SRR31347654	107059947	367496	24-031340-005	2024	USA	CATTLE	SAMN44728036	WGS	RANDOM	ILLUMINA	NextSeq 2000	PRJNA1102327	cattle
SRR31347655	61775260	210899	24-031340-004	2024	USA	CATTLE	SAMN44728035	WGS	RANDOM	ILLUMINA	NextSeq 2000	PRJNA1102327	cattle
SRR31347656	116571860	398542	24-031340-003	2024	USA	CATTLE	SAMN44728034	WGS	RANDOM	ILLUMINA	NextSeq 2000	PRJNA1102327	cattle
SRR31347657	105423224	359363	24-031340-001	2024	USA	CATTLE	SAMN44728033	WGS	RANDOM	ILLUMINA	NextSeq 2000	PRJNA1102327	cattle
SRR31347658	78877609	267013	24-031317-004	2024	USA	CATTLE	SAMN44728032	WGS	RANDOM	ILLUMINA	NextSeq 2000	PRJNA1102327	cattle
SRR31347659	122616520	420163	24-031286-011	2024	USA	CHICKEN	SAMN44728031	WGS	RANDOM	ILLUMINA	NextSeq 2000	PRJNA1102327	poultry_wildbird
SRR31347660	97196629	331597	24-031284-006	2024	USA	TURKEY	SAMN44727986	WGS	RANDOM	ILLUMINA	NextSeq 2000	PRJNA1102327	poultry_wildbird
SRR31347661	96946423	331939	24-031286-010	2024	USA	CHICKEN	SAMN44728030	WGS	RANDOM	ILLUMINA	NextSeq 2000	PRJNA1102327	poultry_wildbird
SRR31347662	91268959	311071	24-031286-009	2024	USA	CHICKEN	SAMN44728029	WGS	RANDOM	ILLUMINA	NextSeq 2000	PRJNA1102327	poultry_wildbird
SRR31347663	184387991	623288	24-032021-001	2024	USA	CATTLE	SAMN44728165	WGS	RANDOM	ILLUMINA	NextSeq 2000	PRJNA1102327	cattle
SRR31347664	163650066	553128	24-032019-001	2024	USA	CATTLE	SAMN44728164	WGS	RANDOM	ILLUMINA	NextSeq 2000	PRJNA1102327	cattle
SRR31347665	110040967	370539	24-032017-001	2024	USA	CATTLE	SAMN44728163	WGS	RANDOM	ILLUMINA	NextSeq 2000	PRJNA1102327	cattle
SRR31347666	114154016	385632	24-032016-003	2024	USA	CATTLE	SAMN44728162	WGS	RANDOM	ILLUMINA	NextSeq 2000	PRJNA1102327	cattle
SRR31347667	101002727	341115	24-032016-002	2024	USA	CATTLE	SAMN44728161	WGS	RANDOM	ILLUMINA	NextSeq 2000	PRJNA1102327	cattle
SRR31347668	56920420	192834	24-031284-022	2024	USA	TURKEY	SAMN44727999	WGS	RANDOM	ILLUMINA	NextSeq 2000	PRJNA1102327	poultry_wildbird
SRR31347669	130065860	439614	24-032016-001	2024	USA	CATTLE	SAMN44728160	WGS	RANDOM	ILLUMINA	NextSeq 2000	PRJNA1102327	cattle
SRR31347670	148953516	504318	24-032057-002	2024	USA	CATTLE	SAMN44728159	WGS	RANDOM	ILLUMINA	NextSeq 2000	PRJNA1102327	cattle
SRR31347671	103601828	349388	24-032054-004	2024	USA	CATTLE	SAMN44728158	WGS	RANDOM	ILLUMINA	NextSeq 2000	PRJNA1102327	cattle
SRR31347672	65388440	220019	24-032054-001	2024	USA	CATTLE	SAMN44728157	WGS	RANDOM	ILLUMINA	NextSeq 2000	PRJNA1102327	cattle
SRR31347673	158692563	539903	24-032050-001	2024	USA	CATTLE	SAMN44728156	WGS	RANDOM	ILLUMINA	NextSeq 2000	PRJNA1102327	cattle
SRR31347674	113092943	382276	24-032048-003	2024	USA	CATTLE	SAMN44728155	WGS	RANDOM	ILLUMINA	NextSeq 2000	PRJNA1102327	cattle
SRR31347675	111431728	375305	24-032048-002	2024	USA	CATTLE	SAMN44728154	WGS	RANDOM	ILLUMINA	NextSeq 2000	PRJNA1102327	cattle
SRR31347676	111589436	376058	24-032048-001	2024	USA	CATTLE	SAMN44728153	WGS	RANDOM	ILLUMINA	NextSeq 2000	PRJNA1102327	cattle
SRR31347677	134194723	453398	24-032046-002	2024	USA	CATTLE	SAMN44728152	WGS	RANDOM	ILLUMINA	NextSeq 2000	PRJNA1102327	cattle
SRR31347678	109279699	368938	24-032046-001	2024	USA	CATTLE	SAMN44728151	WGS	RANDOM	ILLUMINA	NextSeq 2000	PRJNA1102327	cattle
SRR31347679	112054238	381273	24-031284-021	2024	USA	TURKEY	SAMN44727998	WGS	RANDOM	ILLUMINA	NextSeq 2000	PRJNA1102327	poultry_wildbird
SRR31347680	110209107	370853	24-032039-001	2024	USA	CATTLE	SAMN44728150	WGS	RANDOM	ILLUMINA	NextSeq 2000	PRJNA1102327	cattle
SRR31347681	139558114	469694	24-032037-001	2024	USA	CATTLE	SAMN44728149	WGS	RANDOM	ILLUMINA	NextSeq 2000	PRJNA1102327	cattle
SRR31347682	138235114	464800	24-032036-002	2024	USA	CATTLE	SAMN44728148	WGS	RANDOM	ILLUMINA	NextSeq 2000	PRJNA1102327	cattle
SRR31347683	114906518	387042	24-032036-001	2024	USA	CATTLE	SAMN44728147	WGS	RANDOM	ILLUMINA	NextSeq 2000	PRJNA1102327	cattle
SRR31347684	180000633	609481	24-032035-004	2024	USA	CATTLE	SAMN44728146	WGS	RANDOM	ILLUMINA	NextSeq 2000	PRJNA1102327	cattle
SRR31347685	206283711	697588	24-032035-003	2024	USA	CATTLE	SAMN44728145	WGS	RANDOM	ILLUMINA	NextSeq 2000	PRJNA1102327	cattle
SRR31347686	192567344	651107	24-032035-002	2024	USA	CATTLE	SAMN44728144	WGS	RANDOM	ILLUMINA	NextSeq 2000	PRJNA1102327	cattle
SRR31347687	113613119	383924	24-032035-001	2024	USA	CATTLE	SAMN44728143	WGS	RANDOM	ILLUMINA	NextSeq 2000	PRJNA1102327	cattle
SRR31347688	126001462	426258	24-032034-002	2024	USA	CATTLE	SAMN44728142	WGS	RANDOM	ILLUMINA	NextSeq 2000	PRJNA1102327	cattle
SRR31347689	120053967	404605	24-032034-001	2024	USA	CATTLE	SAMN44728141	WGS	RANDOM	ILLUMINA	NextSeq 2000	PRJNA1102327	cattle
SRR31347690	75617209	256356	24-031284-020	2024	USA	TURKEY	SAMN44727997	WGS	RANDOM	ILLUMINA	NextSeq 2000	PRJNA1102327	poultry_wildbird
SRR31347691	110525239	371931	24-032033-001	2024	USA	CATTLE	SAMN44728140	WGS	RANDOM	ILLUMINA	NextSeq 2000	PRJNA1102327	cattle
SRR31347692	138066237	466446	24-032027-005	2024	USA	CATTLE	SAMN44728139	WGS	RANDOM	ILLUMINA	NextSeq 2000	PRJNA1102327	cattle
SRR31347693	24422111	82856	24-032027-004	2024	USA	CATTLE	SAMN44728138	WGS	RANDOM	ILLUMINA	NextSeq 2000	PRJNA1102327	cattle
SRR31347694	90517530	306136	24-032027-003	2024	USA	CATTLE	SAMN44728137	WGS	RANDOM	ILLUMINA	NextSeq 2000	PRJNA1102327	cattle
SRR31347695	19003898	65233	24-031666-016	2024	USA	CHICKEN	SAMN44728080	WGS	RANDOM	ILLUMINA	NextSeq 2000	PRJNA1102327	poultry_wildbird
SRR31347696	70922269	239888	24-031666-015	2024	USA	CHICKEN	SAMN44728079	WGS	RANDOM	ILLUMINA	NextSeq 2000	PRJNA1102327	poultry_wildbird
SRR31347697	81598872	275123	24-031666-014	2024	USA	CHICKEN	SAMN44728078	WGS	RANDOM	ILLUMINA	NextSeq 2000	PRJNA1102327	poultry_wildbird
SRR31347698	88343378	298258	24-031666-013	2024	USA	CHICKEN	SAMN44728077	WGS	RANDOM	ILLUMINA	NextSeq 2000	PRJNA1102327	poultry_wildbird
SRR31347699	64103965	217916	24-031666-012	2024	USA	CHICKEN	SAMN44728076	WGS	RANDOM	ILLUMINA	NextSeq 2000	PRJNA1102327	poultry_wildbird
SRR31347700	72983701	246804	24-031666-011	2024	USA	CHICKEN	SAMN44728075	WGS	RANDOM	ILLUMINA	NextSeq 2000	PRJNA1102327	poultry_wildbird
SRR31347701	64780063	219813	24-031666-010	2024	USA	CHICKEN	SAMN44728074	WGS	RANDOM	ILLUMINA	NextSeq 2000	PRJNA1102327	poultry_wildbird
SRR31347702	74119717	250703	24-031666-009	2024	USA	CHICKEN	SAMN44728073	WGS	RANDOM	ILLUMINA	NextSeq 2000	PRJNA1102327	poultry_wildbird
SRR31347703	69721589	237691	24-031666-008	2024	USA	CHICKEN	SAMN44728072	WGS	RANDOM	ILLUMINA	NextSeq 2000	PRJNA1102327	poultry_wildbird
SRR31347704	65894076	222922	24-031666-007	2024	USA	CHICKEN	SAMN44728071	WGS	RANDOM	ILLUMINA	NextSeq 2000	PRJNA1102327	poultry_wildbird
SRR31347705	90717707	307164	24-031284-011	2024	USA	TURKEY	SAMN44727990	WGS	RANDOM	ILLUMINA	NextSeq 2000	PRJNA1102327	poultry_wildbird
SRR31347706	82964783	281597	24-031666-006	2024	USA	CHICKEN	SAMN44728070	WGS	RANDOM	ILLUMINA	NextSeq 2000	PRJNA1102327	poultry_wildbird
SRR31347707	88659857	300281	24-031666-005	2024	USA	CHICKEN	SAMN44728069	WGS	RANDOM	ILLUMINA	NextSeq 2000	PRJNA1102327	poultry_wildbird
SRR31347708	65048277	221944	24-031666-004	2024	USA	CHICKEN	SAMN44728068	WGS	RANDOM	ILLUMINA	NextSeq 2000	PRJNA1102327	poultry_wildbird
SRR31347709	95624327	325055	24-031663-004	2024	USA	EMU	SAMN44728067	WGS	RANDOM	ILLUMINA	NextSeq 2000	PRJNA1102327	other
SRR31347710	83746330	282340	24-031637-001	2024	USA	CATTLE	SAMN44728066	WGS	RANDOM	ILLUMINA	NextSeq 2000	PRJNA1102327	cattle
SRR31347711	149042091	507607	24-031627-005	2024	USA	CATTLE	SAMN44728065	WGS	RANDOM	ILLUMINA	NextSeq 2000	PRJNA1102327	cattle
SRR31347712	78710231	265305	24-031627-004	2024	USA	CATTLE	SAMN44728064	WGS	RANDOM	ILLUMINA	NextSeq 2000	PRJNA1102327	cattle
SRR31347713	33205100	113160	24-031627-003	2024	USA	CATTLE	SAMN44728063	WGS	RANDOM	ILLUMINA	NextSeq 2000	PRJNA1102327	cattle
SRR31347714	61190380	207150	24-031627-002	2024	USA	CATTLE	SAMN44728062	WGS	RANDOM	ILLUMINA	NextSeq 2000	PRJNA1102327	cattle
SRR31347715	62276845	210717	24-031627-001	2024	USA	CATTLE	SAMN44728061	WGS	RANDOM	ILLUMINA	NextSeq 2000	PRJNA1102327	cattle
SRR31347716	84694746	287238	24-031284-010	2024	USA	TURKEY	SAMN44727989	WGS	RANDOM	ILLUMINA	NextSeq 2000	PRJNA1102327	poultry_wildbird
SRR31347717	67991150	229131	24-031626-005	2024	USA	CATTLE	SAMN44728060	WGS	RANDOM	ILLUMINA	NextSeq 2000	PRJNA1102327	cattle
SRR31347718	80076254	272677	24-031626-004	2024	USA	CATTLE	SAMN44728059	WGS	RANDOM	ILLUMINA	NextSeq 2000	PRJNA1102327	cattle
SRR31347719	94041761	319266	24-031626-001	2024	USA	CATTLE	SAMN44728058	WGS	RANDOM	ILLUMINA	NextSeq 2000	PRJNA1102327	cattle
SRR31347720	202122692	687078	24-032202-001	2024	USA	CATTLE	SAMN44728193	WGS	RANDOM	ILLUMINA	NextSeq 2000	PRJNA1102327	cattle
SRR31347721	19442690	65624	24-032199-001	2024	USA	CATTLE	SAMN44728192	WGS	RANDOM	ILLUMINA	NextSeq 2000	PRJNA1102327	cattle
SRR31347722	33629703	114078	24-032195-003	2024	USA	CATTLE	SAMN44728191	WGS	RANDOM	ILLUMINA	NextSeq 2000	PRJNA1102327	cattle
SRR31347723	75296236	256110	24-031284-025	2024	USA	TURKEY	SAMN44728002	WGS	RANDOM	ILLUMINA	NextSeq 2000	PRJNA1102327	poultry_wildbird
SRR31347724	63820359	216128	24-032195-001	2024	USA	CATTLE	SAMN44728190	WGS	RANDOM	ILLUMINA	NextSeq 2000	PRJNA1102327	cattle
SRR31347725	17854563	60639	24-032188-001	2024	USA	CATTLE	SAMN44728189	WGS	RANDOM	ILLUMINA	NextSeq 2000	PRJNA1102327	cattle
SRR31347726	16410591	55491	24-032056-003	2024	USA	CATTLE	SAMN44728188	WGS	RANDOM	ILLUMINA	NextSeq 2000	PRJNA1102327	cattle
SRR31347727	133859993	454376	24-032056-002	2024	USA	CATTLE	SAMN44728187	WGS	RANDOM	ILLUMINA	NextSeq 2000	PRJNA1102327	cattle
SRR31347728	106240676	361347	24-032056-001	2024	USA	CATTLE	SAMN44728186	WGS	RANDOM	ILLUMINA	NextSeq 2000	PRJNA1102327	cattle
SRR31347729	223786985	763642	24-032049-003	2024	USA	CATTLE	SAMN44728185	WGS	RANDOM	ILLUMINA	NextSeq 2000	PRJNA1102327	cattle
SRR31347730	150009695	508269	24-032049-002	2024	USA	CATTLE	SAMN44728184	WGS	RANDOM	ILLUMINA	NextSeq 2000	PRJNA1102327	cattle
SRR31347731	31998401	108273	24-032049-001	2024	USA	CATTLE	SAMN44728183	WGS	RANDOM	ILLUMINA	NextSeq 2000	PRJNA1102327	cattle
SRR31347732	46006133	156045	24-032045-001	2024	USA	CATTLE	SAMN44728182	WGS	RANDOM	ILLUMINA	NextSeq 2000	PRJNA1102327	cattle
SRR31347733	175223283	595124	24-032042-001	2024	USA	CATTLE	SAMN44728181	WGS	RANDOM	ILLUMINA	NextSeq 2000	PRJNA1102327	cattle
SRR31347734	51653126	175792	24-031284-024	2024	USA	TURKEY	SAMN44728001	WGS	RANDOM	ILLUMINA	NextSeq 2000	PRJNA1102327	poultry_wildbird
SRR31347735	75115511	255200	24-031284-003	2024	USA	TURKEY	SAMN44727983	WGS	RANDOM	ILLUMINA	NextSeq 2000	PRJNA1102327	poultry_wildbird
SRR31347736	187234864	635606	24-032041-001	2024	USA	CATTLE	SAMN44728180	WGS	RANDOM	ILLUMINA	NextSeq 2000	PRJNA1102327	cattle
SRR31347737	21037786	71353	24-032040-004	2024	USA	CATTLE	SAMN44728179	WGS	RANDOM	ILLUMINA	NextSeq 2000	PRJNA1102327	cattle
SRR31347738	23654174	80122	24-032040-001	2024	USA	CATTLE	SAMN44728178	WGS	RANDOM	ILLUMINA	NextSeq 2000	PRJNA1102327	cattle
SRR31347739	318032967	1081591	24-032038-001	2024	USA	CATTLE	SAMN44728177	WGS	RANDOM	ILLUMINA	NextSeq 2000	PRJNA1102327	cattle
SRR31347740	3784184	13188	24-032030-001	2024	USA	CATTLE	SAMN44728176	WGS	RANDOM	ILLUMINA	NextSeq 2000	PRJNA1102327	cattle
SRR31347741	203667077	690021	24-032028-001	2024	USA	CATTLE	SAMN44728175	WGS	RANDOM	ILLUMINA	NextSeq 2000	PRJNA1102327	cattle
SRR31347742	63017742	213144	24-032025-001	2024	USA	CATTLE	SAMN44728174	WGS	RANDOM	ILLUMINA	NextSeq 2000	PRJNA1102327	cattle
SRR31347743	79321748	269066	24-032024-002	2024	USA	CATTLE	SAMN44728173	WGS	RANDOM	ILLUMINA	NextSeq 2000	PRJNA1102327	cattle
SRR31347744	77043727	261520	24-032024-001	2024	USA	CATTLE	SAMN44728172	WGS	RANDOM	ILLUMINA	NextSeq 2000	PRJNA1102327	cattle
SRR31347745	102956596	349667	24-032023-004	2024	USA	CATTLE	SAMN44728171	WGS	RANDOM	ILLUMINA	NextSeq 2000	PRJNA1102327	cattle
SRR31347746	89717753	305073	24-031284-023	2024	USA	TURKEY	SAMN44728000	WGS	RANDOM	ILLUMINA	NextSeq 2000	PRJNA1102327	poultry_wildbird
SRR31347747	121453603	409284	24-032023-003	2024	USA	CATTLE	SAMN44728170	WGS	RANDOM	ILLUMINA	NextSeq 2000	PRJNA1102327	cattle
SRR31347748	166343668	561697	24-032021-005	2024	USA	CATTLE	SAMN44728169	WGS	RANDOM	ILLUMINA	NextSeq 2000	PRJNA1102327	cattle
SRR31347749	141873731	479362	24-032021-004	2024	USA	CATTLE	SAMN44728168	WGS	RANDOM	ILLUMINA	NextSeq 2000	PRJNA1102327	cattle
SRR31347750	173384833	586682	24-032021-003	2024	USA	CATTLE	SAMN44728167	WGS	RANDOM	ILLUMINA	NextSeq 2000	PRJNA1102327	cattle
SRR31347751	226994664	773635	24-032021-002	2024	USA	CATTLE	SAMN44728166	WGS	RANDOM	ILLUMINA	NextSeq 2000	PRJNA1102327	cattle
SRR31347752	154513433	522830	24-032027-002	2024	USA	CATTLE	SAMN44728136	WGS	RANDOM	ILLUMINA	NextSeq 2000	PRJNA1102327	cattle
SRR31347753	127662014	429757	24-032027-001	2024	USA	CATTLE	SAMN44728135	WGS	RANDOM	ILLUMINA	NextSeq 2000	PRJNA1102327	cattle
SRR31347754	126265366	426273	24-032026-004	2024	USA	CATTLE	SAMN44728134	WGS	RANDOM	ILLUMINA	NextSeq 2000	PRJNA1102327	cattle
SRR31347755	141518110	478128	24-032026-003	2024	USA	CATTLE	SAMN44728133	WGS	RANDOM	ILLUMINA	NextSeq 2000	PRJNA1102327	cattle
SRR31347756	119515200	402638	24-032026-002	2024	USA	CATTLE	SAMN44728132	WGS	RANDOM	ILLUMINA	NextSeq 2000	PRJNA1102327	cattle
SRR31347757	170623166	575638	24-032026-001	2024	USA	CATTLE	SAMN44728131	WGS	RANDOM	ILLUMINA	NextSeq 2000	PRJNA1102327	cattle
SRR31347758	95396005	324413	24-031284-019	2024	USA	TURKEY	SAMN44727996	WGS	RANDOM	ILLUMINA	NextSeq 2000	PRJNA1102327	poultry_wildbird
SRR31347759	135021136	454735	24-032022-008	2024	USA	CATTLE	SAMN44728130	WGS	RANDOM	ILLUMINA	NextSeq 2000	PRJNA1102327	cattle
SRR31347760	159771527	538774	24-032022-007	2024	USA	CATTLE	SAMN44728129	WGS	RANDOM	ILLUMINA	NextSeq 2000	PRJNA1102327	cattle
SRR31347761	128582563	433166	24-032022-006	2024	USA	CATTLE	SAMN44728128	WGS	RANDOM	ILLUMINA	NextSeq 2000	PRJNA1102327	cattle
SRR31347762	181224702	612437	24-032022-005	2024	USA	CATTLE	SAMN44728127	WGS	RANDOM	ILLUMINA	NextSeq 2000	PRJNA1102327	cattle
SRR31347763	214842449	725799	24-032022-004	2024	USA	CATTLE	SAMN44728126	WGS	RANDOM	ILLUMINA	NextSeq 2000	PRJNA1102327	cattle
SRR31347764	128609915	433980	24-032022-003	2024	USA	CATTLE	SAMN44728125	WGS	RANDOM	ILLUMINA	NextSeq 2000	PRJNA1102327	cattle
SRR31347765	89509060	301479	24-032022-001	2024	USA	CATTLE	SAMN44728124	WGS	RANDOM	ILLUMINA	NextSeq 2000	PRJNA1102327	cattle
SRR31347766	102262931	344502	24-032013-003	2024	USA	CATTLE	SAMN44728123	WGS	RANDOM	ILLUMINA	NextSeq 2000	PRJNA1102327	cattle
SRR31347767	166508876	563981	24-032013-002	2024	USA	CATTLE	SAMN44728122	WGS	RANDOM	ILLUMINA	NextSeq 2000	PRJNA1102327	cattle
SRR31347768	172806195	584121	24-032013-001	2024	USA	CATTLE	SAMN44728121	WGS	RANDOM	ILLUMINA	NextSeq 2000	PRJNA1102327	cattle
SRR31347769	77698585	263825	24-031284-018	2024	USA	TURKEY	SAMN44727995	WGS	RANDOM	ILLUMINA	NextSeq 2000	PRJNA1102327	poultry_wildbird
SRR31347770	144225857	486510	24-032007-002	2024	USA	CATTLE	SAMN44728120	WGS	RANDOM	ILLUMINA	NextSeq 2000	PRJNA1102327	cattle
SRR31347771	164438465	555789	24-032007-001	2024	USA	CATTLE	SAMN44728119	WGS	RANDOM	ILLUMINA	NextSeq 2000	PRJNA1102327	cattle
SRR31347772	13086029	44678	24-031960-001	2024	USA	CATTLE	SAMN44728118	WGS	RANDOM	ILLUMINA	NextSeq 2000	PRJNA1102327	cattle
SRR31347773	96572421	326054	24-031959-001	2024	USA	CATTLE	SAMN44728117	WGS	RANDOM	ILLUMINA	NextSeq 2000	PRJNA1102327	cattle
SRR31347774	70403473	237172	24-031957-001	2024	USA	CATTLE	SAMN44728116	WGS	RANDOM	ILLUMINA	NextSeq 2000	PRJNA1102327	cattle
SRR31347775	54869977	184956	24-031932-007	2024	USA	CATTLE	SAMN44728115	WGS	RANDOM	ILLUMINA	NextSeq 2000	PRJNA1102327	cattle
SRR31347776	57997038	196947	24-031862-019	2024	USA	CHICKEN	SAMN44728114	WGS	RANDOM	ILLUMINA	NextSeq 2000	PRJNA1102327	poultry_wildbird
SRR31347777	85692310	290103	24-031862-018	2024	USA	CHICKEN	SAMN44728113	WGS	RANDOM	ILLUMINA	NextSeq 2000	PRJNA1102327	poultry_wildbird
SRR31347778	76147102	257168	24-031862-017	2024	USA	CHICKEN	SAMN44728112	WGS	RANDOM	ILLUMINA	NextSeq 2000	PRJNA1102327	poultry_wildbird
SRR31347779	87744380	296949	24-031862-016	2024	USA	CHICKEN	SAMN44728111	WGS	RANDOM	ILLUMINA	NextSeq 2000	PRJNA1102327	poultry_wildbird
SRR31347780	99239120	337022	24-031284-017	2024	USA	TURKEY	SAMN44727994	WGS	RANDOM	ILLUMINA	NextSeq 2000	PRJNA1102327	poultry_wildbird
SRR31347781	103027258	348826	24-031862-015	2024	USA	CHICKEN	SAMN44728110	WGS	RANDOM	ILLUMINA	NextSeq 2000	PRJNA1102327	poultry_wildbird
SRR31347782	101606235	343631	24-031862-014	2024	USA	CHICKEN	SAMN44728109	WGS	RANDOM	ILLUMINA	NextSeq 2000	PRJNA1102327	poultry_wildbird
SRR31347783	97236029	329497	24-031862-013	2024	USA	CHICKEN	SAMN44728108	WGS	RANDOM	ILLUMINA	NextSeq 2000	PRJNA1102327	poultry_wildbird
SRR31347784	137319508	472095	24-031286-008	2024	USA	CHICKEN	SAMN44728028	WGS	RANDOM	ILLUMINA	NextSeq 2000	PRJNA1102327	poultry_wildbird
SRR31347785	86858623	293812	24-031286-007	2024	USA	CHICKEN	SAMN44728027	WGS	RANDOM	ILLUMINA	NextSeq 2000	PRJNA1102327	poultry_wildbird
SRR31347786	105202896	356925	24-031286-006	2024	USA	CHICKEN	SAMN44728026	WGS	RANDOM	ILLUMINA	NextSeq 2000	PRJNA1102327	poultry_wildbird
SRR31347787	92754179	314350	24-031286-005	2024	USA	CHICKEN	SAMN44728025	WGS	RANDOM	ILLUMINA	NextSeq 2000	PRJNA1102327	poultry_wildbird
SRR31347788	93708201	317156	24-031286-004	2024	USA	CHICKEN	SAMN44728024	WGS	RANDOM	ILLUMINA	NextSeq 2000	PRJNA1102327	poultry_wildbird
SRR31347789	108518711	370302	24-031286-003	2024	USA	CHICKEN	SAMN44728023	WGS	RANDOM	ILLUMINA	NextSeq 2000	PRJNA1102327	poultry_wildbird
SRR31347790	82444254	279596	24-031286-001	2024	USA	CHICKEN	SAMN44728022	WGS	RANDOM	ILLUMINA	NextSeq 2000	PRJNA1102327	poultry_wildbird
SRR31347791	115666259	393032	24-031285-015	2024	USA	CHICKEN	SAMN44728021	WGS	RANDOM	ILLUMINA	NextSeq 2000	PRJNA1102327	poultry_wildbird
SRR31347792	98577247	335723	24-031284-005	2024	USA	TURKEY	SAMN44727985	WGS	RANDOM	ILLUMINA	NextSeq 2000	PRJNA1102327	poultry_wildbird
SRR31347793	113369009	387359	24-031285-014	2024	USA	CHICKEN	SAMN44728020	WGS	RANDOM	ILLUMINA	NextSeq 2000	PRJNA1102327	poultry_wildbird
SRR31347794	117161120	401442	24-031285-013	2024	USA	CHICKEN	SAMN44728019	WGS	RANDOM	ILLUMINA	NextSeq 2000	PRJNA1102327	poultry_wildbird
SRR31347795	85300419	289130	24-031285-012	2024	USA	CHICKEN	SAMN44728018	WGS	RANDOM	ILLUMINA	NextSeq 2000	PRJNA1102327	poultry_wildbird
SRR31347796	90175231	305597	24-031285-011	2024	USA	CHICKEN	SAMN44728017	WGS	RANDOM	ILLUMINA	NextSeq 2000	PRJNA1102327	poultry_wildbird
SRR31347797	78771171	266762	24-031285-010	2024	USA	CHICKEN	SAMN44728016	WGS	RANDOM	ILLUMINA	NextSeq 2000	PRJNA1102327	poultry_wildbird
SRR31347798	78287792	265243	24-031285-009	2024	USA	CHICKEN	SAMN44728015	WGS	RANDOM	ILLUMINA	NextSeq 2000	PRJNA1102327	poultry_wildbird
SRR31347799	80183762	273517	24-031285-008	2024	USA	CHICKEN	SAMN44728014	WGS	RANDOM	ILLUMINA	NextSeq 2000	PRJNA1102327	poultry_wildbird
SRR31347800	86871572	294540	24-031285-007	2024	USA	CHICKEN	SAMN44728013	WGS	RANDOM	ILLUMINA	NextSeq 2000	PRJNA1102327	poultry_wildbird
SRR31347801	88166071	299029	24-031285-006	2024	USA	CHICKEN	SAMN44728012	WGS	RANDOM	ILLUMINA	NextSeq 2000	PRJNA1102327	poultry_wildbird
SRR31347802	84592288	287978	24-031285-005	2024	USA	CHICKEN	SAMN44728011	WGS	RANDOM	ILLUMINA	NextSeq 2000	PRJNA1102327	poultry_wildbird
SRR31347803	118208441	405580	24-031284-004	2024	USA	TURKEY	SAMN44727984	WGS	RANDOM	ILLUMINA	NextSeq 2000	PRJNA1102327	poultry_wildbird
SRR31347804	104925309	357611	24-031285-004	2024	USA	CHICKEN	SAMN44728010	WGS	RANDOM	ILLUMINA	NextSeq 2000	PRJNA1102327	poultry_wildbird
SRR31347805	91235530	309673	24-031285-003	2024	USA	CHICKEN	SAMN44728009	WGS	RANDOM	ILLUMINA	NextSeq 2000	PRJNA1102327	poultry_wildbird
SRR31347806	50758868	174091	24-031285-002	2024	USA	CHICKEN	SAMN44728008	WGS	RANDOM	ILLUMINA	NextSeq 2000	PRJNA1102327	poultry_wildbird
SRR31347807	113911639	388000	24-031285-001	2024	USA	CHICKEN	SAMN44728007	WGS	RANDOM	ILLUMINA	NextSeq 2000	PRJNA1102327	poultry_wildbird
SRR31347808	44559599	150258	24-031284-029	2024	USA	TURKEY	SAMN44728006	WGS	RANDOM	ILLUMINA	NextSeq 2000	PRJNA1102327	poultry_wildbird
SRR31347809	59345177	201400	24-031284-028	2024	USA	TURKEY	SAMN44728005	WGS	RANDOM	ILLUMINA	NextSeq 2000	PRJNA1102327	poultry_wildbird
SRR31347810	63116984	213500	24-031284-027	2024	USA	TURKEY	SAMN44728004	WGS	RANDOM	ILLUMINA	NextSeq 2000	PRJNA1102327	poultry_wildbird
SRR31347811	70697955	239505	24-031284-026	2024	USA	TURKEY	SAMN44728003	WGS	RANDOM	ILLUMINA	NextSeq 2000	PRJNA1102327	poultry_wildbird
SRR31347812	422467381	1437557	24-032286-001	2024	USA	CATTLE	SAMN44728197	WGS	RANDOM	ILLUMINA	NextSeq 2000	PRJNA1102327	cattle
SRR31347813	105311473	357034	24-032283-001	2024	USA	CATTLE	SAMN44728196	WGS	RANDOM	ILLUMINA	NextSeq 2000	PRJNA1102327	cattle
SRR31347814	31915911	108632	24-032206-009	2024	USA	CATTLE	SAMN44728195	WGS	RANDOM	ILLUMINA	NextSeq 2000	PRJNA1102327	cattle
SRR31347815	72935580	246992	24-032206-001	2024	USA	CATTLE	SAMN44728194	WGS	RANDOM	ILLUMINA	NextSeq 2000	PRJNA1102327	cattle
SRR31347816	103652084	351774	24-031862-012	2024	USA	CHICKEN	SAMN44728107	WGS	RANDOM	ILLUMINA	NextSeq 2000	PRJNA1102327	poultry_wildbird
SRR31347817	98708135	333575	24-031862-011	2024	USA	CHICKEN	SAMN44728106	WGS	RANDOM	ILLUMINA	NextSeq 2000	PRJNA1102327	poultry_wildbird
SRR31347818	107831530	364750	24-031862-010	2024	USA	CHICKEN	SAMN44728105	WGS	RANDOM	ILLUMINA	NextSeq 2000	PRJNA1102327	poultry_wildbird
SRR31347819	108096743	366228	24-031862-009	2024	USA	CHICKEN	SAMN44728104	WGS	RANDOM	ILLUMINA	NextSeq 2000	PRJNA1102327	poultry_wildbird
SRR31347820	109134351	370828	24-031862-008	2024	USA	CHICKEN	SAMN44728103	WGS	RANDOM	ILLUMINA	NextSeq 2000	PRJNA1102327	poultry_wildbird
SRR31347821	90659096	306838	24-031862-006	2024	USA	CHICKEN	SAMN44728102	WGS	RANDOM	ILLUMINA	NextSeq 2000	PRJNA1102327	poultry_wildbird
SRR31347822	78893770	267524	24-031862-005	2024	USA	CHICKEN	SAMN44728101	WGS	RANDOM	ILLUMINA	NextSeq 2000	PRJNA1102327	poultry_wildbird
SRR31347823	86859963	294761	24-031284-015	2024	USA	TURKEY	SAMN44727993	WGS	RANDOM	ILLUMINA	NextSeq 2000	PRJNA1102327	poultry_wildbird
SRR31347824	74856729	252673	24-031862-004	2024	USA	CHICKEN	SAMN44728100	WGS	RANDOM	ILLUMINA	NextSeq 2000	PRJNA1102327	poultry_wildbird
SRR31347825	86395537	291705	24-031667-007	2024	USA	CHICKEN	SAMN44728099	WGS	RANDOM	ILLUMINA	NextSeq 2000	PRJNA1102327	poultry_wildbird
SRR31347826	98054101	331388	24-031667-006	2024	USA	CHICKEN	SAMN44728098	WGS	RANDOM	ILLUMINA	NextSeq 2000	PRJNA1102327	poultry_wildbird
SRR31347827	98771920	333496	24-031667-005	2024	USA	CHICKEN	SAMN44728097	WGS	RANDOM	ILLUMINA	NextSeq 2000	PRJNA1102327	poultry_wildbird
SRR31347828	109004644	369351	24-031666-032	2024	USA	CHICKEN	SAMN44728096	WGS	RANDOM	ILLUMINA	NextSeq 2000	PRJNA1102327	poultry_wildbird
SRR31347829	99972754	338237	24-031666-031	2024	USA	CHICKEN	SAMN44728095	WGS	RANDOM	ILLUMINA	NextSeq 2000	PRJNA1102327	poultry_wildbird
SRR31347830	107768555	365801	24-031666-030	2024	USA	CHICKEN	SAMN44728094	WGS	RANDOM	ILLUMINA	NextSeq 2000	PRJNA1102327	poultry_wildbird
SRR31347831	97032341	327953	24-031666-029	2024	USA	CHICKEN	SAMN44728093	WGS	RANDOM	ILLUMINA	NextSeq 2000	PRJNA1102327	poultry_wildbird
SRR31347832	84806641	286938	24-031666-028	2024	USA	CHICKEN	SAMN44728092	WGS	RANDOM	ILLUMINA	NextSeq 2000	PRJNA1102327	poultry_wildbird
SRR31347833	67434302	228387	24-031666-027	2024	USA	CHICKEN	SAMN44728091	WGS	RANDOM	ILLUMINA	NextSeq 2000	PRJNA1102327	poultry_wildbird
SRR31347834	99233299	337418	24-031284-014	2024	USA	TURKEY	SAMN44727992	WGS	RANDOM	ILLUMINA	NextSeq 2000	PRJNA1102327	poultry_wildbird
SRR31347835	69672967	235457	24-031666-026	2024	USA	CHICKEN	SAMN44728090	WGS	RANDOM	ILLUMINA	NextSeq 2000	PRJNA1102327	poultry_wildbird
SRR31347836	83957368	283762	24-031666-025	2024	USA	CHICKEN	SAMN44728089	WGS	RANDOM	ILLUMINA	NextSeq 2000	PRJNA1102327	poultry_wildbird
SRR31347837	70520582	237403	24-031666-024	2024	USA	CHICKEN	SAMN44728088	WGS	RANDOM	ILLUMINA	NextSeq 2000	PRJNA1102327	poultry_wildbird
SRR31347838	84549635	285709	24-031666-023	2024	USA	CHICKEN	SAMN44728087	WGS	RANDOM	ILLUMINA	NextSeq 2000	PRJNA1102327	poultry_wildbird
SRR31347839	77902029	263233	24-031666-022	2024	USA	CHICKEN	SAMN44728086	WGS	RANDOM	ILLUMINA	NextSeq 2000	PRJNA1102327	poultry_wildbird
SRR31347840	73886518	250637	24-031666-021	2024	USA	CHICKEN	SAMN44728085	WGS	RANDOM	ILLUMINA	NextSeq 2000	PRJNA1102327	poultry_wildbird
SRR31347841	91632074	309700	24-031666-020	2024	USA	CHICKEN	SAMN44728084	WGS	RANDOM	ILLUMINA	NextSeq 2000	PRJNA1102327	poultry_wildbird
SRR31347842	78893480	266670	24-031666-019	2024	USA	CHICKEN	SAMN44728083	WGS	RANDOM	ILLUMINA	NextSeq 2000	PRJNA1102327	poultry_wildbird
SRR31347843	95103192	322453	24-031666-018	2024	USA	CHICKEN	SAMN44728082	WGS	RANDOM	ILLUMINA	NextSeq 2000	PRJNA1102327	poultry_wildbird
SRR31347844	86308853	292125	24-031666-017	2024	USA	CHICKEN	SAMN44728081	WGS	RANDOM	ILLUMINA	NextSeq 2000	PRJNA1102327	poultry_wildbird
SRR31347845	86023852	291741	24-031284-012	2024	USA	TURKEY	SAMN44727991	WGS	RANDOM	ILLUMINA	NextSeq 2000	PRJNA1102327	poultry_wildbird
SRR31347846	84451161	286400	24-031284-002	2024	USA	TURKEY	SAMN44727982	WGS	RANDOM	ILLUMINA	NextSeq 2000	PRJNA1102327	poultry_wildbird
SRR31347847	97591311	330971	24-031284-001	2024	USA	TURKEY	SAMN44727981	WGS	RANDOM	ILLUMINA	NextSeq 2000	PRJNA1102327	poultry_wildbird
SRR31254280	85353341	292195	24-031863-001	2024	USA	Chicken	SAMN44611679	WGS	RANDOM	ILLUMINA	Illumina iSeq 100	PRJNA1102327	poultry_wildbird
SRR31254281	77054964	262742	24-031862-003	2024	USA	Chicken	SAMN44611678	WGS	RANDOM	ILLUMINA	Illumina iSeq 100	PRJNA1102327	poultry_wildbird
SRR31254282	74807967	255828	24-031862-002	2024	USA	Chicken	SAMN44611677	WGS	RANDOM	ILLUMINA	Illumina iSeq 100	PRJNA1102327	poultry_wildbird
SRR31254283	302632667	1031187	24-031313-004	2024	USA	Cattle	SAMN44611647	WGS	RANDOM	ILLUMINA	NextSeq 2000	PRJNA1102327	cattle
SRR31254284	226717142	770267	24-031313-003	2024	USA	Cattle	SAMN44611646	WGS	RANDOM	ILLUMINA	NextSeq 2000	PRJNA1102327	cattle
SRR31254285	428171731	1458842	24-031313-002	2024	USA	Cattle	SAMN44611645	WGS	RANDOM	ILLUMINA	NextSeq 2000	PRJNA1102327	cattle
SRR31254286	194987020	660654	24-031311-002	2024	USA	Cattle	SAMN44611644	WGS	RANDOM	ILLUMINA	NextSeq 2000	PRJNA1102327	cattle
SRR31254287	206722107	700391	24-031311-001	2024	USA	Cattle	SAMN44611643	WGS	RANDOM	ILLUMINA	NextSeq 2000	PRJNA1102327	cattle
SRR31254288	227369281	769729	24-031310-002	2024	USA	Cattle	SAMN44611642	WGS	RANDOM	ILLUMINA	NextSeq 2000	PRJNA1102327	cattle
SRR31254289	215673411	732618	24-031310-001	2024	USA	Cattle	SAMN44611641	WGS	RANDOM	ILLUMINA	NextSeq 2000	PRJNA1102327	cattle
SRR31254290	116481469	395116	24-030088-001	2024	USA	Cattle	SAMN44611587	WGS	RANDOM	ILLUMINA	NextSeq 2000	PRJNA1102327	cattle
SRR31254291	204644227	693139	24-031309-001	2024	USA	Cattle	SAMN44611640	WGS	RANDOM	ILLUMINA	NextSeq 2000	PRJNA1102327	cattle
SRR31254292	230589523	780232	24-031306-001	2024	USA	Cattle	SAMN44611639	WGS	RANDOM	ILLUMINA	NextSeq 2000	PRJNA1102327	cattle
SRR31254293	63636563	217560	24-031305-003	2024	USA	Cattle	SAMN44611638	WGS	RANDOM	ILLUMINA	NextSeq 2000	PRJNA1102327	cattle
SRR31254294	332523703	1133094	24-031305-001	2024	USA	Cattle	SAMN44611637	WGS	RANDOM	ILLUMINA	NextSeq 2000	PRJNA1102327	cattle
SRR31254295	194803148	657688	24-031294-001	2024	USA	Cattle	SAMN44611636	WGS	RANDOM	ILLUMINA	NextSeq 2000	PRJNA1102327	cattle
SRR31254296	222028605	751700	24-031293-001	2024	USA	Cattle	SAMN44611635	WGS	RANDOM	ILLUMINA	NextSeq 2000	PRJNA1102327	cattle
SRR31254297	169025563	571909	24-031290-001	2024	USA	Cattle	SAMN44611634	WGS	RANDOM	ILLUMINA	NextSeq 2000	PRJNA1102327	cattle
SRR31254298	236098094	798876	24-031280-003	2024	USA	Cattle	SAMN44611633	WGS	RANDOM	ILLUMINA	NextSeq 2000	PRJNA1102327	cattle
SRR31254299	182202686	615077	24-031280-002	2024	USA	Cattle	SAMN44611632	WGS	RANDOM	ILLUMINA	NextSeq 2000	PRJNA1102327	cattle
SRR31254300	220642547	747001	24-031280-001	2024	USA	Cattle	SAMN44611631	WGS	RANDOM	ILLUMINA	NextSeq 2000	PRJNA1102327	cattle
SRR31254301	120476298	407082	24-030086-001	2024	USA	Cattle	SAMN44611586	WGS	RANDOM	ILLUMINA	NextSeq 2000	PRJNA1102327	cattle
SRR31254302	183258281	620381	24-031278-002	2024	USA	Cattle	SAMN44611630	WGS	RANDOM	ILLUMINA	NextSeq 2000	PRJNA1102327	cattle
SRR31254303	274287704	931405	24-031278-001	2024	USA	Cattle	SAMN44611629	WGS	RANDOM	ILLUMINA	NextSeq 2000	PRJNA1102327	cattle
SRR31254304	79651893	270197	24-031166-002	2024	USA	Chicken	SAMN44611628	WGS	RANDOM	ILLUMINA	Illumina iSeq 100	PRJNA1102327	poultry_wildbird
SRR31254305	189147336	678136	24-031166-001	2024	USA	Chicken	SAMN44611627	WGS	RANDOM	ILLUMINA	Illumina iSeq 100	PRJNA1102327	poultry_wildbird
SRR31254306	179495356	606481	24-031165-011	2024	USA	Cattle	SAMN44611626	WGS	RANDOM	ILLUMINA	NextSeq 2000	PRJNA1102327	cattle
SRR31254307	240103418	809308	24-031165-009	2024	USA	Cattle	SAMN44611625	WGS	RANDOM	ILLUMINA	NextSeq 2000	PRJNA1102327	cattle
SRR31254308	248734397	839406	24-031165-008	2024	USA	Cattle	SAMN44611624	WGS	RANDOM	ILLUMINA	NextSeq 2000	PRJNA1102327	cattle
SRR31254309	282428132	955524	24-031162-002	2024	USA	Cattle	SAMN44611623	WGS	RANDOM	ILLUMINA	NextSeq 2000	PRJNA1102327	cattle
SRR31254310	153472399	517816	24-031158-001	2024	USA	Cattle	SAMN44611622	WGS	RANDOM	ILLUMINA	NextSeq 2000	PRJNA1102327	cattle
SRR31254311	199132799	671229	24-031157-001	2024	USA	Cattle	SAMN44611621	WGS	RANDOM	ILLUMINA	NextSeq 2000	PRJNA1102327	cattle
SRR31254312	165462855	562681	24-030034-004	2024	USA	Cattle	SAMN44611585	WGS	RANDOM	ILLUMINA	NextSeq 2000	PRJNA1102327	cattle
SRR31254313	207082725	697822	24-031156-001	2024	USA	Cattle	SAMN44611620	WGS	RANDOM	ILLUMINA	NextSeq 2000	PRJNA1102327	cattle
SRR31254314	114357385	384454	24-031152-001	2024	USA	Cattle	SAMN44611619	WGS	RANDOM	ILLUMINA	NextSeq 2000	PRJNA1102327	cattle
SRR31254315	80839116	276304	24-031862-001	2024	USA	Chicken	SAMN44611676	WGS	RANDOM	ILLUMINA	Illumina iSeq 100	PRJNA1102327	poultry_wildbird
SRR31254316	45996498	157828	24-031667-003	2024	USA	Chicken	SAMN44611675	WGS	RANDOM	ILLUMINA	Illumina iSeq 100	PRJNA1102327	poultry_wildbird
SRR31254317	52792182	181337	24-031667-002	2024	USA	Chicken	SAMN44611674	WGS	RANDOM	ILLUMINA	Illumina iSeq 100	PRJNA1102327	poultry_wildbird
SRR31254318	63527157	217922	24-031667-001	2024	USA	Chicken	SAMN44611673	WGS	RANDOM	ILLUMINA	Illumina iSeq 100	PRJNA1102327	poultry_wildbird
SRR31254319	76242534	261320	24-031666-003	2024	USA	Chicken	SAMN44611672	WGS	RANDOM	ILLUMINA	Illumina iSeq 100	PRJNA1102327	poultry_wildbird
SRR31254320	70489890	241165	24-031666-002	2024	USA	Chicken	SAMN44611671	WGS	RANDOM	ILLUMINA	Illumina iSeq 100	PRJNA1102327	poultry_wildbird
SRR31254321	138297574	468463	24-030167-001	2024	USA	Cattle	SAMN44611590	WGS	RANDOM	ILLUMINA	NextSeq 2000	PRJNA1102327	cattle
SRR31254322	70168840	241117	24-031666-001	2024	USA	Chicken	SAMN44611670	WGS	RANDOM	ILLUMINA	Illumina iSeq 100	PRJNA1102327	poultry_wildbird
SRR31254323	59449909	203754	24-031663-003	2024	USA	Emu	SAMN44611669	WGS	RANDOM	ILLUMINA	Illumina iSeq 100	PRJNA1102327	other
SRR31254324	70664767	242427	24-031663-002	2024	USA	Emu	SAMN44611668	WGS	RANDOM	ILLUMINA	Illumina iSeq 100	PRJNA1102327	other
SRR31254325	73518518	251573	24-031663-001	2024	USA	Emu	SAMN44611667	WGS	RANDOM	ILLUMINA	Illumina iSeq 100	PRJNA1102327	other
SRR31254326	53809790	183473	24-031619-001	2024	USA	Cattle	SAMN44611666	WGS	RANDOM	ILLUMINA	Illumina iSeq 100	PRJNA1102327	cattle
SRR31254327	64893803	222202	24-031618-002	2024	USA	Cattle	SAMN44611665	WGS	RANDOM	ILLUMINA	Illumina iSeq 100	PRJNA1102327	cattle
SRR31254328	40920119	141304	24-031618-001	2024	USA	Cattle	SAMN44611664	WGS	RANDOM	ILLUMINA	Illumina iSeq 100	PRJNA1102327	cattle
SRR31254329	42381189	146071	24-031615-003	2024	USA	Cattle	SAMN44611663	WGS	RANDOM	ILLUMINA	Illumina iSeq 100	PRJNA1102327	cattle
SRR31254330	28261246	97118	24-031615-002	2024	USA	Cattle	SAMN44611662	WGS	RANDOM	ILLUMINA	Illumina iSeq 100	PRJNA1102327	cattle
SRR31254331	48020131	165329	24-031615-001	2024	USA	Cattle	SAMN44611661	WGS	RANDOM	ILLUMINA	Illumina iSeq 100	PRJNA1102327	cattle
SRR31254332	91808669	308745	24-030166-001	2024	USA	Cattle	SAMN44611589	WGS	RANDOM	ILLUMINA	NextSeq 2000	PRJNA1102327	cattle
SRR31254333	179648880	608561	24-031349-002	2024	USA	Cattle	SAMN44611660	WGS	RANDOM	ILLUMINA	NextSeq 2000	PRJNA1102327	cattle
SRR31254334	220393971	747777	24-031349-001	2024	USA	Cattle	SAMN44611659	WGS	RANDOM	ILLUMINA	NextSeq 2000	PRJNA1102327	cattle
SRR31254335	36472294	123392	24-031346-001	2024	USA	Cattle	SAMN44611658	WGS	RANDOM	ILLUMINA	Illumina iSeq 100	PRJNA1102327	cattle
SRR31254336	194233600	658493	24-031334-001	2024	USA	Cattle	SAMN44611657	WGS	RANDOM	ILLUMINA	NextSeq 2000	PRJNA1102327	cattle
SRR31254337	217835160	739908	24-031333-001	2024	USA	Cattle	SAMN44611656	WGS	RANDOM	ILLUMINA	NextSeq 2000	PRJNA1102327	cattle
SRR31254338	236331204	800867	24-031331-001	2024	USA	Cattle	SAMN44611655	WGS	RANDOM	ILLUMINA	NextSeq 2000	PRJNA1102327	cattle
SRR31254339	244612301	827570	24-031330-001	2024	USA	Cattle	SAMN44611654	WGS	RANDOM	ILLUMINA	NextSeq 2000	PRJNA1102327	cattle
SRR31254340	251637770	855848	24-031329-001	2024	USA	Cattle	SAMN44611653	WGS	RANDOM	ILLUMINA	NextSeq 2000	PRJNA1102327	cattle
SRR31254341	313042757	1067817	24-031326-001	2024	USA	Cattle	SAMN44611652	WGS	RANDOM	ILLUMINA	NextSeq 2000	PRJNA1102327	cattle
SRR31254342	232800833	790490	24-031322-001	2024	USA	Cattle	SAMN44611651	WGS	RANDOM	ILLUMINA	NextSeq 2000	PRJNA1102327	cattle
SRR31254343	123091805	415740	24-030165-001	2024	USA	Cattle	SAMN44611588	WGS	RANDOM	ILLUMINA	NextSeq 2000	PRJNA1102327	cattle
SRR31254344	164502251	559343	24-031321-001	2024	USA	Cattle	SAMN44611650	WGS	RANDOM	ILLUMINA	NextSeq 2000	PRJNA1102327	cattle
SRR31254345	187452743	635464	24-031314-004	2024	USA	Cattle	SAMN44611649	WGS	RANDOM	ILLUMINA	NextSeq 2000	PRJNA1102327	cattle
SRR31254346	209158824	709251	24-031314-003	2024	USA	Cattle	SAMN44611648	WGS	RANDOM	ILLUMINA	NextSeq 2000	PRJNA1102327	cattle
SRR31254347	153488653	518184	24-031145-001	2024	USA	Cattle	SAMN44611618	WGS	RANDOM	ILLUMINA	NextSeq 2000	PRJNA1102327	cattle
SRR31254348	186286901	629316	24-031144-003	2024	USA	Cattle	SAMN44611617	WGS	RANDOM	ILLUMINA	NextSeq 2000	PRJNA1102327	cattle
SRR31254349	171880044	579851	24-031144-002	2024	USA	Cattle	SAMN44611616	WGS	RANDOM	ILLUMINA	NextSeq 2000	PRJNA1102327	cattle
SRR31254350	136885653	461378	24-031144-001	2024	USA	Cattle	SAMN44611615	WGS	RANDOM	ILLUMINA	NextSeq 2000	PRJNA1102327	cattle
SRR31254351	174646440	589691	24-031097-002	2024	USA	Cattle	SAMN44611614	WGS	RANDOM	ILLUMINA	NextSeq 2000	PRJNA1102327	cattle
SRR31254352	196795189	663758	24-031097-001	2024	USA	Cattle	SAMN44611613	WGS	RANDOM	ILLUMINA	NextSeq 2000	PRJNA1102327	cattle
SRR31254353	260178594	881283	24-031096-004	2024	USA	Cattle	SAMN44611612	WGS	RANDOM	ILLUMINA	NextSeq 2000	PRJNA1102327	cattle
SRR31254354	293564509	991551	24-031096-003	2024	USA	Cattle	SAMN44611611	WGS	RANDOM	ILLUMINA	NextSeq 2000	PRJNA1102327	cattle
SRR31254355	105767028	356731	24-030034-002	2024	USA	Cattle	SAMN44611584	WGS	RANDOM	ILLUMINA	NextSeq 2000	PRJNA1102327	cattle
SRR31254356	184988454	626919	24-031096-002	2024	USA	Cattle	SAMN44611610	WGS	RANDOM	ILLUMINA	NextSeq 2000	PRJNA1102327	cattle
SRR31254357	209398126	706049	24-031096-001	2024	USA	Cattle	SAMN44611609	WGS	RANDOM	ILLUMINA	NextSeq 2000	PRJNA1102327	cattle
SRR31254358	49495059	168536	24-031085-001	2024	USA	Cattle	SAMN44611608	WGS	RANDOM	ILLUMINA	Illumina iSeq 100	PRJNA1102327	cattle
SRR31254359	78852056	267632	24-031078-001	2024	USA	Chicken	SAMN44611607	WGS	RANDOM	ILLUMINA	Illumina iSeq 100	PRJNA1102327	poultry_wildbird
SRR31254360	31820624	108218	24-030781-001	2024	USA	Cattle	SAMN44611606	WGS	RANDOM	ILLUMINA	Illumina iSeq 100	PRJNA1102327	cattle
SRR31254361	86334431	294099	24-030737-002	2024	USA	Cattle	SAMN44611605	WGS	RANDOM	ILLUMINA	NextSeq 2000	PRJNA1102327	cattle
SRR31254362	104578340	353298	24-030737-001	2024	USA	Cattle	SAMN44611604	WGS	RANDOM	ILLUMINA	NextSeq 2000	PRJNA1102327	cattle
SRR31254363	112047414	378412	24-030734-001	2024	USA	Cattle	SAMN44611603	WGS	RANDOM	ILLUMINA	NextSeq 2000	PRJNA1102327	cattle
SRR31254364	104795689	355357	24-030697-004	2024	USA	Cattle	SAMN44611602	WGS	RANDOM	ILLUMINA	NextSeq 2000	PRJNA1102327	cattle
SRR31254365	108950391	369007	24-030697-002	2024	USA	Cattle	SAMN44611601	WGS	RANDOM	ILLUMINA	NextSeq 2000	PRJNA1102327	cattle
SRR31254366	136744987	462603	24-030034-001	2024	USA	Cattle	SAMN44611583	WGS	RANDOM	ILLUMINA	NextSeq 2000	PRJNA1102327	cattle
SRR31254367	70816011	238523	24-030592-002	2024	USA	Cattle	SAMN44611600	WGS	RANDOM	ILLUMINA	NextSeq 2000	PRJNA1102327	cattle
SRR31254368	141603378	480016	24-030591-001	2024	USA	Cattle	SAMN44611599	WGS	RANDOM	ILLUMINA	NextSeq 2000	PRJNA1102327	cattle
SRR31254369	108697700	368473	24-030587-001	2024	USA	Cattle	SAMN44611598	WGS	RANDOM	ILLUMINA	NextSeq 2000	PRJNA1102327	cattle
SRR31254370	129182965	435975	24-030382-001	2024	USA	Cattle	SAMN44611597	WGS	RANDOM	ILLUMINA	NextSeq 2000	PRJNA1102327	cattle
SRR31254371	100422333	340252	24-030323-001	2024	USA	Cattle	SAMN44611596	WGS	RANDOM	ILLUMINA	NextSeq 2000	PRJNA1102327	cattle
SRR31254372	115737489	390991	24-030322-001	2024	USA	Cattle	SAMN44611595	WGS	RANDOM	ILLUMINA	NextSeq 2000	PRJNA1102327	cattle
SRR31254373	104880923	354260	24-030318-003	2024	USA	Cattle	SAMN44611594	WGS	RANDOM	ILLUMINA	NextSeq 2000	PRJNA1102327	cattle
SRR31254374	84436725	284582	24-030318-002	2024	USA	Cattle	SAMN44611593	WGS	RANDOM	ILLUMINA	NextSeq 2000	PRJNA1102327	cattle
SRR31254375	80443608	272495	24-030318-001	2024	USA	Cattle	SAMN44611592	WGS	RANDOM	ILLUMINA	NextSeq 2000	PRJNA1102327	cattle
SRR31254376	116808108	396587	24-030170-001	2024	USA	Turkey	SAMN44611591	WGS	RANDOM	ILLUMINA	NextSeq 2000	PRJNA1102327	poultry_wildbird
SRR31254377	57825230	196216	24-030033-007	2024	USA	Cattle	SAMN44611582	WGS	RANDOM	ILLUMINA	NextSeq 2000	PRJNA1102327	cattle
SRR31254378	111613432	378509	24-020285-006	2024	USA	Chicken	SAMN44611581	WGS	RANDOM	ILLUMINA	NextSeq 2000	PRJNA1102327	poultry_wildbird
SRR31168525	271946806	919527	24-028987-003	2024	USA	CATTLE	SAMN44492996	WGS	RANDOM	ILLUMINA	NextSeq 2000	PRJNA1102327	cattle
SRR31168526	181970909	619290	24-028987-002	2024	USA	CATTLE	SAMN44492995	WGS	RANDOM	ILLUMINA	NextSeq 2000	PRJNA1102327	cattle
SRR31168527	249443390	848166	24-028987-001	2024	USA	CATTLE	SAMN44492994	WGS	RANDOM	ILLUMINA	NextSeq 2000	PRJNA1102327	cattle
SRR31168528	135812653	460456	24-028986-002	2024	USA	CATTLE	SAMN44492993	WGS	RANDOM	ILLUMINA	NextSeq 2000	PRJNA1102327	cattle
SRR31168529	194613696	664972	24-028983-001	2024	USA	CATTLE	SAMN44492992	WGS	RANDOM	ILLUMINA	NextSeq 2000	PRJNA1102327	cattle
SRR31168530	386439482	1326775	24-028979-002	2024	USA	CATTLE	SAMN44492991	WGS	RANDOM	ILLUMINA	NextSeq 2000	PRJNA1102327	cattle
SRR31168531	323573025	1101848	24-028975-001	2024	USA	CATTLE	SAMN44492990	WGS	RANDOM	ILLUMINA	NextSeq 2000	PRJNA1102327	cattle
SRR31168532	78819969	270745	24-030584-001	2024	USA	CATTLE	SAMN44493012	WGS	RANDOM	ILLUMINA	Illumina iSeq 100	PRJNA1102327	cattle
SRR31168533	50938902	173317	24-030031-002	2024	USA	CATTLE	SAMN44493011	WGS	RANDOM	ILLUMINA	Illumina iSeq 100	PRJNA1102327	cattle
SRR31168534	53069621	180057	24-030031-001	2024	USA	CATTLE	SAMN44493010	WGS	RANDOM	ILLUMINA	Illumina iSeq 100	PRJNA1102327	cattle
SRR31168535	116896777	400563	24-029620-002	2024	USA	CATTLE	SAMN44493009	WGS	RANDOM	ILLUMINA	NextSeq 2000	PRJNA1102327	cattle
SRR31168536	153152451	522064	24-029620-001	2024	USA	CATTLE	SAMN44493008	WGS	RANDOM	ILLUMINA	NextSeq 2000	PRJNA1102327	cattle
SRR31168537	145510106	493781	24-029619-001	2024	USA	CATTLE	SAMN44493007	WGS	RANDOM	ILLUMINA	NextSeq 2000	PRJNA1102327	cattle
SRR31168538	142074332	488608	24-028969-016	2024	USA	CATTLE	SAMN44492989	WGS	RANDOM	ILLUMINA	NextSeq 2000	PRJNA1102327	cattle
SRR31168539	176776501	603153	24-029618-004	2024	USA	CATTLE	SAMN44493006	WGS	RANDOM	ILLUMINA	NextSeq 2000	PRJNA1102327	cattle
SRR31168540	204647666	703463	24-029618-003	2024	USA	CATTLE	SAMN44493005	WGS	RANDOM	ILLUMINA	NextSeq 2000	PRJNA1102327	cattle
SRR31168541	180028473	620582	24-029618-002	2024	USA	CATTLE	SAMN44493004	WGS	RANDOM	ILLUMINA	NextSeq 2000	PRJNA1102327	cattle
SRR31168542	192110146	661347	24-029616-002	2024	USA	CATTLE	SAMN44493003	WGS	RANDOM	ILLUMINA	NextSeq 2000	PRJNA1102327	cattle
SRR31168543	430080594	1451242	24-029616-001	2024	USA	CATTLE	SAMN44493002	WGS	RANDOM	ILLUMINA	NextSeq 2000	PRJNA1102327	cattle
SRR31168544	197504324	673942	24-029613-001	2024	USA	CATTLE	SAMN44493001	WGS	RANDOM	ILLUMINA	NextSeq 2000	PRJNA1102327	cattle
SRR31168545	178895843	613076	24-029612-001	2024	USA	CATTLE	SAMN44493000	WGS	RANDOM	ILLUMINA	NextSeq 2000	PRJNA1102327	cattle
SRR31168546	223468676	765901	24-029610-001	2024	USA	CATTLE	SAMN44492999	WGS	RANDOM	ILLUMINA	NextSeq 2000	PRJNA1102327	cattle
SRR31168547	198445818	679256	24-029606-002	2024	USA	CATTLE	SAMN44492998	WGS	RANDOM	ILLUMINA	NextSeq 2000	PRJNA1102327	cattle
SRR31168548	329928264	1128260	24-028988-001	2024	USA	CATTLE	SAMN44492997	WGS	RANDOM	ILLUMINA	NextSeq 2000	PRJNA1102327	cattle
SRR31168549	333999721	1140670	24-028969-013	2024	USA	CATTLE	SAMN44492988	WGS	RANDOM	ILLUMINA	NextSeq 2000	PRJNA1102327	cattle
SRR31168550	145606386	495270	24-028969-006	2024	USA	CATTLE	SAMN44492987	WGS	RANDOM	ILLUMINA	NextSeq 2000	PRJNA1102327	cattle
SRR31062724	152532384	525966	24-029374-002	2024	USA	CATTLE	SAMN44366287	WGS	RANDOM	ILLUMINA	NextSeq 2000	PRJNA1102327	cattle
SRR31062725	113375333	388968	24-029374-001	2024	USA	CATTLE	SAMN44366286	WGS	RANDOM	ILLUMINA	NextSeq 2000	PRJNA1102327	cattle
SRR31062726	89933353	304343	24-029185-001	2024	USA	CATTLE	SAMN44366285	WGS	RANDOM	ILLUMINA	NextSeq 2000	PRJNA1102327	cattle
SRR31062727	129936875	444665	24-029179-002	2024	USA	CATTLE	SAMN44366284	WGS	RANDOM	ILLUMINA	NextSeq 2000	PRJNA1102327	cattle
SRR31062728	195402172	668029	24-029174-001	2024	USA	CATTLE	SAMN44366283	WGS	RANDOM	ILLUMINA	NextSeq 2000	PRJNA1102327	cattle
SRR31062729	134581251	464976	24-029172-001	2024	USA	CATTLE	SAMN44366282	WGS	RANDOM	ILLUMINA	NextSeq 2000	PRJNA1102327	cattle
SRR31062730	60459615	204607	24-030010-002	2024	USA	CHICKEN	SAMN44366308	WGS	RANDOM	ILLUMINA	Illumina iSeq 100	PRJNA1102327	poultry_wildbird
SRR31062731	120960373	410187	24-029169-001	2024	USA	CATTLE	SAMN44366281	WGS	RANDOM	ILLUMINA	NextSeq 2000	PRJNA1102327	cattle
SRR31062732	53613732	181054	24-030010-001	2024	USA	CHICKEN	SAMN44366307	WGS	RANDOM	ILLUMINA	Illumina iSeq 100	PRJNA1102327	poultry_wildbird
SRR31062733	80724041	273453	24-029904-001	2024	USA	CATTLE	SAMN44366306	WGS	RANDOM	ILLUMINA	Illumina iSeq 100	PRJNA1102327	cattle
SRR31062734	68331278	231989	24-029903-001	2024	USA	CATTLE	SAMN44366305	WGS	RANDOM	ILLUMINA	Illumina iSeq 100	PRJNA1102327	cattle
SRR31062735	77165650	261695	24-029902-001	2024	USA	CATTLE	SAMN44366304	WGS	RANDOM	ILLUMINA	Illumina iSeq 100	PRJNA1102327	cattle
SRR31062736	92216559	313127	24-029900-001	2024	USA	CATTLE	SAMN44366303	WGS	RANDOM	ILLUMINA	Illumina iSeq 100	PRJNA1102327	cattle
SRR31062737	91526507	309800	24-029899-001	2024	USA	CATTLE	SAMN44366302	WGS	RANDOM	ILLUMINA	Illumina iSeq 100	PRJNA1102327	cattle
SRR31062738	87653701	297046	24-029898-001	2024	USA	CATTLE	SAMN44366301	WGS	RANDOM	ILLUMINA	Illumina iSeq 100	PRJNA1102327	cattle
SRR31062739	43906842	150153	24-029895-001	2024	USA	CATTLE	SAMN44366300	WGS	RANDOM	ILLUMINA	Illumina iSeq 100	PRJNA1102327	cattle
SRR31062740	47517775	161147	24-029894-002	2024	USA	CATTLE	SAMN44366299	WGS	RANDOM	ILLUMINA	Illumina iSeq 100	PRJNA1102327	cattle
SRR31062741	44251819	150252	24-029894-001	2024	USA	CATTLE	SAMN44366298	WGS	RANDOM	ILLUMINA	Illumina iSeq 100	PRJNA1102327	cattle
SRR31062742	68001860	229418	24-029166-001	2024	USA	CATTLE	SAMN44366280	WGS	RANDOM	ILLUMINA	NextSeq 2000	PRJNA1102327	cattle
SRR31062743	51451027	177547	24-029893-003	2024	USA	CATTLE	SAMN44366297	WGS	RANDOM	ILLUMINA	Illumina iSeq 100	PRJNA1102327	cattle
SRR31062744	40701158	138393	24-029893-002	2024	USA	CATTLE	SAMN44366296	WGS	RANDOM	ILLUMINA	Illumina iSeq 100	PRJNA1102327	cattle
SRR31062745	49884888	170670	24-029891-001	2024	USA	CATTLE	SAMN44366295	WGS	RANDOM	ILLUMINA	Illumina iSeq 100	PRJNA1102327	cattle
SRR31062746	118980297	406102	24-029379-003	2024	USA	CATTLE	SAMN44366294	WGS	RANDOM	ILLUMINA	NextSeq 2000	PRJNA1102327	cattle
SRR31062747	173701806	603168	24-029379-002	2024	USA	CATTLE	SAMN44366293	WGS	RANDOM	ILLUMINA	NextSeq 2000	PRJNA1102327	cattle
SRR31062748	183256335	633653	24-029379-001	2024	USA	CATTLE	SAMN44366292	WGS	RANDOM	ILLUMINA	NextSeq 2000	PRJNA1102327	cattle
SRR31062749	103591709	352066	24-029374-006	2024	USA	CATTLE	SAMN44366291	WGS	RANDOM	ILLUMINA	NextSeq 2000	PRJNA1102327	cattle
SRR31062750	107036217	365291	24-029374-005	2024	USA	CATTLE	SAMN44366290	WGS	RANDOM	ILLUMINA	NextSeq 2000	PRJNA1102327	cattle
SRR31062751	224406264	789210	24-029374-004	2024	USA	CATTLE	SAMN44366289	WGS	RANDOM	ILLUMINA	NextSeq 2000	PRJNA1102327	cattle
SRR31062752	157874351	546040	24-029374-003	2024	USA	CATTLE	SAMN44366288	WGS	RANDOM	ILLUMINA	NextSeq 2000	PRJNA1102327	cattle
SRR31062753	138784331	473205	24-028243-001	2024	USA	CATTLE	SAMN44366279	WGS	RANDOM	ILLUMINA	NextSeq 2000	PRJNA1102327	cattle
SRR31062754	124287652	423665	24-026219-013	2024	USA	CATTLE	SAMN44366278	WGS	RANDOM	ILLUMINA	NextSeq 2000	PRJNA1102327	cattle
SRR31016521	43227855	147803	24-028356-001	2024	USA	Cattle	SAMN44308622	WGS	RANDOM	ILLUMINA	Illumina iSeq 100	PRJNA1102327	cattle
SRR31016522	46341021	155925	24-027502-001	2024	USA	Cattle	SAMN44308644	WGS	RANDOM	ILLUMINA	NextSeq 2000	PRJNA1102327	cattle
SRR31016523	57485372	193577	24-027497-001	2024	USA	Cattle	SAMN44308643	WGS	RANDOM	ILLUMINA	NextSeq 2000	PRJNA1102327	cattle
SRR31016524	90283734	304519	24-028772-004	2024	USA	Cattle	SAMN44308690	WGS	RANDOM	ILLUMINA	NextSeq 2000	PRJNA1102327	cattle
SRR31016525	106433251	359762	24-028772-003	2024	USA	Cattle	SAMN44308689	WGS	RANDOM	ILLUMINA	NextSeq 2000	PRJNA1102327	cattle
SRR31016526	170408796	575716	24-028772-002	2024	USA	Cattle	SAMN44308688	WGS	RANDOM	ILLUMINA	NextSeq 2000	PRJNA1102327	cattle
SRR31016527	127534631	429918	24-028772-001	2024	USA	Cattle	SAMN44308687	WGS	RANDOM	ILLUMINA	NextSeq 2000	PRJNA1102327	cattle
SRR31016528	120437889	405182	24-028771-001	2024	USA	Cattle	SAMN44308686	WGS	RANDOM	ILLUMINA	NextSeq 2000	PRJNA1102327	cattle
SRR31016529	83992173	282047	24-028770-001	2024	USA	Cattle	SAMN44308685	WGS	RANDOM	ILLUMINA	NextSeq 2000	PRJNA1102327	cattle
SRR31016530	87611343	294741	24-028762-003	2024	USA	Cattle	SAMN44308684	WGS	RANDOM	ILLUMINA	NextSeq 2000	PRJNA1102327	cattle
SRR31016531	65461978	220095	24-028762-002	2024	USA	Cattle	SAMN44308683	WGS	RANDOM	ILLUMINA	NextSeq 2000	PRJNA1102327	cattle
SRR31016532	113455403	382655	24-028762-001	2024	USA	Cattle	SAMN44308682	WGS	RANDOM	ILLUMINA	NextSeq 2000	PRJNA1102327	cattle
SRR31016533	72642187	244752	24-027490-001	2024	USA	Cattle	SAMN44308642	WGS	RANDOM	ILLUMINA	NextSeq 2000	PRJNA1102327	cattle
SRR31016534	132757596	447448	24-028761-003	2024	USA	Cattle	SAMN44308681	WGS	RANDOM	ILLUMINA	NextSeq 2000	PRJNA1102327	cattle
SRR31016535	110124636	370925	24-028761-002	2024	USA	Cattle	SAMN44308680	WGS	RANDOM	ILLUMINA	NextSeq 2000	PRJNA1102327	cattle
SRR31016536	105594404	355205	24-028761-001	2024	USA	Cattle	SAMN44308679	WGS	RANDOM	ILLUMINA	NextSeq 2000	PRJNA1102327	cattle
SRR31016537	104321025	351566	24-028759-003	2024	USA	Cattle	SAMN44308678	WGS	RANDOM	ILLUMINA	NextSeq 2000	PRJNA1102327	cattle
SRR31016538	75614701	254379	24-028759-002	2024	USA	Cattle	SAMN44308677	WGS	RANDOM	ILLUMINA	NextSeq 2000	PRJNA1102327	cattle
SRR31016539	100872265	340162	24-028759-001	2024	USA	Cattle	SAMN44308676	WGS	RANDOM	ILLUMINA	NextSeq 2000	PRJNA1102327	cattle
SRR31016540	81169047	273636	24-028758-003	2024	USA	Cattle	SAMN44308675	WGS	RANDOM	ILLUMINA	NextSeq 2000	PRJNA1102327	cattle
SRR31016541	115181858	387912	24-028757-004	2024	USA	Cattle	SAMN44308674	WGS	RANDOM	ILLUMINA	NextSeq 2000	PRJNA1102327	cattle
SRR31016542	135466316	456511	24-028747-003	2024	USA	Chicken	SAMN44308673	WGS	RANDOM	ILLUMINA	NextSeq 2000	PRJNA1102327	poultry_wildbird
SRR31016543	176898011	596266	24-028747-002	2024	USA	Duck	SAMN44308672	WGS	RANDOM	ILLUMINA	NextSeq 2000	PRJNA1102327	poultry_wildbird
SRR31016544	67519303	227497	24-027489-001	2024	USA	Cattle	SAMN44308641	WGS	RANDOM	ILLUMINA	NextSeq 2000	PRJNA1102327	cattle
SRR31016545	93223437	313680	24-028747-001	2024	USA	Chicken	SAMN44308671	WGS	RANDOM	ILLUMINA	NextSeq 2000	PRJNA1102327	poultry_wildbird
SRR31016546	111087228	375946	24-028538-003	2024	USA	Cattle	SAMN44308647	WGS	RANDOM	ILLUMINA	NextSeq 2000	PRJNA1102327	cattle
SRR31016547	130293317	439916	24-028538-002	2024	USA	Cattle	SAMN44308646	WGS	RANDOM	ILLUMINA	NextSeq 2000	PRJNA1102327	cattle
SRR31016548	85001682	285949	24-028538-001	2024	USA	Cattle	SAMN44308645	WGS	RANDOM	ILLUMINA	NextSeq 2000	PRJNA1102327	cattle
SRR31016549	110956138	374182	24-028537-004	2024	USA	Cattle	SAMN44308670	WGS	RANDOM	ILLUMINA	NextSeq 2000	PRJNA1102327	cattle
SRR31016550	108458722	365789	24-028537-003	2024	USA	Cattle	SAMN44308669	WGS	RANDOM	ILLUMINA	NextSeq 2000	PRJNA1102327	cattle
SRR31016551	102850529	348185	24-028537-001	2024	USA	Cattle	SAMN44308668	WGS	RANDOM	ILLUMINA	NextSeq 2000	PRJNA1102327	cattle
SRR31016552	126401599	426945	24-028536-003	2024	USA	Cattle	SAMN44308667	WGS	RANDOM	ILLUMINA	NextSeq 2000	PRJNA1102327	cattle
SRR31016553	124232448	419886	24-028536-002	2024	USA	Cattle	SAMN44308666	WGS	RANDOM	ILLUMINA	NextSeq 2000	PRJNA1102327	cattle
SRR31016554	75553457	254828	24-028536-001	2024	USA	Cattle	SAMN44308665	WGS	RANDOM	ILLUMINA	NextSeq 2000	PRJNA1102327	cattle
SRR31016555	101003438	340492	24-027478-001	2024	USA	Cattle	SAMN44308637	WGS	RANDOM	ILLUMINA	NextSeq 2000	PRJNA1102327	cattle
SRR31016556	60402129	208695	24-028518-001	2024	USA	Turkey	SAMN44308635	WGS	RANDOM	ILLUMINA	Illumina iSeq 100	PRJNA1102327	poultry_wildbird
SRR31016557	84103398	285113	24-028516-003	2024	USA	Cattle	SAMN44308664	WGS	RANDOM	ILLUMINA	NextSeq 2000	PRJNA1102327	cattle
SRR31016558	90700811	305981	24-028516-002	2024	USA	Cattle	SAMN44308663	WGS	RANDOM	ILLUMINA	NextSeq 2000	PRJNA1102327	cattle
SRR31016559	81000032	272818	24-028516-001	2024	USA	Cattle	SAMN44308662	WGS	RANDOM	ILLUMINA	NextSeq 2000	PRJNA1102327	cattle
SRR31016560	51716599	175967	24-028514-001	2024	USA	Cattle	SAMN44308634	WGS	RANDOM	ILLUMINA	Illumina iSeq 100	PRJNA1102327	cattle
SRR31016561	82539364	280818	24-028512-001	2024	USA	Cattle	SAMN44308633	WGS	RANDOM	ILLUMINA	Illumina iSeq 100	PRJNA1102327	cattle
SRR31016562	55937758	189722	24-028510-003	2024	USA	Cattle	SAMN44308632	WGS	RANDOM	ILLUMINA	Illumina iSeq 100	PRJNA1102327	cattle
SRR31016563	55098805	186212	24-028510-002	2024	USA	Cattle	SAMN44308631	WGS	RANDOM	ILLUMINA	Illumina iSeq 100	PRJNA1102327	cattle
SRR31016564	67308320	227621	24-028508-001	2024	USA	Cattle	SAMN44308630	WGS	RANDOM	ILLUMINA	Illumina iSeq 100	PRJNA1102327	cattle
SRR31016565	111041611	375188	24-028506-001	2024	USA	Cattle	SAMN44308661	WGS	RANDOM	ILLUMINA	NextSeq 2000	PRJNA1102327	cattle
SRR31016566	51923611	174810	24-027477-001	2024	USA	Cattle	SAMN44308640	WGS	RANDOM	ILLUMINA	NextSeq 2000	PRJNA1102327	cattle
SRR31016567	74593368	251891	24-028504-001	2024	USA	Cattle	SAMN44308629	WGS	RANDOM	ILLUMINA	Illumina iSeq 100	PRJNA1102327	cattle
SRR31016568	76965911	262794	24-028502-001	2024	USA	Cattle	SAMN44308628	WGS	RANDOM	ILLUMINA	Illumina iSeq 100	PRJNA1102327	cattle
SRR31016569	80402301	272073	24-028495-001	2024	USA	Cattle	SAMN44308627	WGS	RANDOM	ILLUMINA	Illumina iSeq 100	PRJNA1102327	cattle
SRR31016570	60462807	206022	24-028494-001	2024	USA	Cattle	SAMN44308626	WGS	RANDOM	ILLUMINA	Illumina iSeq 100	PRJNA1102327	cattle
SRR31016571	61627408	208854	24-028491-001	2024	USA	Cattle	SAMN44308625	WGS	RANDOM	ILLUMINA	Illumina iSeq 100	PRJNA1102327	cattle
SRR31016572	91100221	307516	24-028490-004	2024	USA	Cattle	SAMN44308660	WGS	RANDOM	ILLUMINA	NextSeq 2000	PRJNA1102327	cattle
SRR31016573	96485637	325193	24-028490-003	2024	USA	Cattle	SAMN44308659	WGS	RANDOM	ILLUMINA	NextSeq 2000	PRJNA1102327	cattle
SRR31016574	85383831	287776	24-028490-001	2024	USA	Cattle	SAMN44308658	WGS	RANDOM	ILLUMINA	NextSeq 2000	PRJNA1102327	cattle
SRR31016575	112794634	380740	24-028489-010	2024	USA	Cattle	SAMN44308657	WGS	RANDOM	ILLUMINA	NextSeq 2000	PRJNA1102327	cattle
SRR31016576	118225517	399655	24-028489-009	2024	USA	Cattle	SAMN44308656	WGS	RANDOM	ILLUMINA	NextSeq 2000	PRJNA1102327	cattle
SRR31016577	85342619	287886	24-027475-002	2024	USA	Cattle	SAMN44308639	WGS	RANDOM	ILLUMINA	NextSeq 2000	PRJNA1102327	cattle
SRR31016578	108523424	366485	24-028489-008	2024	USA	Cattle	SAMN44308655	WGS	RANDOM	ILLUMINA	NextSeq 2000	PRJNA1102327	cattle
SRR31016579	87666589	295615	24-028489-007	2024	USA	Cattle	SAMN44308654	WGS	RANDOM	ILLUMINA	NextSeq 2000	PRJNA1102327	cattle
SRR31016580	95762212	322440	24-028489-006	2024	USA	Cattle	SAMN44308653	WGS	RANDOM	ILLUMINA	NextSeq 2000	PRJNA1102327	cattle
SRR31016581	86660290	291569	24-028489-005	2024	USA	Cattle	SAMN44308652	WGS	RANDOM	ILLUMINA	NextSeq 2000	PRJNA1102327	cattle
SRR31016582	163680285	552673	24-028489-004	2024	USA	Cattle	SAMN44308651	WGS	RANDOM	ILLUMINA	NextSeq 2000	PRJNA1102327	cattle
SRR31016583	116430323	391766	24-028489-003	2024	USA	Cattle	SAMN44308650	WGS	RANDOM	ILLUMINA	NextSeq 2000	PRJNA1102327	cattle
SRR31016584	80377545	270619	24-028489-002	2024	USA	Cattle	SAMN44308649	WGS	RANDOM	ILLUMINA	NextSeq 2000	PRJNA1102327	cattle
SRR31016585	75515759	254455	24-028489-001	2024	USA	Cattle	SAMN44308648	WGS	RANDOM	ILLUMINA	NextSeq 2000	PRJNA1102327	cattle
SRR31016586	30338738	103089	24-028356-003	2024	USA	Cattle	SAMN44308624	WGS	RANDOM	ILLUMINA	Illumina iSeq 100	PRJNA1102327	cattle
SRR31016587	41905210	142930	24-028356-002	2024	USA	Cattle	SAMN44308623	WGS	RANDOM	ILLUMINA	Illumina iSeq 100	PRJNA1102327	cattle
SRR31016588	71914791	242534	24-027475-001	2024	USA	Cattle	SAMN44308638	WGS	RANDOM	ILLUMINA	NextSeq 2000	PRJNA1102327	cattle
SRR31016589	82996891	279287	24-027459-002	2024	USA	Cattle	SAMN44308636	WGS	RANDOM	ILLUMINA	NextSeq 2000	PRJNA1102327	cattle
SRR30932711	537789495	1819182	24-027653-001	2024	USA	CATTLE	SAMN44102778	WGS	RANDOM	ILLUMINA	NextSeq 2000	PRJNA1102327	cattle
SRR30932712	491344486	1658393	24-027652-001	2024	USA	CATTLE	SAMN44102777	WGS	RANDOM	ILLUMINA	NextSeq 2000	PRJNA1102327	cattle
SRR30932713	549896016	1860973	24-027651-001	2024	USA	CATTLE	SAMN44102776	WGS	RANDOM	ILLUMINA	NextSeq 2000	PRJNA1102327	cattle
SRR30932714	182475113	616461	24-027650-001	2024	USA	CATTLE	SAMN44102775	WGS	RANDOM	ILLUMINA	NextSeq 2000	PRJNA1102327	cattle
SRR30932715	44532988	149967	24-027098-002	2024	USA	CATTLE	SAMN44102774	WGS	RANDOM	ILLUMINA	NextSeq 2000	PRJNA1102327	cattle
SRR30932716	55480495	186578	24-026219-007	2024	USA	CATTLE	SAMN44102773	WGS	RANDOM	ILLUMINA	NextSeq 2000	PRJNA1102327	cattle
SRR30932717	128966704	440190	24-028305-002	2024	USA	TURKEY	SAMN44102808	WGS	RANDOM	ILLUMINA	NextSeq 2000	PRJNA1102327	poultry_wildbird
SRR30932718	131799690	449739	24-028305-001	2024	USA	TURKEY	SAMN44102807	WGS	RANDOM	ILLUMINA	NextSeq 2000	PRJNA1102327	poultry_wildbird
SRR30932719	129416657	438923	24-028248-004	2024	USA	CATTLE	SAMN44102806	WGS	RANDOM	ILLUMINA	NextSeq 2000	PRJNA1102327	cattle
SRR30932720	119409050	404788	24-028248-003	2024	USA	CATTLE	SAMN44102805	WGS	RANDOM	ILLUMINA	NextSeq 2000	PRJNA1102327	cattle
SRR30932721	138227777	467869	24-028248-002	2024	USA	CATTLE	SAMN44102804	WGS	RANDOM	ILLUMINA	NextSeq 2000	PRJNA1102327	cattle
SRR30932722	135349357	459557	24-028248-001	2024	USA	CATTLE	SAMN44102803	WGS	RANDOM	ILLUMINA	NextSeq 2000	PRJNA1102327	cattle
SRR30932723	157250496	551394	24-028247-004	2024	USA	CATTLE	SAMN44102802	WGS	RANDOM	ILLUMINA	NextSeq 2000	PRJNA1102327	cattle
SRR30932724	145231532	500585	24-028247-003	2024	USA	CATTLE	SAMN44102801	WGS	RANDOM	ILLUMINA	NextSeq 2000	PRJNA1102327	cattle
SRR30932725	123198817	417678	24-028247-002	2024	USA	CATTLE	SAMN44102800	WGS	RANDOM	ILLUMINA	NextSeq 2000	PRJNA1102327	cattle
SRR30932726	132338782	447935	24-028247-001	2024	USA	CATTLE	SAMN44102799	WGS	RANDOM	ILLUMINA	NextSeq 2000	PRJNA1102327	cattle
SRR30932727	433119907	1460709	24-026219-003	2024	USA	CATTLE	SAMN44102772	WGS	RANDOM	ILLUMINA	NextSeq 2000	PRJNA1102327	cattle
SRR30932728	106174005	358765	24-028246-001	2024	USA	CATTLE	SAMN44102798	WGS	RANDOM	ILLUMINA	NextSeq 2000	PRJNA1102327	cattle
SRR30932729	139921275	474473	24-028243-004	2024	USA	CATTLE	SAMN44102797	WGS	RANDOM	ILLUMINA	NextSeq 2000	PRJNA1102327	cattle
SRR30932730	117339380	397656	24-028243-002	2024	USA	CATTLE	SAMN44102796	WGS	RANDOM	ILLUMINA	NextSeq 2000	PRJNA1102327	cattle
SRR30932731	114448827	387553	24-028090-001	2024	USA	CATTLE	SAMN44102795	WGS	RANDOM	ILLUMINA	NextSeq 2000	PRJNA1102327	cattle
SRR30932732	35322456	119047	24-027807-003	2024	USA	CATTLE	SAMN44102794	WGS	RANDOM	ILLUMINA	NextSeq 2000	PRJNA1102327	cattle
SRR30932733	28354964	95328	24-027807-002	2024	USA	CATTLE	SAMN44102793	WGS	RANDOM	ILLUMINA	NextSeq 2000	PRJNA1102327	cattle
SRR30932734	836803364	2817809	24-027807-001	2024	USA	CATTLE	SAMN44102792	WGS	RANDOM	ILLUMINA	NextSeq 2000	PRJNA1102327	cattle
SRR30932735	206520370	697249	24-027805-003	2024	USA	CATTLE	SAMN44102791	WGS	RANDOM	ILLUMINA	NextSeq 2000	PRJNA1102327	cattle
SRR30932736	190487781	644056	24-027805-002	2024	USA	CATTLE	SAMN44102790	WGS	RANDOM	ILLUMINA	NextSeq 2000	PRJNA1102327	cattle
SRR30932737	50668806	171236	24-027805-001	2024	USA	CATTLE	SAMN44102789	WGS	RANDOM	ILLUMINA	NextSeq 2000	PRJNA1102327	cattle
SRR30932738	463832149	1566763	24-025996-002	2024	USA	CATTLE	SAMN44102771	WGS	RANDOM	ILLUMINA	NextSeq 2000	PRJNA1102327	cattle
SRR30932739	56459382	190243	24-027665-001	2024	USA	CATTLE	SAMN44102788	WGS	RANDOM	ILLUMINA	NextSeq 2000	PRJNA1102327	cattle
SRR30932740	68358193	230223	24-027664-001	2024	USA	CATTLE	SAMN44102787	WGS	RANDOM	ILLUMINA	NextSeq 2000	PRJNA1102327	cattle
SRR30932741	113681993	384225	24-027662-001	2024	USA	CATTLE	SAMN44102786	WGS	RANDOM	ILLUMINA	NextSeq 2000	PRJNA1102327	cattle
SRR30932742	645010339	2178696	24-027661-001	2024	USA	CATTLE	SAMN44102785	WGS	RANDOM	ILLUMINA	NextSeq 2000	PRJNA1102327	cattle
SRR30932743	140615456	475895	24-027660-001	2024	USA	CATTLE	SAMN44102784	WGS	RANDOM	ILLUMINA	NextSeq 2000	PRJNA1102327	cattle
SRR30932744	70012050	236470	24-027658-001	2024	USA	CATTLE	SAMN44102783	WGS	RANDOM	ILLUMINA	NextSeq 2000	PRJNA1102327	cattle
SRR30932745	84251861	284065	24-027657-001	2024	USA	CATTLE	SAMN44102782	WGS	RANDOM	ILLUMINA	NextSeq 2000	PRJNA1102327	cattle
SRR30932746	64708722	217760	24-027656-001	2024	USA	CATTLE	SAMN44102781	WGS	RANDOM	ILLUMINA	NextSeq 2000	PRJNA1102327	cattle
SRR30932747	57892167	195685	24-027655-001	2024	USA	CATTLE	SAMN44102780	WGS	RANDOM	ILLUMINA	NextSeq 2000	PRJNA1102327	cattle
SRR30932748	64083262	216799	24-027654-001	2024	USA	CATTLE	SAMN44102779	WGS	RANDOM	ILLUMINA	NextSeq 2000	PRJNA1102327	cattle
SRR30932749	228840730	771312	24-025996-001	2024	USA	CATTLE	SAMN44102770	WGS	RANDOM	ILLUMINA	NextSeq 2000	PRJNA1102327	cattle
SRR30932750	138621249	466281	24-025992-001	2024	USA	CATTLE	SAMN44102769	WGS	RANDOM	ILLUMINA	NextSeq 2000	PRJNA1102327	cattle
SRR30932418	330954352	1148556	24-027494-001	2024	USA	Cattle	SAMN44021916	WGS	RANDOM	ILLUMINA	NextSeq 2000	PRJNA1102327	cattle
SRR30932419	208461578	715248	24-027472-001	2024	USA	Cattle	SAMN44021915	WGS	RANDOM	ILLUMINA	NextSeq 2000	PRJNA1102327	cattle
SRR30932420	257839251	879218	24-027459-001	2024	USA	Cattle	SAMN44021914	WGS	RANDOM	ILLUMINA	NextSeq 2000	PRJNA1102327	cattle
SRR30932421	170319483	580865	24-027100-004	2024	USA	Cattle	SAMN44021913	WGS	RANDOM	ILLUMINA	NextSeq 2000	PRJNA1102327	cattle
SRR30932422	239494530	816337	24-027100-003	2024	USA	Cattle	SAMN44021912	WGS	RANDOM	ILLUMINA	NextSeq 2000	PRJNA1102327	cattle
SRR30932423	142578290	482264	24-026980-001	2024	USA	Cattle	SAMN44021911	WGS	RANDOM	ILLUMINA	NextSeq 2000	PRJNA1102327	cattle
SRR30932424	105139489	354808	24-024238-001	2024	USA	Cattle	SAMN44021910	WGS	RANDOM	ILLUMINA	NextSeq 2000	PRJNA1102327	cattle
SRR30932425	114376446	392218	24-023669-001	2024	USA	Cattle	SAMN44021909	WGS	RANDOM	ILLUMINA	NextSeq 2000	PRJNA1102327	cattle
SRR30811247	108323710	367570	24-024947-001	2024	USA	CATTLE	SAMN43929807	WGS	RANDOM	ILLUMINA	NextSeq 2000	PRJNA1102327	cattle
SRR30811248	71447998	242209	24-027102-002	2024	USA	CATTLE	SAMN43929879	WGS	RANDOM	ILLUMINA	Illumina iSeq 100	PRJNA1102327	cattle
SRR30811249	58909536	200183	24-027102-001	2024	USA	CATTLE	SAMN43929878	WGS	RANDOM	ILLUMINA	Illumina iSeq 100	PRJNA1102327	cattle
SRR30811250	176760205	600238	24-024946-001	2024	USA	CATTLE	SAMN43929806	WGS	RANDOM	ILLUMINA	NextSeq 2000	PRJNA1102327	cattle
SRR30811251	52811450	178861	24-027101-001	2024	USA	CATTLE	SAMN43929877	WGS	RANDOM	ILLUMINA	Illumina iSeq 100	PRJNA1102327	cattle
SRR30811252	38103160	129246	24-027100-002	2024	USA	CATTLE	SAMN43929876	WGS	RANDOM	ILLUMINA	Illumina iSeq 100	PRJNA1102327	cattle
SRR30811253	32319770	109926	24-027100-001	2024	USA	CATTLE	SAMN43929875	WGS	RANDOM	ILLUMINA	Illumina iSeq 100	PRJNA1102327	cattle
SRR30811254	46859094	161044	24-027097-003	2024	USA	CATTLE	SAMN43929874	WGS	RANDOM	ILLUMINA	Illumina iSeq 100	PRJNA1102327	cattle
SRR30811255	38120873	129827	24-027097-002	2024	USA	CATTLE	SAMN43929873	WGS	RANDOM	ILLUMINA	Illumina iSeq 100	PRJNA1102327	cattle
SRR30811256	68921385	233504	24-027097-001	2024	USA	CATTLE	SAMN43929872	WGS	RANDOM	ILLUMINA	Illumina iSeq 100	PRJNA1102327	cattle
SRR30811257	45393550	154105	24-027096-002	2024	USA	CATTLE	SAMN43929871	WGS	RANDOM	ILLUMINA	Illumina iSeq 100	PRJNA1102327	cattle
SRR30811258	70222207	237867	24-027092-001	2024	USA	CATTLE	SAMN43929870	WGS	RANDOM	ILLUMINA	Illumina iSeq 100	PRJNA1102327	cattle
SRR30811259	60263681	205152	24-027086-004	2024	USA	TURKEY	SAMN43929869	WGS	RANDOM	ILLUMINA	Illumina iSeq 100	PRJNA1102327	poultry_wildbird
SRR30811260	52597383	179734	24-027086-003	2024	USA	TURKEY	SAMN43929868	WGS	RANDOM	ILLUMINA	Illumina iSeq 100	PRJNA1102327	poultry_wildbird
SRR30811261	215240638	751239	24-024945-001	2024	USA	CATTLE	SAMN43929805	WGS	RANDOM	ILLUMINA	NextSeq 2000	PRJNA1102327	cattle
SRR30811262	49621362	169195	24-027086-002	2024	USA	TURKEY	SAMN43929867	WGS	RANDOM	ILLUMINA	Illumina iSeq 100	PRJNA1102327	poultry_wildbird
SRR30811263	31391072	108035	24-027086-001	2024	USA	TURKEY	SAMN43929866	WGS	RANDOM	ILLUMINA	Illumina iSeq 100	PRJNA1102327	poultry_wildbird
SRR30811264	75841410	254745	24-026566-001	2024	USA	CATTLE	SAMN43929865	WGS	RANDOM	ILLUMINA	NextSeq 2000	PRJNA1102327	cattle
SRR30811265	71811022	242985	24-026564-001	2024	USA	CATTLE	SAMN43929864	WGS	RANDOM	ILLUMINA	NextSeq 2000	PRJNA1102327	cattle
SRR30811266	62956776	212388	24-026563-002	2024	USA	CATTLE	SAMN43929863	WGS	RANDOM	ILLUMINA	NextSeq 2000	PRJNA1102327	cattle
SRR30811267	90209291	303762	24-026563-001	2024	USA	CATTLE	SAMN43929862	WGS	RANDOM	ILLUMINA	NextSeq 2000	PRJNA1102327	cattle
SRR30811268	97841870	329935	24-026562-002	2024	USA	CATTLE	SAMN43929861	WGS	RANDOM	ILLUMINA	NextSeq 2000	PRJNA1102327	cattle
SRR30811269	85925434	290072	24-026562-001	2024	USA	CATTLE	SAMN43929860	WGS	RANDOM	ILLUMINA	NextSeq 2000	PRJNA1102327	cattle
SRR30811270	120989732	407720	24-026560-004	2024	USA	CATTLE	SAMN43929859	WGS	RANDOM	ILLUMINA	NextSeq 2000	PRJNA1102327	cattle
SRR30811271	146664082	494574	24-026560-003	2024	USA	CATTLE	SAMN43929858	WGS	RANDOM	ILLUMINA	NextSeq 2000	PRJNA1102327	cattle
SRR30811272	61337139	207501	24-023571-001	2024	USA	CATTLE	SAMN43929804	WGS	RANDOM	ILLUMINA	NextSeq 2000	PRJNA1102327	cattle
SRR30811273	107757604	363282	24-026560-002	2024	USA	CATTLE	SAMN43929857	WGS	RANDOM	ILLUMINA	NextSeq 2000	PRJNA1102327	cattle
SRR30811274	120771212	406918	24-026560-001	2024	USA	CATTLE	SAMN43929856	WGS	RANDOM	ILLUMINA	NextSeq 2000	PRJNA1102327	cattle
SRR30811275	91320189	307331	24-026553-001	2024	USA	CATTLE	SAMN43929855	WGS	RANDOM	ILLUMINA	NextSeq 2000	PRJNA1102327	cattle
SRR30811276	107179828	362249	24-026550-001	2024	USA	CATTLE	SAMN43929854	WGS	RANDOM	ILLUMINA	NextSeq 2000	PRJNA1102327	cattle
SRR30811277	509084864	1729593	24-026360-017	2024	USA	CATTLE	SAMN43929853	WGS	RANDOM	ILLUMINA	NextSeq 2000	PRJNA1102327	cattle
SRR30811278	542545710	1852744	24-026360-014	2024	USA	CATTLE	SAMN43929852	WGS	RANDOM	ILLUMINA	NextSeq 2000	PRJNA1102327	cattle
SRR30811279	705040023	2432870	24-026360-013	2024	USA	CATTLE	SAMN43929851	WGS	RANDOM	ILLUMINA	NextSeq 2000	PRJNA1102327	cattle
SRR30811280	207092273	699758	24-026360-011	2024	USA	CATTLE	SAMN43929850	WGS	RANDOM	ILLUMINA	NextSeq 2000	PRJNA1102327	cattle
SRR30811281	223961221	754973	24-026360-010	2024	USA	CATTLE	SAMN43929849	WGS	RANDOM	ILLUMINA	NextSeq 2000	PRJNA1102327	cattle
SRR30811282	130495663	442338	24-026360-009	2024	USA	CATTLE	SAMN43929848	WGS	RANDOM	ILLUMINA	NextSeq 2000	PRJNA1102327	cattle
SRR30811283	160105461	541832	24-023569-001	2024	USA	CATTLE	SAMN43929803	WGS	RANDOM	ILLUMINA	NextSeq 2000	PRJNA1102327	cattle
SRR30811284	185118638	627924	24-026360-008	2024	USA	CATTLE	SAMN43929847	WGS	RANDOM	ILLUMINA	NextSeq 2000	PRJNA1102327	cattle
SRR30811285	178689403	604046	24-026360-007	2024	USA	CATTLE	SAMN43929846	WGS	RANDOM	ILLUMINA	NextSeq 2000	PRJNA1102327	cattle
SRR30811286	187200822	637084	24-026360-005	2024	USA	CATTLE	SAMN43929845	WGS	RANDOM	ILLUMINA	NextSeq 2000	PRJNA1102327	cattle
SRR30811287	307127188	1037786	24-026360-004	2024	USA	CATTLE	SAMN43929844	WGS	RANDOM	ILLUMINA	NextSeq 2000	PRJNA1102327	cattle
SRR30811288	185998072	625539	24-026360-003	2024	USA	CATTLE	SAMN43929843	WGS	RANDOM	ILLUMINA	NextSeq 2000	PRJNA1102327	cattle
SRR30811289	302455338	1020421	24-026360-002	2024	USA	CATTLE	SAMN43929842	WGS	RANDOM	ILLUMINA	NextSeq 2000	PRJNA1102327	cattle
SRR30811290	263911227	892943	24-026360-001	2024	USA	CATTLE	SAMN43929841	WGS	RANDOM	ILLUMINA	NextSeq 2000	PRJNA1102327	cattle
SRR30811291	249849052	848845	24-026219-010	2024	USA	CATTLE	SAMN43929840	WGS	RANDOM	ILLUMINA	NextSeq 2000	PRJNA1102327	cattle
SRR30811292	264672231	892876	24-026219-009	2024	USA	CATTLE	SAMN43929839	WGS	RANDOM	ILLUMINA	NextSeq 2000	PRJNA1102327	cattle
SRR30811293	300452242	1013356	24-026219-006	2024	USA	CATTLE	SAMN43929838	WGS	RANDOM	ILLUMINA	NextSeq 2000	PRJNA1102327	cattle
SRR30811294	137350265	466923	24-023564-001	2024	USA	CATTLE	SAMN43929802	WGS	RANDOM	ILLUMINA	NextSeq 2000	PRJNA1102327	cattle
SRR30811295	247978351	837298	24-026219-005	2024	USA	CATTLE	SAMN43929837	WGS	RANDOM	ILLUMINA	NextSeq 2000	PRJNA1102327	cattle
SRR30811296	202345975	681654	24-026219-004	2024	USA	CATTLE	SAMN43929836	WGS	RANDOM	ILLUMINA	NextSeq 2000	PRJNA1102327	cattle
SRR30811297	224493136	756414	24-025996-003	2024	USA	CATTLE	SAMN43929835	WGS	RANDOM	ILLUMINA	NextSeq 2000	PRJNA1102327	cattle
SRR30811298	200345871	680618	24-025992-004	2024	USA	CATTLE	SAMN43929834	WGS	RANDOM	ILLUMINA	NextSeq 2000	PRJNA1102327	cattle
SRR30811299	220093939	742145	24-025992-003	2024	USA	CATTLE	SAMN43929833	WGS	RANDOM	ILLUMINA	NextSeq 2000	PRJNA1102327	cattle
SRR30811300	130093278	442564	24-025992-002	2024	USA	CATTLE	SAMN43929832	WGS	RANDOM	ILLUMINA	NextSeq 2000	PRJNA1102327	cattle
SRR30811301	133104266	456136	24-025751-003	2024	USA	CATTLE	SAMN43929831	WGS	RANDOM	ILLUMINA	NextSeq 2000	PRJNA1102327	cattle
SRR30811302	115273359	394066	24-025751-002	2024	USA	CATTLE	SAMN43929830	WGS	RANDOM	ILLUMINA	NextSeq 2000	PRJNA1102327	cattle
SRR30811303	114948904	392502	24-025749-001	2024	USA	CATTLE	SAMN43929829	WGS	RANDOM	ILLUMINA	NextSeq 2000	PRJNA1102327	cattle
SRR30811304	128571067	440851	24-025748-003	2024	USA	CATTLE	SAMN43929828	WGS	RANDOM	ILLUMINA	NextSeq 2000	PRJNA1102327	cattle
SRR30811305	150426467	509685	24-024710-004	2024	USA	CATTLE	SAMN43929801	WGS	RANDOM	ILLUMINA	NextSeq 2000	PRJNA1102327	cattle
SRR30811306	168583082	576078	24-025748-002	2024	USA	CATTLE	SAMN43929827	WGS	RANDOM	ILLUMINA	NextSeq 2000	PRJNA1102327	cattle
SRR30811307	119041170	406899	24-025748-001	2024	USA	CATTLE	SAMN43929826	WGS	RANDOM	ILLUMINA	NextSeq 2000	PRJNA1102327	cattle
SRR30811308	132480955	452106	24-025747-008	2024	USA	CATTLE	SAMN43929825	WGS	RANDOM	ILLUMINA	NextSeq 2000	PRJNA1102327	cattle
SRR30811309	129002514	442379	24-025747-007	2024	USA	CATTLE	SAMN43929824	WGS	RANDOM	ILLUMINA	NextSeq 2000	PRJNA1102327	cattle
SRR30811310	152908578	522414	24-025747-006	2024	USA	CATTLE	SAMN43929823	WGS	RANDOM	ILLUMINA	NextSeq 2000	PRJNA1102327	cattle
SRR30811311	154280555	526753	24-025747-005	2024	USA	CATTLE	SAMN43929822	WGS	RANDOM	ILLUMINA	NextSeq 2000	PRJNA1102327	cattle
SRR30811312	157250216	536036	24-025747-004	2024	USA	CATTLE	SAMN43929821	WGS	RANDOM	ILLUMINA	NextSeq 2000	PRJNA1102327	cattle
SRR30811313	111557683	382678	24-025747-003	2024	USA	CATTLE	SAMN43929820	WGS	RANDOM	ILLUMINA	NextSeq 2000	PRJNA1102327	cattle
SRR30811314	102667472	352055	24-025747-002	2024	USA	CATTLE	SAMN43929819	WGS	RANDOM	ILLUMINA	NextSeq 2000	PRJNA1102327	cattle
SRR30811315	203979798	698328	24-025747-001	2024	USA	CATTLE	SAMN43929818	WGS	RANDOM	ILLUMINA	NextSeq 2000	PRJNA1102327	cattle
SRR30811316	179249278	607857	24-024710-002	2024	USA	CATTLE	SAMN43929800	WGS	RANDOM	ILLUMINA	NextSeq 2000	PRJNA1102327	cattle
SRR30811317	169783424	580615	24-025746-004	2024	USA	CATTLE	SAMN43929817	WGS	RANDOM	ILLUMINA	NextSeq 2000	PRJNA1102327	cattle
SRR30811318	129150220	441841	24-025746-002	2024	USA	CATTLE	SAMN43929816	WGS	RANDOM	ILLUMINA	NextSeq 2000	PRJNA1102327	cattle
SRR30811319	95266111	325278	24-025746-001	2024	USA	CATTLE	SAMN43929815	WGS	RANDOM	ILLUMINA	NextSeq 2000	PRJNA1102327	cattle
SRR30811320	104632902	355890	24-025576-001	2024	USA	CATTLE	SAMN43929814	WGS	RANDOM	ILLUMINA	NextSeq 2000	PRJNA1102327	cattle
SRR30811321	118024949	401343	24-025575-001	2024	USA	CATTLE	SAMN43929813	WGS	RANDOM	ILLUMINA	NextSeq 2000	PRJNA1102327	cattle
SRR30811322	110529407	376768	24-025573-001	2024	USA	CATTLE	SAMN43929812	WGS	RANDOM	ILLUMINA	NextSeq 2000	PRJNA1102327	cattle
SRR30811323	205169195	700193	24-025091-002	2024	USA	CATTLE	SAMN43929811	WGS	RANDOM	ILLUMINA	NextSeq 2000	PRJNA1102327	cattle
SRR30811324	189044487	641104	24-025091-001	2024	USA	CATTLE	SAMN43929810	WGS	RANDOM	ILLUMINA	NextSeq 2000	PRJNA1102327	cattle
SRR30811325	130818553	442594	24-024949-001	2024	USA	CATTLE	SAMN43929809	WGS	RANDOM	ILLUMINA	NextSeq 2000	PRJNA1102327	cattle
SRR30811326	152707312	517695	24-024948-001	2024	USA	CATTLE	SAMN43929808	WGS	RANDOM	ILLUMINA	NextSeq 2000	PRJNA1102327	cattle
SRR30811327	93501872	317077	24-023570-001	2024	USA	CATTLE	SAMN43929799	WGS	RANDOM	ILLUMINA	NextSeq 2000	PRJNA1102327	cattle
SRR30811328	129724602	440265	24-023561-001	2024	USA	CATTLE	SAMN43929798	WGS	RANDOM	ILLUMINA	NextSeq 2000	PRJNA1102327	cattle
SRR30633346	171682839	340887	24-024698-002	2024	USA	Cattle	SAMN43571172	WGS	RANDOM	ILLUMINA	NextSeq 2000	PRJNA1102327	cattle
SRR30633347	151683551	314715	24-024240-001	2024	USA	Cattle	SAMN43571171	WGS	RANDOM	ILLUMINA	NextSeq 2000	PRJNA1102327	cattle
SRR30572416	225491873	769627	24-023930-012-original	2024	USA	Cattle	SAMN43495126	WGS	RANDOM	ILLUMINA	NextSeq 2000	PRJNA1102327	cattle
SRR30572417	105845509	361701	24-023930-011-original	2024	USA	Cattle	SAMN43495125	WGS	RANDOM	ILLUMINA	NextSeq 2000	PRJNA1102327	cattle
SRR30572418	126525464	430834	24-023930-010-original	2024	USA	Cattle	SAMN43495124	WGS	RANDOM	ILLUMINA	NextSeq 2000	PRJNA1102327	cattle
SRR30572419	123694982	422817	24-023930-007-original	2024	USA	Cattle	SAMN43495123	WGS	RANDOM	ILLUMINA	NextSeq 2000	PRJNA1102327	cattle
SRR30572420	113740362	388553	24-023930-006-original	2024	USA	Cattle	SAMN43495122	WGS	RANDOM	ILLUMINA	NextSeq 2000	PRJNA1102327	cattle
SRR30572421	99137576	337741	24-023930-005-original	2024	USA	Cattle	SAMN43495121	WGS	RANDOM	ILLUMINA	NextSeq 2000	PRJNA1102327	cattle
SRR30572422	171313329	583231	24-023930-004-original	2024	USA	Cattle	SAMN43495120	WGS	RANDOM	ILLUMINA	NextSeq 2000	PRJNA1102327	cattle
SRR30572423	51517141	174218	24-024713-002-original	2024	USA	Cattle	SAMN43495137	WGS	RANDOM	ILLUMINA	NextSeq 2000	PRJNA1102327	cattle
SRR30572424	149656951	509214	24-023930-003-original	2024	USA	Cattle	SAMN43495119	WGS	RANDOM	ILLUMINA	NextSeq 2000	PRJNA1102327	cattle
SRR30572425	39352481	133661	24-024712-003-original	2024	USA	Cattle	SAMN43495136	WGS	RANDOM	ILLUMINA	NextSeq 2000	PRJNA1102327	cattle
SRR30572426	63550267	214548	24-024712-002-original	2024	USA	Cattle	SAMN43495135	WGS	RANDOM	ILLUMINA	NextSeq 2000	PRJNA1102327	cattle
SRR30572427	59604665	201032	24-024712-001-original	2024	USA	Cattle	SAMN43495134	WGS	RANDOM	ILLUMINA	NextSeq 2000	PRJNA1102327	cattle
SRR30572428	40936531	138099	24-024710-009-original	2024	USA	Cattle	SAMN43495133	WGS	RANDOM	ILLUMINA	NextSeq 2000	PRJNA1102327	cattle
SRR30572429	47577631	160143	24-024710-008-original	2024	USA	Cattle	SAMN43495132	WGS	RANDOM	ILLUMINA	NextSeq 2000	PRJNA1102327	cattle
SRR30572430	62215312	209440	24-024710-006-original	2024	USA	Cattle	SAMN43495131	WGS	RANDOM	ILLUMINA	NextSeq 2000	PRJNA1102327	cattle
SRR30572431	51996524	175703	24-024710-005-original	2024	USA	Cattle	SAMN43495130	WGS	RANDOM	ILLUMINA	NextSeq 2000	PRJNA1102327	cattle
SRR30572432	46116927	154949	24-024710-001-original	2024	USA	Cattle	SAMN43495129	WGS	RANDOM	ILLUMINA	NextSeq 2000	PRJNA1102327	cattle
SRR30572433	54631580	184284	24-024344-003-original	2024	USA	Cattle	SAMN43495128	WGS	RANDOM	ILLUMINA	NextSeq 2000	PRJNA1102327	cattle
SRR30572434	64635284	217862	24-024344-001-original	2024	USA	Cattle	SAMN43495127	WGS	RANDOM	ILLUMINA	NextSeq 2000	PRJNA1102327	cattle
SRR30572435	193342376	658583	24-023930-002-original	2024	USA	Cattle	SAMN43495118	WGS	RANDOM	ILLUMINA	NextSeq 2000	PRJNA1102327	cattle
SRR30572436	204904609	697294	24-023930-001-original	2024	USA	Cattle	SAMN43495117	WGS	RANDOM	ILLUMINA	NextSeq 2000	PRJNA1102327	cattle
SRR30490901	185860397	637036	24-023181-001	2024	USA	CATTLE	SAMN43390300	WGS	RANDOM	ILLUMINA	NextSeq 2000	PRJNA1102327	cattle
SRR30490902	84804519	289705	24-022870-001	2024	USA	CATTLE	SAMN43390299	WGS	RANDOM	ILLUMINA	NextSeq 2000	PRJNA1102327	cattle
SRR30490903	104262898	354874	24-022863-001	2024	USA	CATTLE	SAMN43390298	WGS	RANDOM	ILLUMINA	NextSeq 2000	PRJNA1102327	cattle
SRR30490904	90374231	307928	24-022861-001	2024	USA	CATTLE	SAMN43390297	WGS	RANDOM	ILLUMINA	NextSeq 2000	PRJNA1102327	cattle
SRR30490905	161419002	552455	24-022860-001	2024	USA	CATTLE	SAMN43390296	WGS	RANDOM	ILLUMINA	NextSeq 2000	PRJNA1102327	cattle
SRR30490906	140937562	479971	24-022859-001	2024	USA	CATTLE	SAMN43390295	WGS	RANDOM	ILLUMINA	NextSeq 2000	PRJNA1102327	cattle
SRR30490907	107433268	364140	24-022858-001	2024	USA	CATTLE	SAMN43390294	WGS	RANDOM	ILLUMINA	NextSeq 2000	PRJNA1102327	cattle
SRR30490908	120523911	408782	24-022855-001	2024	USA	CATTLE	SAMN43390293	WGS	RANDOM	ILLUMINA	NextSeq 2000	PRJNA1102327	cattle
SRR30490909	116202405	394491	24-022848-002	2024	USA	CATTLE	SAMN43390292	WGS	RANDOM	ILLUMINA	NextSeq 2000	PRJNA1102327	cattle
SRR30490910	123740054	420911	24-022845-001	2024	USA	CATTLE	SAMN43390291	WGS	RANDOM	ILLUMINA	NextSeq 2000	PRJNA1102327	cattle
SRR30428218	121300104	413272	24-022332-007	2024	USA	CATTLE	SAMN43322535	WGS	RANDOM	ILLUMINA	Illumina HiSeq 2000	PRJNA1102327	cattle
SRR30428219	90234571	307433	24-022332-005	2024	USA	CATTLE	SAMN43322534	WGS	RANDOM	ILLUMINA	Illumina HiSeq 2000	PRJNA1102327	cattle
SRR30428220	140335413	482263	24-015672-001	2024	USA	CATTLE	SAMN43322533	WGS	RANDOM	ILLUMINA	Illumina HiSeq 2000	PRJNA1102327	cattle
SRR30404401	168685418	574178	24-022332-009	2024	USA	CATTLE	SAMN43322536	WGS	RANDOM	ILLUMINA	NextSeq 2000	PRJNA1102327	cattle
SRR30404405	73055413	249360	24-022349-002	2024	USA	CATTLE	SAMN43322532	WGS	RANDOM	ILLUMINA	Illumina iSeq 100	PRJNA1102327	cattle
SRR30404406	56997323	193401	24-022349-001	2024	USA	CATTLE	SAMN43322531	WGS	RANDOM	ILLUMINA	Illumina iSeq 100	PRJNA1102327	cattle
SRR30404407	60666905	206453	24-022332-018	2024	USA	CATTLE	SAMN43322530	WGS	RANDOM	ILLUMINA	Illumina iSeq 100	PRJNA1102327	cattle
SRR30404408	63940613	217741	24-022332-014	2024	USA	CATTLE	SAMN43322529	WGS	RANDOM	ILLUMINA	Illumina iSeq 100	PRJNA1102327	cattle
SRR30404409	37369656	127235	24-022332-011	2024	USA	CATTLE	SAMN43322528	WGS	RANDOM	ILLUMINA	Illumina iSeq 100	PRJNA1102327	cattle
SRR30235352	191091128	658955	24-021716-003	2024	USA	CATTLE	SAMN43168344	WGS	RANDOM	ILLUMINA	NextSeq 2000	PRJNA1102327	cattle
SRR30235353	162833742	559677	24-021716-005	2024	USA	CATTLE	SAMN43168345	WGS	RANDOM	ILLUMINA	NextSeq 2000	PRJNA1102327	cattle
SRR30235354	353778281	1208157	24-022160-001	2024	USA	CATTLE	SAMN43168346	WGS	RANDOM	ILLUMINA	NextSeq 2000	PRJNA1102327	cattle
SRR30235355	74388656	258072	24-022173-001	2024	USA	CATTLE	SAMN43168349	WGS	RANDOM	ILLUMINA	NextSeq 2000	PRJNA1102327	cattle
SRR30235356	126262910	439041	24-022175-001	2024	USA	CATTLE	SAMN43168350	WGS	RANDOM	ILLUMINA	NextSeq 2000	PRJNA1102327	cattle
SRR30235357	139171357	480249	24-022176-001	2024	USA	CATTLE	SAMN43168351	WGS	RANDOM	ILLUMINA	NextSeq 2000	PRJNA1102327	cattle
SRR30235358	297997401	1028488	24-022159-002	2024	USA	CATTLE	SAMN43168354	WGS	RANDOM	ILLUMINA	NextSeq 2000	PRJNA1102327	cattle
SRR30235359	274329894	945067	24-022159-003	2024	USA	CATTLE	SAMN43168355	WGS	RANDOM	ILLUMINA	NextSeq 2000	PRJNA1102327	cattle
SRR30235360	92916566	320029	24-022165-001	2024	USA	CATTLE	SAMN43168356	WGS	RANDOM	ILLUMINA	NextSeq 2000	PRJNA1102327	cattle
SRR30235361	131460098	450736	24-021589-004	2024	USA	CATTLE	SAMN43168332	WGS	RANDOM	ILLUMINA	NextSeq 2000	PRJNA1102327	cattle
SRR30235362	153616053	525542	24-021589-002	2024	USA	CATTLE	SAMN43168331	WGS	RANDOM	ILLUMINA	NextSeq 2000	PRJNA1102327	cattle
SRR30235363	153638155	523223	24-021589-001	2024	USA	CATTLE	SAMN43168330	WGS	RANDOM	ILLUMINA	NextSeq 2000	PRJNA1102327	cattle
SRR30235366	130755635	447308	24-021996-002	2024	USA	CATTLE	SAMN43168327	WGS	RANDOM	ILLUMINA	Illumina iSeq 100	PRJNA1102327	cattle
SRR30235367	287293162	983919	24-022168-002	2024	USA	CATTLE	SAMN43168358	WGS	RANDOM	ILLUMINA	NextSeq 2000	PRJNA1102327	cattle
SRR30235368	136811077	478561	24-022168-001	2024	USA	CATTLE	SAMN43168357	WGS	RANDOM	ILLUMINA	NextSeq 2000	PRJNA1102327	cattle
SRR30235369	1040492099	3590738	24-022179-001	2024	USA	CATTLE	SAMN43168353	WGS	RANDOM	ILLUMINA	NextSeq 2000	PRJNA1102327	cattle
SRR30235370	180937831	620255	24-021996-001	2024	USA	CATTLE	SAMN43168326	WGS	RANDOM	ILLUMINA	Illumina iSeq 100	PRJNA1102327	cattle
SRR30235371	206327767	706268	24-022177-001	2024	USA	CATTLE	SAMN43168352	WGS	RANDOM	ILLUMINA	NextSeq 2000	PRJNA1102327	cattle
SRR30235372	63055756	221433	24-022172-001	2024	USA	CATTLE	SAMN43168348	WGS	RANDOM	ILLUMINA	NextSeq 2000	PRJNA1102327	cattle
SRR30235373	55772548	200838	24-022171-001	2024	USA	CATTLE	SAMN43168347	WGS	RANDOM	ILLUMINA	NextSeq 2000	PRJNA1102327	cattle
SRR30235374	170324792	580082	24-021716-002	2024	USA	CATTLE	SAMN43168343	WGS	RANDOM	ILLUMINA	NextSeq 2000	PRJNA1102327	cattle
SRR30235375	119363372	407960	24-021992-001	2024	USA	CATTLE	SAMN43168325	WGS	RANDOM	ILLUMINA	Illumina iSeq 100	PRJNA1102327	cattle
SRR30235376	170219582	585559	24-021716-001	2024	USA	CATTLE	SAMN43168342	WGS	RANDOM	ILLUMINA	NextSeq 2000	PRJNA1102327	cattle
SRR30235377	189338573	647048	24-021715-007	2024	USA	CATTLE	SAMN43168341	WGS	RANDOM	ILLUMINA	NextSeq 2000	PRJNA1102327	cattle
SRR30235378	150296465	513734	24-021715-006	2024	USA	CATTLE	SAMN43168340	WGS	RANDOM	ILLUMINA	NextSeq 2000	PRJNA1102327	cattle
SRR30235379	44098553	156059	24-021715-005	2024	USA	CATTLE	SAMN43168339	WGS	RANDOM	ILLUMINA	NextSeq 2000	PRJNA1102327	cattle
SRR30235380	100567809	353419	24-021715-004	2024	USA	CATTLE	SAMN43168338	WGS	RANDOM	ILLUMINA	NextSeq 2000	PRJNA1102327	cattle
SRR30235381	184647695	631462	24-021715-003	2024	USA	CATTLE	SAMN43168337	WGS	RANDOM	ILLUMINA	NextSeq 2000	PRJNA1102327	cattle
SRR30235382	179591854	616638	24-021715-001	2024	USA	CATTLE	SAMN43168336	WGS	RANDOM	ILLUMINA	NextSeq 2000	PRJNA1102327	cattle
SRR30235383	152615189	523376	24-021589-007	2024	USA	CATTLE	SAMN43168335	WGS	RANDOM	ILLUMINA	NextSeq 2000	PRJNA1102327	cattle
SRR30235384	145209588	495212	24-021589-006	2024	USA	CATTLE	SAMN43168334	WGS	RANDOM	ILLUMINA	NextSeq 2000	PRJNA1102327	cattle
SRR30235385	137335477	470901	24-021589-005	2024	USA	CATTLE	SAMN43168333	WGS	RANDOM	ILLUMINA	NextSeq 2000	PRJNA1102327	cattle
SRR30235386	130704113	445367	24-021768-002	2024	USA	CATTLE	SAMN43168324	WGS	RANDOM	ILLUMINA	Illumina iSeq 100	PRJNA1102327	cattle
SRR30235387	114728276	392896	24-021768-001	2024	USA	CATTLE	SAMN43168323	WGS	RANDOM	ILLUMINA	Illumina iSeq 100	PRJNA1102327	cattle
SRR30202021	149955319	509658	24-020797-014	2024	USA	CATTLE	SAMN43033063	WGS	RANDOM	ILLUMINA	NextSeq 2000	PRJNA1102327	cattle
SRR30202022	187878279	640916	24-020797-013	2024	USA	CATTLE	SAMN43033062	WGS	RANDOM	ILLUMINA	NextSeq 2000	PRJNA1102327	cattle
SRR30202023	130249600	442572	24-020797-012	2024	USA	CATTLE	SAMN43033061	WGS	RANDOM	ILLUMINA	NextSeq 2000	PRJNA1102327	cattle
SRR30202024	176150703	600966	24-020797-011	2024	USA	CATTLE	SAMN43033060	WGS	RANDOM	ILLUMINA	NextSeq 2000	PRJNA1102327	cattle
SRR30202025	135468443	459129	24-020797-010	2024	USA	CATTLE	SAMN43033059	WGS	RANDOM	ILLUMINA	NextSeq 2000	PRJNA1102327	cattle
SRR30202026	168053534	570021	24-020797-008	2024	USA	CATTLE	SAMN43033058	WGS	RANDOM	ILLUMINA	NextSeq 2000	PRJNA1102327	cattle
SRR30202027	118984834	408099	24-021340-004	2024	USA	CATTLE	SAMN43033084	WGS	RANDOM	ILLUMINA	NextSeq 2000	PRJNA1102327	cattle
SRR30202028	129328559	440537	24-020797-007	2024	USA	CATTLE	SAMN43033057	WGS	RANDOM	ILLUMINA	NextSeq 2000	PRJNA1102327	cattle
SRR30202029	84134662	288045	24-021340-003	2024	USA	CATTLE	SAMN43033083	WGS	RANDOM	ILLUMINA	NextSeq 2000	PRJNA1102327	cattle
SRR30202030	90163131	307726	24-021340-002	2024	USA	CATTLE	SAMN43033082	WGS	RANDOM	ILLUMINA	NextSeq 2000	PRJNA1102327	cattle
SRR30202031	89393506	304922	24-021340-001	2024	USA	CATTLE	SAMN43033081	WGS	RANDOM	ILLUMINA	NextSeq 2000	PRJNA1102327	cattle
SRR30202032	86799462	295955	24-021247-002	2024	USA	CHICKEN	SAMN43033080	WGS	RANDOM	ILLUMINA	NextSeq 2000	PRJNA1102327	poultry_wildbird
SRR30202033	81380351	281443	24-021247-001	2024	USA	CHICKEN	SAMN43033079	WGS	RANDOM	ILLUMINA	NextSeq 2000	PRJNA1102327	poultry_wildbird
SRR30202035	183982338	621693	24-021115-002	2024	USA	CATTLE	SAMN43033077	WGS	RANDOM	ILLUMINA	NextSeq 2000	PRJNA1102327	cattle
SRR30202036	116201453	392306	24-021115-001	2024	USA	CATTLE	SAMN43033076	WGS	RANDOM	ILLUMINA	NextSeq 2000	PRJNA1102327	cattle
SRR30202037	166559448	565465	24-020796-010	2024	USA	CHICKEN	SAMN43033075	WGS	RANDOM	ILLUMINA	NextSeq 2000	PRJNA1102327	poultry_wildbird
SRR30202038	151494388	513977	24-020796-009	2024	USA	CHICKEN	SAMN43033074	WGS	RANDOM	ILLUMINA	NextSeq 2000	PRJNA1102327	poultry_wildbird
SRR30202039	176616208	600864	24-020797-005	2024	USA	CATTLE	SAMN43033056	WGS	RANDOM	ILLUMINA	NextSeq 2000	PRJNA1102327	cattle
SRR30202040	134279049	458488	24-020796-008	2024	USA	CHICKEN	SAMN43033073	WGS	RANDOM	ILLUMINA	NextSeq 2000	PRJNA1102327	poultry_wildbird
SRR30202041	184920982	630182	24-020796-007	2024	USA	CHICKEN	SAMN43033072	WGS	RANDOM	ILLUMINA	NextSeq 2000	PRJNA1102327	poultry_wildbird
SRR30202042	135374111	460304	24-020796-006	2024	USA	CHICKEN	SAMN43033071	WGS	RANDOM	ILLUMINA	NextSeq 2000	PRJNA1102327	poultry_wildbird
SRR30202043	186837483	634149	24-020796-005	2024	USA	CHICKEN	SAMN43033070	WGS	RANDOM	ILLUMINA	NextSeq 2000	PRJNA1102327	poultry_wildbird
SRR30202044	140421021	475994	24-020796-004	2024	USA	CHICKEN	SAMN43033069	WGS	RANDOM	ILLUMINA	NextSeq 2000	PRJNA1102327	poultry_wildbird
SRR30202045	169214575	572800	24-020796-003	2024	USA	CHICKEN	SAMN43033068	WGS	RANDOM	ILLUMINA	NextSeq 2000	PRJNA1102327	poultry_wildbird
SRR30202046	125895315	427408	24-020796-002	2024	USA	CHICKEN	SAMN43033067	WGS	RANDOM	ILLUMINA	NextSeq 2000	PRJNA1102327	poultry_wildbird
SRR30202047	135545046	460259	24-020796-001	2024	USA	CHICKEN	SAMN43033066	WGS	RANDOM	ILLUMINA	NextSeq 2000	PRJNA1102327	poultry_wildbird
SRR30202048	134358380	453978	24-020795-001	2024	USA	CATTLE	SAMN43033065	WGS	RANDOM	ILLUMINA	NextSeq 2000	PRJNA1102327	cattle
SRR30202049	143822888	495315	24-020797-015	2024	USA	CATTLE	SAMN43033064	WGS	RANDOM	ILLUMINA	NextSeq 2000	PRJNA1102327	cattle
SRR30202050	144957935	494319	24-020797-004	2024	USA	CATTLE	SAMN43033055	WGS	RANDOM	ILLUMINA	NextSeq 2000	PRJNA1102327	cattle
SRR30202051	177608133	605422	24-020797-003	2024	USA	CATTLE	SAMN43033054	WGS	RANDOM	ILLUMINA	NextSeq 2000	PRJNA1102327	cattle
SRR30090349	69327508	239374	24-020284-005-original	2024	USA	Cattle	SAMN42944632	WGS	RANDOM	ILLUMINA	NextSeq 2000	PRJNA1102327	cattle
SRR30090350	143088478	485037	24-020284-004-original	2024	USA	Cattle	SAMN42944631	WGS	RANDOM	ILLUMINA	NextSeq 2000	PRJNA1102327	cattle
SRR30090351	99947968	347005	24-020284-002-original	2024	USA	Cattle	SAMN42944630	WGS	RANDOM	ILLUMINA	NextSeq 2000	PRJNA1102327	cattle
SRR30090352	46654847	158253	24-020941-002-original	2024	USA	Cattle	SAMN42944688	WGS	RANDOM	ILLUMINA	NextSeq 2000	PRJNA1102327	cattle
SRR30090353	166927393	568785	24-020176-006-original	2024	USA	Cattle	SAMN42944629	WGS	RANDOM	ILLUMINA	NextSeq 2000	PRJNA1102327	cattle
SRR30090354	61478195	208731	24-020941-001-original	2024	USA	Cattle	SAMN42944687	WGS	RANDOM	ILLUMINA	NextSeq 2000	PRJNA1102327	cattle
SRR30090355	45214649	154088	24-020940-007-original	2024	USA	Cattle	SAMN42944686	WGS	RANDOM	ILLUMINA	NextSeq 2000	PRJNA1102327	cattle
SRR30090356	62880443	213700	24-020940-006-original	2024	USA	Cattle	SAMN42944685	WGS	RANDOM	ILLUMINA	NextSeq 2000	PRJNA1102327	cattle
SRR30090357	48559886	164865	24-020940-005-original	2024	USA	Cattle	SAMN42944684	WGS	RANDOM	ILLUMINA	NextSeq 2000	PRJNA1102327	cattle
SRR30090358	52023085	176265	24-020940-004-original	2024	USA	Cattle	SAMN42944683	WGS	RANDOM	ILLUMINA	NextSeq 2000	PRJNA1102327	cattle
SRR30090359	63444739	214771	24-020940-003-original	2024	USA	Cattle	SAMN42944682	WGS	RANDOM	ILLUMINA	NextSeq 2000	PRJNA1102327	cattle
SRR30090360	50576697	171733	24-020940-002-original	2024	USA	Cattle	SAMN42944681	WGS	RANDOM	ILLUMINA	NextSeq 2000	PRJNA1102327	cattle
SRR30090361	79789847	271761	24-020940-001-original	2024	USA	Cattle	SAMN42944680	WGS	RANDOM	ILLUMINA	NextSeq 2000	PRJNA1102327	cattle
SRR30090362	65637342	222832	24-020798-001-original	2024	USA	Chicken	SAMN42944677	WGS	RANDOM	ILLUMINA	NextSeq 2000	PRJNA1102327	poultry_wildbird
SRR30090363	71946354	243580	24-020797-009-original	2024	USA	Cattle	SAMN42944676	WGS	RANDOM	ILLUMINA	NextSeq 2000	PRJNA1102327	cattle
SRR30090364	146073812	497531	24-020176-001-original	2024	USA	Cattle	SAMN42944628	WGS	RANDOM	ILLUMINA	NextSeq 2000	PRJNA1102327	cattle
SRR30090365	48881320	165473	24-020797-006-original	2024	USA	Cattle	SAMN42944675	WGS	RANDOM	ILLUMINA	NextSeq 2000	PRJNA1102327	cattle
SRR30090366	65104302	220134	24-020797-002-original	2024	USA	Cattle	SAMN42944674	WGS	RANDOM	ILLUMINA	NextSeq 2000	PRJNA1102327	cattle
SRR30090369	220295497	750964	24-020731-006-original	2024	USA	Cattle	SAMN42944672	WGS	RANDOM	ILLUMINA	NextSeq 2000	PRJNA1102327	cattle
SRR30090370	210874093	721418	24-020731-005-original	2024	USA	Cattle	SAMN42944671	WGS	RANDOM	ILLUMINA	NextSeq 2000	PRJNA1102327	cattle
SRR30090371	222945438	760723	24-020731-004-original	2024	USA	Cattle	SAMN42944659	WGS	RANDOM	ILLUMINA	NextSeq 2000	PRJNA1102327	cattle
SRR30090372	191399741	650926	24-020731-003-original	2024	USA	Cattle	SAMN42944670	WGS	RANDOM	ILLUMINA	NextSeq 2000	PRJNA1102327	cattle
SRR30090373	193505464	661250	24-020715-007-original	2024	USA	Cattle	SAMN42944669	WGS	RANDOM	ILLUMINA	NextSeq 2000	PRJNA1102327	cattle
SRR30090374	227149655	777041	24-020715-006-original	2024	USA	Cattle	SAMN42944668	WGS	RANDOM	ILLUMINA	NextSeq 2000	PRJNA1102327	cattle
SRR30090375	187877859	639529	24-020027-002-original	2024	USA	Cattle	SAMN42944648	WGS	RANDOM	ILLUMINA	NextSeq 2000	PRJNA1102327	cattle
SRR30090376	201297498	683934	24-020715-003-original	2024	USA	Cattle	SAMN42944658	WGS	RANDOM	ILLUMINA	NextSeq 2000	PRJNA1102327	cattle
SRR30090377	214603232	732005	24-020714-002-original	2024	USA	Chicken	SAMN42944667	WGS	RANDOM	ILLUMINA	NextSeq 2000	PRJNA1102327	poultry_wildbird
SRR30090378	200150072	680391	24-020712-009-original	2024	USA	Cattle	SAMN42944657	WGS	RANDOM	ILLUMINA	NextSeq 2000	PRJNA1102327	cattle
SRR30090379	206188621	701026	24-020712-008-original	2024	USA	Cattle	SAMN42944656	WGS	RANDOM	ILLUMINA	NextSeq 2000	PRJNA1102327	cattle
SRR30090380	205408362	698783	24-020712-006-original	2024	USA	Cattle	SAMN42944666	WGS	RANDOM	ILLUMINA	NextSeq 2000	PRJNA1102327	cattle
SRR30090381	227211533	771250	24-020712-005-original	2024	USA	Cattle	SAMN42944655	WGS	RANDOM	ILLUMINA	NextSeq 2000	PRJNA1102327	cattle
SRR30090382	219471483	747235	24-020712-004-original	2024	USA	Cattle	SAMN42944654	WGS	RANDOM	ILLUMINA	NextSeq 2000	PRJNA1102327	cattle
SRR30090383	176139993	599945	24-020712-003-original	2024	USA	Cattle	SAMN42944665	WGS	RANDOM	ILLUMINA	NextSeq 2000	PRJNA1102327	cattle
SRR30090384	211105354	718565	24-020712-002-original	2024	USA	Cattle	SAMN42944653	WGS	RANDOM	ILLUMINA	NextSeq 2000	PRJNA1102327	cattle
SRR30090385	216314186	737929	24-020712-001-original	2024	USA	Cattle	SAMN42944652	WGS	RANDOM	ILLUMINA	NextSeq 2000	PRJNA1102327	cattle
SRR30090386	201047286	681134	24-019376-001-original-repeat2	2024	USA	Raccoon	SAMN42944661	WGS	RANDOM	ILLUMINA	NextSeq 2000	PRJNA1102327	other
SRR30090387	183884452	623436	24-020593-001-original	2024	USA	Cattle	SAMN42944651	WGS	RANDOM	ILLUMINA	NextSeq 2000	PRJNA1102327	cattle
SRR30090388	184547451	629718	24-020510-003-original	2024	USA	Cattle	SAMN42944664	WGS	RANDOM	ILLUMINA	NextSeq 2000	PRJNA1102327	cattle
SRR30090389	198367426	675611	24-020510-002-original	2024	USA	Cattle	SAMN42944663	WGS	RANDOM	ILLUMINA	NextSeq 2000	PRJNA1102327	cattle
SRR30090390	215210903	732961	24-020510-001-original	2024	USA	Cattle	SAMN42944662	WGS	RANDOM	ILLUMINA	NextSeq 2000	PRJNA1102327	cattle
SRR30090391	234416873	792820	24-020503-001-original	2024	USA	Western Kingbird	SAMN42944673	WGS	RANDOM	ILLUMINA	NextSeq 2000	PRJNA1102327	other
SRR30090392	177367483	602945	24-020285-012-original	2024	USA	Chicken	SAMN42944647	WGS	RANDOM	ILLUMINA	NextSeq 2000	PRJNA1102327	poultry_wildbird
SRR30090393	177308873	603951	24-020285-011-original	2024	USA	Chicken	SAMN42944646	WGS	RANDOM	ILLUMINA	NextSeq 2000	PRJNA1102327	poultry_wildbird
SRR30090394	187341125	638081	24-020285-010-original	2024	USA	Chicken	SAMN42944645	WGS	RANDOM	ILLUMINA	NextSeq 2000	PRJNA1102327	poultry_wildbird
SRR30090395	175079041	596504	24-020285-009-original	2024	USA	Chicken	SAMN42944644	WGS	RANDOM	ILLUMINA	NextSeq 2000	PRJNA1102327	poultry_wildbird
SRR30090396	190627738	648933	24-020285-008-original	2024	USA	Chicken	SAMN42944643	WGS	RANDOM	ILLUMINA	NextSeq 2000	PRJNA1102327	poultry_wildbird
SRR30090397	213436527	724291	24-019375-001-original-repeat2	2024	USA	House Sparrow	SAMN42944660	WGS	RANDOM	ILLUMINA	NextSeq 2000	PRJNA1102327	other
SRR30090398	173255488	590423	24-020285-007-original	2024	USA	Chicken	SAMN42944642	WGS	RANDOM	ILLUMINA	NextSeq 2000	PRJNA1102327	poultry_wildbird
SRR30090399	178640295	608621	24-020285-006-original	2024	USA	Chicken	SAMN42944641	WGS	RANDOM	ILLUMINA	NextSeq 2000	PRJNA1102327	poultry_wildbird
SRR30090400	193180608	659052	24-020285-005-original	2024	USA	Chicken	SAMN42944640	WGS	RANDOM	ILLUMINA	NextSeq 2000	PRJNA1102327	poultry_wildbird
SRR30090401	162597363	553585	24-020285-004-original	2024	USA	Chicken	SAMN42944639	WGS	RANDOM	ILLUMINA	NextSeq 2000	PRJNA1102327	poultry_wildbird
SRR30090402	186808646	636123	24-020285-003-original	2024	USA	Chicken	SAMN42944638	WGS	RANDOM	ILLUMINA	NextSeq 2000	PRJNA1102327	poultry_wildbird
SRR30090403	162657169	553517	24-020285-002-original	2024	USA	Chicken	SAMN42944637	WGS	RANDOM	ILLUMINA	NextSeq 2000	PRJNA1102327	poultry_wildbird
SRR30090404	184488729	625593	24-020285-001-original	2024	USA	Chicken	SAMN42944636	WGS	RANDOM	ILLUMINA	NextSeq 2000	PRJNA1102327	poultry_wildbird
SRR30090405	148707781	504826	24-020284-011-original	2024	USA	Cattle	SAMN42944635	WGS	RANDOM	ILLUMINA	NextSeq 2000	PRJNA1102327	cattle
SRR30090406	141049627	480728	24-020284-008-original	2024	USA	Cattle	SAMN42944634	WGS	RANDOM	ILLUMINA	NextSeq 2000	PRJNA1102327	cattle
SRR30090407	157720196	534749	24-020284-006-original	2024	USA	Cattle	SAMN42944633	WGS	RANDOM	ILLUMINA	NextSeq 2000	PRJNA1102327	cattle
SRR30090408	183094083	623912	24-015674-002-original-repeat2	2024	USA	Cattle	SAMN42944650	WGS	RANDOM	ILLUMINA	NextSeq 2000	PRJNA1102327	cattle
SRR30090409	194146769	661348	24-015667-006-original-repeat2	2024	USA	Cattle	SAMN42944649	WGS	RANDOM	ILLUMINA	NextSeq 2000	PRJNA1102327	cattle
SRR29953194	264081011	895447	24-019381-016	2024	USA	Cattle	SAMN42762588	WGS	RANDOM	ILLUMINA	NextSeq 2000	PRJNA1102327	cattle
SRR29953195	39269780	132710	24-020284-010	2024	USA	Cattle	SAMN42762662	WGS	RANDOM	ILLUMINA	Illumina iSeq 100	PRJNA1102327	cattle
SRR29953196	42183710	142330	24-020284-009	2024	USA	Cattle	SAMN42762661	WGS	RANDOM	ILLUMINA	Illumina iSeq 100	PRJNA1102327	cattle
SRR29953197	51219933	172963	24-020284-001	2024	USA	Cattle	SAMN42762660	WGS	RANDOM	ILLUMINA	Illumina iSeq 100	PRJNA1102327	cattle
SRR29953198	50645057	171780	24-020282-004	2024	USA	Chicken	SAMN42762659	WGS	RANDOM	ILLUMINA	Illumina iSeq 100	PRJNA1102327	poultry_wildbird
SRR29953199	226222649	776478	24-019381-012	2024	USA	Cattle	SAMN42762587	WGS	RANDOM	ILLUMINA	NextSeq 2000	PRJNA1102327	cattle
SRR29953200	60258531	204666	24-020282-003	2024	USA	Chicken	SAMN42762658	WGS	RANDOM	ILLUMINA	Illumina iSeq 100	PRJNA1102327	poultry_wildbird
SRR29953201	48251756	164409	24-020282-002	2024	USA	Chicken	SAMN42762657	WGS	RANDOM	ILLUMINA	Illumina iSeq 100	PRJNA1102327	poultry_wildbird
SRR29953202	50306694	171145	24-020282-001	2024	USA	Chicken	SAMN42762656	WGS	RANDOM	ILLUMINA	Illumina iSeq 100	PRJNA1102327	poultry_wildbird
SRR29953203	41301464	141444	24-020176-005	2024	USA	Cattle	SAMN42762655	WGS	RANDOM	ILLUMINA	Illumina iSeq 100	PRJNA1102327	cattle
SRR29953204	38935329	133258	24-020176-003	2024	USA	Cattle	SAMN42762654	WGS	RANDOM	ILLUMINA	Illumina iSeq 100	PRJNA1102327	cattle
SRR29953205	32667373	113023	24-020175-004	2024	USA	Cattle	SAMN42762653	WGS	RANDOM	ILLUMINA	Illumina iSeq 100	PRJNA1102327	cattle
SRR29953206	60588940	208035	24-020175-002	2024	USA	Cattle	SAMN42762652	WGS	RANDOM	ILLUMINA	Illumina iSeq 100	PRJNA1102327	cattle
SRR29953207	71962523	300304	24-020175-001	2024	USA	Cattle	SAMN42762651	WGS	RANDOM	ILLUMINA	Illumina iSeq 100	PRJNA1102327	cattle
SRR29953208	41382583	142298	24-020172-002	2024	USA	Cattle	SAMN42762650	WGS	RANDOM	ILLUMINA	Illumina iSeq 100	PRJNA1102327	cattle
SRR29953209	58385213	202941	24-020172-001	2024	USA	Cattle	SAMN42762649	WGS	RANDOM	ILLUMINA	Illumina iSeq 100	PRJNA1102327	cattle
SRR29953210	240848074	822886	24-019381-007	2024	USA	Cattle	SAMN42762586	WGS	RANDOM	ILLUMINA	NextSeq 2000	PRJNA1102327	cattle
SRR29953211	208549021	709256	24-020027-007	2024	USA	Cattle	SAMN42762648	WGS	RANDOM	ILLUMINA	NextSeq 2000	PRJNA1102327	cattle
SRR29953212	264278311	899957	24-020027-006	2024	USA	Cattle	SAMN42762647	WGS	RANDOM	ILLUMINA	NextSeq 2000	PRJNA1102327	cattle
SRR29953213	256780230	871767	24-020027-005	2024	USA	Cattle	SAMN42762646	WGS	RANDOM	ILLUMINA	NextSeq 2000	PRJNA1102327	cattle
SRR29953214	269718280	913649	24-020027-001	2024	USA	Cattle	SAMN42762645	WGS	RANDOM	ILLUMINA	NextSeq 2000	PRJNA1102327	cattle
SRR29953215	214931257	728280	24-019981-001	2024	USA	Cattle	SAMN42762644	WGS	RANDOM	ILLUMINA	NextSeq 2000	PRJNA1102327	cattle
SRR29953216	188826504	634622	24-019890-007	2024	USA	Cattle	SAMN42762643	WGS	RANDOM	ILLUMINA	NextSeq 2000	PRJNA1102327	cattle
SRR29953217	213574581	723086	24-019890-006	2024	USA	Cattle	SAMN42762642	WGS	RANDOM	ILLUMINA	NextSeq 2000	PRJNA1102327	cattle
SRR29953218	286553256	981045	24-019890-005	2024	USA	Cattle	SAMN42762641	WGS	RANDOM	ILLUMINA	NextSeq 2000	PRJNA1102327	cattle
SRR29953219	249377239	846112	24-019890-004	2024	USA	Cattle	SAMN42762640	WGS	RANDOM	ILLUMINA	NextSeq 2000	PRJNA1102327	cattle
SRR29953220	266239012	903226	24-019890-002	2024	USA	Cattle	SAMN42762639	WGS	RANDOM	ILLUMINA	NextSeq 2000	PRJNA1102327	cattle
SRR29953221	278806417	949210	24-019381-006	2024	USA	Cattle	SAMN42762585	WGS	RANDOM	ILLUMINA	NextSeq 2000	PRJNA1102327	cattle
SRR29953222	294323706	998266	24-019886-010	2024	USA	Cattle	SAMN42762638	WGS	RANDOM	ILLUMINA	NextSeq 2000	PRJNA1102327	cattle
SRR29953223	210602691	712880	24-019886-009	2024	USA	Cattle	SAMN42762637	WGS	RANDOM	ILLUMINA	NextSeq 2000	PRJNA1102327	cattle
SRR29953224	223907188	759460	24-019886-006	2024	USA	Cattle	SAMN42762636	WGS	RANDOM	ILLUMINA	NextSeq 2000	PRJNA1102327	cattle
SRR29953225	259822843	883064	24-019886-005	2024	USA	Cattle	SAMN42762635	WGS	RANDOM	ILLUMINA	NextSeq 2000	PRJNA1102327	cattle
SRR29953226	198460179	673410	24-019886-004	2024	USA	Cattle	SAMN42762634	WGS	RANDOM	ILLUMINA	NextSeq 2000	PRJNA1102327	cattle
SRR29953227	248663505	842252	24-019886-003	2024	USA	Cattle	SAMN42762633	WGS	RANDOM	ILLUMINA	NextSeq 2000	PRJNA1102327	cattle
SRR29953228	228912785	782061	24-019886-002	2024	USA	Cattle	SAMN42762632	WGS	RANDOM	ILLUMINA	NextSeq 2000	PRJNA1102327	cattle
SRR29953229	234140355	794647	24-019886-001	2024	USA	Cattle	SAMN42762631	WGS	RANDOM	ILLUMINA	NextSeq 2000	PRJNA1102327	cattle
SRR29953230	301295258	1023508	24-019884-002	2024	USA	Chicken	SAMN42762630	WGS	RANDOM	ILLUMINA	NextSeq 2000	PRJNA1102327	poultry_wildbird
SRR29953231	237035913	804399	24-019884-001	2024	USA	Chicken	SAMN42762629	WGS	RANDOM	ILLUMINA	NextSeq 2000	PRJNA1102327	poultry_wildbird
SRR29953232	211968701	721465	24-019381-005	2024	USA	Cattle	SAMN42762584	WGS	RANDOM	ILLUMINA	NextSeq 2000	PRJNA1102327	cattle
SRR29953233	243229814	822856	24-019883-002	2024	USA	Cattle	SAMN42762628	WGS	RANDOM	ILLUMINA	NextSeq 2000	PRJNA1102327	cattle
SRR29953234	217752051	735888	24-019883-001	2024	USA	Cattle	SAMN42762627	WGS	RANDOM	ILLUMINA	NextSeq 2000	PRJNA1102327	cattle
SRR29953235	230136555	782217	24-019780-003	2024	USA	Cattle	SAMN42762626	WGS	RANDOM	ILLUMINA	NextSeq 2000	PRJNA1102327	cattle
SRR29953236	269932480	914483	24-019780-002	2024	USA	Cattle	SAMN42762625	WGS	RANDOM	ILLUMINA	NextSeq 2000	PRJNA1102327	cattle
SRR29953237	222164473	754432	24-019780-001	2024	USA	Cattle	SAMN42762624	WGS	RANDOM	ILLUMINA	NextSeq 2000	PRJNA1102327	cattle
SRR29953238	240933950	813975	24-019695-001	2024	USA	Cattle	SAMN42762623	WGS	RANDOM	ILLUMINA	NextSeq 2000	PRJNA1102327	cattle
SRR29953239	190495950	641141	24-019694-003	2024	USA	Cattle	SAMN42762622	WGS	RANDOM	ILLUMINA	NextSeq 2000	PRJNA1102327	cattle
SRR29953240	263954732	894586	24-019694-002	2024	USA	Cattle	SAMN42762621	WGS	RANDOM	ILLUMINA	NextSeq 2000	PRJNA1102327	cattle
SRR29953241	267041897	905227	24-019694-001	2024	USA	Cattle	SAMN42762620	WGS	RANDOM	ILLUMINA	NextSeq 2000	PRJNA1102327	cattle
SRR29953242	247385723	838407	24-019693-010	2024	USA	Cattle	SAMN42762619	WGS	RANDOM	ILLUMINA	NextSeq 2000	PRJNA1102327	cattle
SRR29953243	190872607	649046	24-019381-004	2024	USA	Cattle	SAMN42762583	WGS	RANDOM	ILLUMINA	NextSeq 2000	PRJNA1102327	cattle
SRR29953244	249950731	850591	24-019693-008	2024	USA	Cattle	SAMN42762618	WGS	RANDOM	ILLUMINA	NextSeq 2000	PRJNA1102327	cattle
SRR29953245	202194000	687976	24-019693-007	2024	USA	Cattle	SAMN42762617	WGS	RANDOM	ILLUMINA	NextSeq 2000	PRJNA1102327	cattle
SRR29953246	217778812	740060	24-019693-006	2024	USA	Cattle	SAMN42762616	WGS	RANDOM	ILLUMINA	NextSeq 2000	PRJNA1102327	cattle
SRR29953247	160682156	546242	24-019693-005	2024	USA	Cattle	SAMN42762615	WGS	RANDOM	ILLUMINA	NextSeq 2000	PRJNA1102327	cattle
SRR29953248	138002975	472816	24-019693-004	2024	USA	Cattle	SAMN42762614	WGS	RANDOM	ILLUMINA	NextSeq 2000	PRJNA1102327	cattle
SRR29953249	270577367	918652	24-019691-014	2024	USA	Cattle	SAMN42762613	WGS	RANDOM	ILLUMINA	NextSeq 2000	PRJNA1102327	cattle
SRR29953250	178121945	601845	24-019691-013	2024	USA	Cattle	SAMN42762612	WGS	RANDOM	ILLUMINA	NextSeq 2000	PRJNA1102327	cattle
SRR29953251	188973222	637977	24-019691-012	2024	USA	Cattle	SAMN42762611	WGS	RANDOM	ILLUMINA	NextSeq 2000	PRJNA1102327	cattle
SRR29953252	579862028	1968976	24-019691-011	2024	USA	Cattle	SAMN42762610	WGS	RANDOM	ILLUMINA	NextSeq 2000	PRJNA1102327	cattle
SRR29953253	267648345	908606	24-019691-010	2024	USA	Cattle	SAMN42762609	WGS	RANDOM	ILLUMINA	NextSeq 2000	PRJNA1102327	cattle
SRR29953254	201281598	685660	24-019381-003	2024	USA	Cattle	SAMN42762582	WGS	RANDOM	ILLUMINA	NextSeq 2000	PRJNA1102327	cattle
SRR29953255	289012179	979604	24-019691-009	2024	USA	Cattle	SAMN42762608	WGS	RANDOM	ILLUMINA	NextSeq 2000	PRJNA1102327	cattle
SRR29953256	230898009	782187	24-019691-007	2024	USA	Cattle	SAMN42762607	WGS	RANDOM	ILLUMINA	NextSeq 2000	PRJNA1102327	cattle
SRR29953257	208631514	705762	24-019691-005	2024	USA	Cattle	SAMN42762606	WGS	RANDOM	ILLUMINA	NextSeq 2000	PRJNA1102327	cattle
SRR29953258	207987110	703010	24-019691-004	2024	USA	Cattle	SAMN42762605	WGS	RANDOM	ILLUMINA	NextSeq 2000	PRJNA1102327	cattle
SRR29953259	191205752	647599	24-019691-003	2024	USA	Cattle	SAMN42762604	WGS	RANDOM	ILLUMINA	NextSeq 2000	PRJNA1102327	cattle
SRR29953260	232672145	795452	24-019691-001	2024	USA	Cattle	SAMN42762603	WGS	RANDOM	ILLUMINA	NextSeq 2000	PRJNA1102327	cattle
SRR29953261	279003970	947983	24-019617-012	2024	USA	Cattle	SAMN42762602	WGS	RANDOM	ILLUMINA	NextSeq 2000	PRJNA1102327	cattle
SRR29953262	250547744	848829	24-019617-011	2024	USA	Cattle	SAMN42762601	WGS	RANDOM	ILLUMINA	NextSeq 2000	PRJNA1102327	cattle
SRR29953263	229362481	777291	24-019601-002	2024	USA	Cattle	SAMN42762600	WGS	RANDOM	ILLUMINA	NextSeq 2000	PRJNA1102327	cattle
SRR29953264	241486178	817849	24-019525-001	2024	USA	Turkey	SAMN42762599	WGS	RANDOM	ILLUMINA	NextSeq 2000	PRJNA1102327	poultry_wildbird
SRR29953265	197087581	667920	24-019381-002	2024	USA	Cattle	SAMN42762581	WGS	RANDOM	ILLUMINA	NextSeq 2000	PRJNA1102327	cattle
SRR29953266	199047966	673234	24-019524-003	2024	USA	Turkey	SAMN42762598	WGS	RANDOM	ILLUMINA	NextSeq 2000	PRJNA1102327	poultry_wildbird
SRR29953267	181728115	619397	24-019524-002	2024	USA	Turkey	SAMN42762597	WGS	RANDOM	ILLUMINA	NextSeq 2000	PRJNA1102327	poultry_wildbird
SRR29953268	200540246	682206	24-019524-001	2024	USA	Turkey	SAMN42762596	WGS	RANDOM	ILLUMINA	NextSeq 2000	PRJNA1102327	poultry_wildbird
SRR29953269	303497663	1030254	24-019523-001	2024	USA	Turkey	SAMN42762595	WGS	RANDOM	ILLUMINA	NextSeq 2000	PRJNA1102327	poultry_wildbird
SRR29953270	193087312	653896	24-019480-002	2024	USA	Cattle	SAMN42762594	WGS	RANDOM	ILLUMINA	NextSeq 2000	PRJNA1102327	cattle
SRR29953271	267542753	909854	24-019480-001	2024	USA	Cattle	SAMN42762593	WGS	RANDOM	ILLUMINA	NextSeq 2000	PRJNA1102327	cattle
SRR29953272	267398771	908737	24-019478-001	2024	USA	Cattle	SAMN42762592	WGS	RANDOM	ILLUMINA	NextSeq 2000	PRJNA1102327	cattle
SRR29953273	265707771	905527	24-019476-001	2024	USA	Cattle	SAMN42762591	WGS	RANDOM	ILLUMINA	NextSeq 2000	PRJNA1102327	cattle
SRR29953274	234171629	797280	24-019475-002	2024	USA	Cattle	SAMN42762590	WGS	RANDOM	ILLUMINA	NextSeq 2000	PRJNA1102327	cattle
SRR29953275	216003674	740993	24-019382-007	2024	USA	Cattle	SAMN42762589	WGS	RANDOM	ILLUMINA	NextSeq 2000	PRJNA1102327	cattle
SRR29953276	251316720	850256	24-019379-004	2024	USA	Cattle	SAMN42762580	WGS	RANDOM	ILLUMINA	NextSeq 2000	PRJNA1102327	cattle
SRR29953277	230785149	780432	24-016568-001	2024	USA	Cattle	SAMN42762579	WGS	RANDOM	ILLUMINA	NextSeq 2000	PRJNA1102327	cattle
SRR29851679	192486634	654775	24-018976-007	2024	USA	CATTLE	SAMN42535327	WGS	RANDOM	ILLUMINA	NextSeq 2000	PRJNA1102327	cattle
SRR29851680	209457319	712338	24-018976-004	2024	USA	CATTLE	SAMN42535326	WGS	RANDOM	ILLUMINA	NextSeq 2000	PRJNA1102327	cattle
SRR29851681	222523342	766235	24-018975-003	2024	USA	CATTLE	SAMN42535325	WGS	RANDOM	ILLUMINA	NextSeq 2000	PRJNA1102327	cattle
SRR29851682	221118673	756219	24-018975-002	2024	USA	CATTLE	SAMN42535324	WGS	RANDOM	ILLUMINA	NextSeq 2000	PRJNA1102327	cattle
SRR29851683	236953234	809487	24-018975-001	2024	USA	CATTLE	SAMN42535323	WGS	RANDOM	ILLUMINA	NextSeq 2000	PRJNA1102327	cattle
SRR29851684	222036279	763990	24-018871-005	2024	USA	CATTLE	SAMN42535322	WGS	RANDOM	ILLUMINA	NextSeq 2000	PRJNA1102327	cattle
SRR29851685	217123028	737747	24-018871-004	2024	USA	CATTLE	SAMN42535321	WGS	RANDOM	ILLUMINA	NextSeq 2000	PRJNA1102327	cattle
SRR29851686	47556467	162602	24-019634-002	2024	USA	CATTLE	SAMN42535341	WGS	RANDOM	ILLUMINA	Illumina iSeq 100	PRJNA1102327	cattle
SRR29851687	36071184	124683	24-019634-001	2024	USA	CATTLE	SAMN42535340	WGS	RANDOM	ILLUMINA	Illumina iSeq 100	PRJNA1102327	cattle
SRR29851688	54397648	185682	24-019481-002	2024	USA	CATTLE	SAMN42535339	WGS	RANDOM	ILLUMINA	Illumina iSeq 100	PRJNA1102327	cattle
SRR29851689	60511226	206921	24-019481-001	2024	USA	CATTLE	SAMN42535338	WGS	RANDOM	ILLUMINA	Illumina iSeq 100	PRJNA1102327	cattle
SRR29851690	239062372	813814	24-018871-003	2024	USA	CATTLE	SAMN42535320	WGS	RANDOM	ILLUMINA	NextSeq 2000	PRJNA1102327	cattle
SRR29851691	26176244	89219	24-019381-015	2024	USA	CATTLE	SAMN42535337	WGS	RANDOM	ILLUMINA	Illumina iSeq 100	PRJNA1102327	cattle
SRR29851692	33590017	114288	24-019381-013	2024	USA	CATTLE	SAMN42535336	WGS	RANDOM	ILLUMINA	Illumina iSeq 100	PRJNA1102327	cattle
SRR29851693	30528600	104420	24-019381-001	2024	USA	CATTLE	SAMN42535335	WGS	RANDOM	ILLUMINA	Illumina iSeq 100	PRJNA1102327	cattle
SRR29851694	83504967	283954	24-019377-002	2024	USA	CHICKEN	SAMN42535334	WGS	RANDOM	ILLUMINA	Illumina iSeq 100	PRJNA1102327	poultry_wildbird
SRR29851695	93337772	317847	24-019377-001	2024	USA	CHICKEN	SAMN42535333	WGS	RANDOM	ILLUMINA	Illumina iSeq 100	PRJNA1102327	poultry_wildbird
SRR29851696	165837630	571971	24-019216-002	2024	USA	CATTLE	SAMN42535332	WGS	RANDOM	ILLUMINA	NextSeq 2000	PRJNA1102327	cattle
SRR29851697	115307709	395293	24-019214-003	2024	USA	CATTLE	SAMN42535331	WGS	RANDOM	ILLUMINA	NextSeq 2000	PRJNA1102327	cattle
SRR29851698	129720137	443935	24-019214-002	2024	USA	CATTLE	SAMN42535330	WGS	RANDOM	ILLUMINA	NextSeq 2000	PRJNA1102327	cattle
SRR29851699	166795830	575135	24-019167-001	2024	USA	CATTLE	SAMN42535329	WGS	RANDOM	ILLUMINA	NextSeq 2000	PRJNA1102327	cattle
SRR29851700	239828835	822039	24-019077-001	2024	USA	TURKEY	SAMN42535328	WGS	RANDOM	ILLUMINA	NextSeq 2000	PRJNA1102327	poultry_wildbird
SRR29851701	215255595	731959	24-018871-002	2024	USA	CATTLE	SAMN42535319	WGS	RANDOM	ILLUMINA	NextSeq 2000	PRJNA1102327	cattle
SRR29851702	141057331	477324	24-018871-001	2024	USA	CATTLE	SAMN42535318	WGS	RANDOM	ILLUMINA	NextSeq 2000	PRJNA1102327	cattle
SRR29740674	143279323	490800	24-018028-014	2024	USA	Cattle	SAMN42361170	WGS	RANDOM	ILLUMINA	NextSeq 2000	PRJNA1102327	cattle
SRR29740675	189230168	644800	24-018772-013	2024	USA	Cattle	SAMN42361232	WGS	RANDOM	ILLUMINA	NextSeq 2000	PRJNA1102327	cattle
SRR29740676	166826035	573001	24-018772-009	2024	USA	Cattle	SAMN42361231	WGS	RANDOM	ILLUMINA	NextSeq 2000	PRJNA1102327	cattle
SRR29740677	43406539	149964	24-018771-003	2024	USA	Cattle	SAMN42361230	WGS	RANDOM	ILLUMINA	Illumina iSeq 100	PRJNA1102327	cattle
SRR29740678	55086416	188743	24-018771-001	2024	USA	Cattle	SAMN42361229	WGS	RANDOM	ILLUMINA	Illumina iSeq 100	PRJNA1102327	cattle
SRR29740679	40749432	139739	24-018766-007	2024	USA	Cattle	SAMN42361228	WGS	RANDOM	ILLUMINA	Illumina iSeq 100	PRJNA1102327	cattle
SRR29740680	36304311	124950	24-018766-003	2024	USA	Cattle	SAMN42361227	WGS	RANDOM	ILLUMINA	Illumina iSeq 100	PRJNA1102327	cattle
SRR29740681	47561378	164003	24-018766-001	2024	USA	Cattle	SAMN42361226	WGS	RANDOM	ILLUMINA	Illumina iSeq 100	PRJNA1102327	cattle
SRR29740682	59463471	203516	24-018721-001	2024	USA	Cattle	SAMN42361225	WGS	RANDOM	ILLUMINA	Illumina iSeq 100	PRJNA1102327	cattle
SRR29740683	135522161	458404	24-018719-001	2024	USA	Cattle	SAMN42361224	WGS	RANDOM	ILLUMINA	NextSeq 2000	PRJNA1102327	cattle
SRR29740684	66532696	228053	24-018647-003	2024	USA	Turkey	SAMN42361223	WGS	RANDOM	ILLUMINA	Illumina iSeq 100	PRJNA1102327	poultry_wildbird
SRR29740685	134065352	453953	24-018028-013	2024	USA	Cattle	SAMN42361169	WGS	RANDOM	ILLUMINA	NextSeq 2000	PRJNA1102327	cattle
SRR29740686	63620437	218610	24-018647-002	2024	USA	Turkey	SAMN42361222	WGS	RANDOM	ILLUMINA	Illumina iSeq 100	PRJNA1102327	poultry_wildbird
SRR29740687	77801813	267134	24-018647-001	2024	USA	Turkey	SAMN42361221	WGS	RANDOM	ILLUMINA	Illumina iSeq 100	PRJNA1102327	poultry_wildbird
SRR29740688	69312409	237683	24-018646-001	2024	USA	Turkey	SAMN42361220	WGS	RANDOM	ILLUMINA	Illumina iSeq 100	PRJNA1102327	poultry_wildbird
SRR29740689	65871938	228313	24-018637-001	2024	USA	Cattle	SAMN42361219	WGS	RANDOM	ILLUMINA	Illumina iSeq 100	PRJNA1102327	cattle
SRR29740690	228102215	771973	24-018507-004	2024	USA	Chicken	SAMN42361218	WGS	RANDOM	ILLUMINA	NextSeq 2000	PRJNA1102327	poultry_wildbird
SRR29740691	145287857	490987	24-018507-003	2024	USA	Chicken	SAMN42361217	WGS	RANDOM	ILLUMINA	NextSeq 2000	PRJNA1102327	poultry_wildbird
SRR29740692	196238273	666669	24-018507-002	2024	USA	Chicken	SAMN42361216	WGS	RANDOM	ILLUMINA	NextSeq 2000	PRJNA1102327	poultry_wildbird
SRR29740693	177393840	604046	24-018507-001	2024	USA	Chicken	SAMN42361215	WGS	RANDOM	ILLUMINA	NextSeq 2000	PRJNA1102327	poultry_wildbird
SRR29740695	67936828	229373	24-018336-012	2024	USA	Cattle	SAMN42361213	WGS	RANDOM	ILLUMINA	NextSeq 2000	PRJNA1102327	cattle
SRR29740696	132331847	448476	24-018028-012	2024	USA	Cattle	SAMN42361168	WGS	RANDOM	ILLUMINA	NextSeq 2000	PRJNA1102327	cattle
SRR29740697	80082655	270400	24-018336-010	2024	USA	Cattle	SAMN42361212	WGS	RANDOM	ILLUMINA	NextSeq 2000	PRJNA1102327	cattle
SRR29740698	219408444	743933	24-018336-009	2024	USA	Cattle	SAMN42361211	WGS	RANDOM	ILLUMINA	NextSeq 2000	PRJNA1102327	cattle
SRR29740699	83244223	281340	24-018336-008	2024	USA	Cattle	SAMN42361210	WGS	RANDOM	ILLUMINA	NextSeq 2000	PRJNA1102327	cattle
SRR29740700	202354561	686681	24-018336-006	2024	USA	Cattle	SAMN42361209	WGS	RANDOM	ILLUMINA	NextSeq 2000	PRJNA1102327	cattle
SRR29740701	229844387	780964	24-018336-004	2024	USA	Cattle	SAMN42361208	WGS	RANDOM	ILLUMINA	NextSeq 2000	PRJNA1102327	cattle
SRR29740702	254294023	863396	24-018336-003	2024	USA	Cattle	SAMN42361207	WGS	RANDOM	ILLUMINA	NextSeq 2000	PRJNA1102327	cattle
SRR29740703	221648571	754514	24-018336-002	2024	USA	Cattle	SAMN42361206	WGS	RANDOM	ILLUMINA	NextSeq 2000	PRJNA1102327	cattle
SRR29740704	187715480	638983	24-018336-001	2024	USA	Cattle	SAMN42361205	WGS	RANDOM	ILLUMINA	NextSeq 2000	PRJNA1102327	cattle
SRR29740705	141560922	479099	24-018334-010	2024	USA	Cattle	SAMN42361204	WGS	RANDOM	ILLUMINA	NextSeq 2000	PRJNA1102327	cattle
SRR29740706	124027510	419409	24-018028-016	2024	USA	Cattle	SAMN42361172	WGS	RANDOM	ILLUMINA	NextSeq 2000	PRJNA1102327	cattle
SRR29740707	132014759	447305	24-018028-015	2024	USA	Cattle	SAMN42361171	WGS	RANDOM	ILLUMINA	NextSeq 2000	PRJNA1102327	cattle
SRR29740708	149838786	509766	24-018959-001	2024	USA	Cattle	SAMN42361242	WGS	RANDOM	ILLUMINA	NextSeq 2000	PRJNA1102327	cattle
SRR29740709	178377500	605350	24-018958-003	2024	USA	Cattle	SAMN42361241	WGS	RANDOM	ILLUMINA	NextSeq 2000	PRJNA1102327	cattle
SRR29740710	206911041	707594	24-018958-002	2024	USA	Cattle	SAMN42361240	WGS	RANDOM	ILLUMINA	NextSeq 2000	PRJNA1102327	cattle
SRR29740711	256630242	888954	24-018958-001	2024	USA	Cattle	SAMN42361239	WGS	RANDOM	ILLUMINA	NextSeq 2000	PRJNA1102327	cattle
SRR29740712	203804970	704677	24-018873-002	2024	USA	Cattle	SAMN42361238	WGS	RANDOM	ILLUMINA	NextSeq 2000	PRJNA1102327	cattle
SRR29740713	142399825	488958	24-018873-001	2024	USA	Cattle	SAMN42361237	WGS	RANDOM	ILLUMINA	NextSeq 2000	PRJNA1102327	cattle
SRR29740714	155382123	532092	24-018872-002	2024	USA	Cattle	SAMN42361236	WGS	RANDOM	ILLUMINA	NextSeq 2000	PRJNA1102327	cattle
SRR29740715	196365319	671154	24-018872-001	2024	USA	Cattle	SAMN42361235	WGS	RANDOM	ILLUMINA	NextSeq 2000	PRJNA1102327	cattle
SRR29740716	123284472	421252	24-018869-001	2024	USA	Cattle	SAMN42361234	WGS	RANDOM	ILLUMINA	NextSeq 2000	PRJNA1102327	cattle
SRR29740717	130976614	445880	24-018782-001	2024	USA	Cattle	SAMN42361233	WGS	RANDOM	ILLUMINA	NextSeq 2000	PRJNA1102327	cattle
SRR29740718	165627270	565980	24-018334-009	2024	USA	Cattle	SAMN42361203	WGS	RANDOM	ILLUMINA	NextSeq 2000	PRJNA1102327	cattle
SRR29740719	133559548	452150	24-018028-011	2024	USA	Cattle	SAMN42361167	WGS	RANDOM	ILLUMINA	NextSeq 2000	PRJNA1102327	cattle
SRR29740720	67074063	227991	24-018334-008	2024	USA	Cattle	SAMN42361202	WGS	RANDOM	ILLUMINA	NextSeq 2000	PRJNA1102327	cattle
SRR29740721	156555895	530750	24-018334-007	2024	USA	Cattle	SAMN42361201	WGS	RANDOM	ILLUMINA	NextSeq 2000	PRJNA1102327	cattle
SRR29740722	116400819	395442	24-018334-006	2024	USA	Cattle	SAMN42361200	WGS	RANDOM	ILLUMINA	NextSeq 2000	PRJNA1102327	cattle
SRR29740723	214500294	727646	24-018334-005	2024	USA	Cattle	SAMN42361199	WGS	RANDOM	ILLUMINA	NextSeq 2000	PRJNA1102327	cattle
SRR29740724	216761031	736510	24-018334-004	2024	USA	Cattle	SAMN42361198	WGS	RANDOM	ILLUMINA	NextSeq 2000	PRJNA1102327	cattle
SRR29740725	112535095	383133	24-018334-003	2024	USA	Cattle	SAMN42361197	WGS	RANDOM	ILLUMINA	NextSeq 2000	PRJNA1102327	cattle
SRR29740726	203301092	691624	24-018334-001	2024	USA	Cattle	SAMN42361196	WGS	RANDOM	ILLUMINA	NextSeq 2000	PRJNA1102327	cattle
SRR29740727	184181047	623698	24-018277-001	2024	USA	Cattle	SAMN42361195	WGS	RANDOM	ILLUMINA	NextSeq 2000	PRJNA1102327	cattle
SRR29740728	123992859	419643	24-018276-001	2024	USA	Cattle	SAMN42361194	WGS	RANDOM	ILLUMINA	NextSeq 2000	PRJNA1102327	cattle
SRR29740729	130927225	443349	24-018275-001	2024	USA	Cattle	SAMN42361193	WGS	RANDOM	ILLUMINA	NextSeq 2000	PRJNA1102327	cattle
SRR29740730	140251736	474068	24-018028-009	2024	USA	Cattle	SAMN42361166	WGS	RANDOM	ILLUMINA	NextSeq 2000	PRJNA1102327	cattle
SRR29740731	109647485	370561	24-018271-001	2024	USA	Cattle	SAMN42361192	WGS	RANDOM	ILLUMINA	NextSeq 2000	PRJNA1102327	cattle
SRR29740732	65888746	222083	24-018155-001	2024	USA	Cattle	SAMN42361191	WGS	RANDOM	ILLUMINA	NextSeq 2000	PRJNA1102327	cattle
SRR29740733	88036394	296971	24-018154-001	2024	USA	Cattle	SAMN42361190	WGS	RANDOM	ILLUMINA	NextSeq 2000	PRJNA1102327	cattle
SRR29740734	120945562	408938	24-018153-004	2024	USA	Chicken	SAMN42361189	WGS	RANDOM	ILLUMINA	NextSeq 2000	PRJNA1102327	poultry_wildbird
SRR29740735	130418131	441120	24-018153-003	2024	USA	Turkey	SAMN42361188	WGS	RANDOM	ILLUMINA	NextSeq 2000	PRJNA1102327	poultry_wildbird
SRR29740736	129316647	437221	24-018153-002	2024	USA	Chicken	SAMN42361187	WGS	RANDOM	ILLUMINA	NextSeq 2000	PRJNA1102327	poultry_wildbird
SRR29740737	131115738	444359	24-018153-001	2024	USA	Turkey	SAMN42361186	WGS	RANDOM	ILLUMINA	NextSeq 2000	PRJNA1102327	poultry_wildbird
SRR29740738	101340461	341868	24-018151-006	2024	USA	Cattle	SAMN42361185	WGS	RANDOM	ILLUMINA	NextSeq 2000	PRJNA1102327	cattle
SRR29740739	111490568	377081	24-018151-005	2024	USA	Cattle	SAMN42361184	WGS	RANDOM	ILLUMINA	NextSeq 2000	PRJNA1102327	cattle
SRR29740740	97411044	328939	24-018151-004	2024	USA	Cattle	SAMN42361183	WGS	RANDOM	ILLUMINA	NextSeq 2000	PRJNA1102327	cattle
SRR29740741	107728859	364406	24-018028-008	2024	USA	Cattle	SAMN42361165	WGS	RANDOM	ILLUMINA	NextSeq 2000	PRJNA1102327	cattle
SRR29740742	96858145	327105	24-018151-003	2024	USA	Cattle	SAMN42361182	WGS	RANDOM	ILLUMINA	NextSeq 2000	PRJNA1102327	cattle
SRR29740743	110058736	373267	24-018151-001	2024	USA	Cattle	SAMN42361181	WGS	RANDOM	ILLUMINA	NextSeq 2000	PRJNA1102327	cattle
SRR29740744	85412338	288871	24-018149-004	2024	USA	Cattle	SAMN42361180	WGS	RANDOM	ILLUMINA	NextSeq 2000	PRJNA1102327	cattle
SRR29740745	139081191	471257	24-018149-003	2024	USA	Cattle	SAMN42361179	WGS	RANDOM	ILLUMINA	NextSeq 2000	PRJNA1102327	cattle
SRR29740746	115434192	389790	24-018030-005	2024	USA	Cattle	SAMN42361178	WGS	RANDOM	ILLUMINA	NextSeq 2000	PRJNA1102327	cattle
SRR29740747	106615663	360387	24-018030-004	2024	USA	Cattle	SAMN42361177	WGS	RANDOM	ILLUMINA	NextSeq 2000	PRJNA1102327	cattle
SRR29740748	88738580	301865	24-018029-005	2024	USA	Cattle	SAMN42361176	WGS	RANDOM	ILLUMINA	NextSeq 2000	PRJNA1102327	cattle
SRR29740749	90051122	304650	24-018029-004	2024	USA	Cattle	SAMN42361175	WGS	RANDOM	ILLUMINA	NextSeq 2000	PRJNA1102327	cattle
SRR29740750	93153102	314478	24-018029-003	2024	USA	Cattle	SAMN42361174	WGS	RANDOM	ILLUMINA	NextSeq 2000	PRJNA1102327	cattle
SRR29740751	127272932	431191	24-018028-019	2024	USA	Cattle	SAMN42361173	WGS	RANDOM	ILLUMINA	NextSeq 2000	PRJNA1102327	cattle
SRR29740752	127698434	435278	24-018028-007	2024	USA	Cattle	SAMN42361164	WGS	RANDOM	ILLUMINA	NextSeq 2000	PRJNA1102327	cattle
SRR29740753	125327883	426810	24-018028-006	2024	USA	Cattle	SAMN42361163	WGS	RANDOM	ILLUMINA	NextSeq 2000	PRJNA1102327	cattle
SRR29694475	120574221	409917	24-017153-003-original	2024	USA	Cattle	SAMN42278923	WGS	RANDOM	ILLUMINA	NextSeq 2000	PRJNA1102327	cattle
SRR29694517	16427259	57351	24-017584-012-original	2024	USA	Cattle	SAMN42278994	WGS	RANDOM	ILLUMINA	NextSeq 2000	PRJNA1102327	cattle
SRR29694518	142353068	485935	24-017584-011-original	2024	USA	Cattle	SAMN42278993	WGS	RANDOM	ILLUMINA	NextSeq 2000	PRJNA1102327	cattle
SRR29694520	135636858	470273	24-017584-010-original	2024	USA	Cattle	SAMN42278992	WGS	RANDOM	ILLUMINA	NextSeq 2000	PRJNA1102327	cattle
SRR29694521	110504780	375658	24-017584-009-original	2024	USA	Cattle	SAMN42278991	WGS	RANDOM	ILLUMINA	NextSeq 2000	PRJNA1102327	cattle
SRR29694522	120253088	411386	24-017584-006-original	2024	USA	Cattle	SAMN42278990	WGS	RANDOM	ILLUMINA	NextSeq 2000	PRJNA1102327	cattle
SRR29694523	104079443	353194	24-017584-005-original	2024	USA	Cattle	SAMN42278989	WGS	RANDOM	ILLUMINA	NextSeq 2000	PRJNA1102327	cattle
SRR29694524	161248161	551462	24-017584-004-original	2024	USA	Cattle	SAMN42278988	WGS	RANDOM	ILLUMINA	NextSeq 2000	PRJNA1102327	cattle
SRR29694525	137940582	468818	24-017584-003-original	2024	USA	Cattle	SAMN42278987	WGS	RANDOM	ILLUMINA	NextSeq 2000	PRJNA1102327	cattle
SRR29694573	64173225	218055	24-018029-006-original	2024	USA	Cattle	SAMN42278986	WGS	RANDOM	ILLUMINA	NextSeq 2000	PRJNA1102327	cattle
SRR29694574	64076546	217622	24-018029-001-original	2024	USA	Cattle	SAMN42278985	WGS	RANDOM	ILLUMINA	NextSeq 2000	PRJNA1102327	cattle
SRR29694486	85667489	291234	24-017153-001-original	2024	USA	Cattle	SAMN42278922	WGS	RANDOM	ILLUMINA	NextSeq 2000	PRJNA1102327	cattle
SRR29694575	64994995	220244	24-018028-005-original	2024	USA	Cattle	SAMN42278984	WGS	RANDOM	ILLUMINA	NextSeq 2000	PRJNA1102327	cattle
SRR29694576	61275235	208900	24-018028-003-original	2024	USA	Cattle	SAMN42278983	WGS	RANDOM	ILLUMINA	NextSeq 2000	PRJNA1102327	cattle
SRR29694577	79423816	269917	24-018028-002-original	2024	USA	Cattle	SAMN42278982	WGS	RANDOM	ILLUMINA	NextSeq 2000	PRJNA1102327	cattle
SRR29694579	42100120	143632	24-018027-005-original	2024	USA	Cattle	SAMN42278981	WGS	RANDOM	ILLUMINA	NextSeq 2000	PRJNA1102327	cattle
SRR29694580	56136465	191287	24-018025-001-original	2024	USA	Cattle	SAMN42278980	WGS	RANDOM	ILLUMINA	NextSeq 2000	PRJNA1102327	cattle
SRR29694583	55106614	189115	24-017990-001-original	2024	USA	Cattle	SAMN42278977	WGS	RANDOM	ILLUMINA	NextSeq 2000	PRJNA1102327	cattle
SRR29694584	67876439	231150	24-017986-002-original	2024	USA	Turkey	SAMN42278976	WGS	RANDOM	ILLUMINA	NextSeq 2000	PRJNA1102327	poultry_wildbird
SRR29694585	66289582	226365	24-017986-001-original	2024	USA	Turkey	SAMN42278975	WGS	RANDOM	ILLUMINA	NextSeq 2000	PRJNA1102327	poultry_wildbird
SRR29694497	160076316	542700	24-017152-023-original	2024	USA	Cattle	SAMN42278921	WGS	RANDOM	ILLUMINA	NextSeq 2000	PRJNA1102327	cattle
SRR29694588	55477528	188735	24-017898-002-original	2024	USA	Cattle	SAMN42278974	WGS	RANDOM	ILLUMINA	NextSeq 2000	PRJNA1102327	cattle
SRR29694539	59518124	203538	24-017898-001-original	2024	USA	Cattle	SAMN42278973	WGS	RANDOM	ILLUMINA	NextSeq 2000	PRJNA1102327	cattle
SRR29694543	113051505	384172	24-017677-002-original	2024	USA	Turkey	SAMN42278972	WGS	RANDOM	ILLUMINA	NextSeq 2000	PRJNA1102327	poultry_wildbird
SRR29694544	112452629	381491	24-017676-003-original	2024	USA	Turkey	SAMN42278971	WGS	RANDOM	ILLUMINA	NextSeq 2000	PRJNA1102327	poultry_wildbird
SRR29694545	80188739	274688	24-017676-002-original	2024	USA	Turkey	SAMN42278970	WGS	RANDOM	ILLUMINA	NextSeq 2000	PRJNA1102327	poultry_wildbird
SRR29694546	170916813	579945	24-017676-001-original	2024	USA	Turkey	SAMN42278969	WGS	RANDOM	ILLUMINA	NextSeq 2000	PRJNA1102327	poultry_wildbird
SRR29694553	67800403	230198	24-017662-005-original	2024	USA	Cattle	SAMN42278968	WGS	RANDOM	ILLUMINA	NextSeq 2000	PRJNA1102327	cattle
SRR29694554	122220327	414781	24-017662-002-original	2024	USA	Cattle	SAMN42278967	WGS	RANDOM	ILLUMINA	NextSeq 2000	PRJNA1102327	cattle
SRR29694555	136389977	463971	24-017660-005-original	2024	USA	Cattle	SAMN42278966	WGS	RANDOM	ILLUMINA	NextSeq 2000	PRJNA1102327	cattle
SRR29694556	102274700	347701	24-017660-003-original	2024	USA	Cattle	SAMN42278965	WGS	RANDOM	ILLUMINA	NextSeq 2000	PRJNA1102327	cattle
SRR29694508	64832449	219650	24-017152-021-original	2024	USA	Cattle	SAMN42278920	WGS	RANDOM	ILLUMINA	NextSeq 2000	PRJNA1102327	cattle
SRR29694559	86507746	293415	24-017654-005-original	2024	USA	Cattle	SAMN42278964	WGS	RANDOM	ILLUMINA	NextSeq 2000	PRJNA1102327	cattle
SRR29694476	77905970	264069	24-017654-004-original	2024	USA	Cattle	SAMN42278963	WGS	RANDOM	ILLUMINA	NextSeq 2000	PRJNA1102327	cattle
SRR29694477	107001258	362636	24-017654-003-original	2024	USA	Cattle	SAMN42278962	WGS	RANDOM	ILLUMINA	NextSeq 2000	PRJNA1102327	cattle
SRR29694478	78596440	265814	24-017654-002-original	2024	USA	Cattle	SAMN42278961	WGS	RANDOM	ILLUMINA	NextSeq 2000	PRJNA1102327	cattle
SRR29694479	133354994	452769	24-017654-001-original	2024	USA	Cattle	SAMN42278960	WGS	RANDOM	ILLUMINA	NextSeq 2000	PRJNA1102327	cattle
SRR29694480	124469020	422329	24-017653-012-original	2024	USA	Cattle	SAMN42278959	WGS	RANDOM	ILLUMINA	NextSeq 2000	PRJNA1102327	cattle
SRR29694481	127165739	431643	24-017653-011-original	2024	USA	Cattle	SAMN42278958	WGS	RANDOM	ILLUMINA	NextSeq 2000	PRJNA1102327	cattle
SRR29694487	64784496	220001	24-017652-021-original	2024	USA	Cattle	SAMN42278957	WGS	RANDOM	ILLUMINA	NextSeq 2000	PRJNA1102327	cattle
SRR29694488	122908650	417500	24-017652-020-original	2024	USA	Cattle	SAMN42278956	WGS	RANDOM	ILLUMINA	NextSeq 2000	PRJNA1102327	cattle
SRR29694489	139584203	475029	24-017652-019-original	2024	USA	Cattle	SAMN42278955	WGS	RANDOM	ILLUMINA	NextSeq 2000	PRJNA1102327	cattle
SRR29694519	98760697	335631	24-017152-018-original	2024	USA	Cattle	SAMN42278919	WGS	RANDOM	ILLUMINA	NextSeq 2000	PRJNA1102327	cattle
SRR29694490	116644883	396133	24-017652-018-original	2024	USA	Cattle	SAMN42278954	WGS	RANDOM	ILLUMINA	NextSeq 2000	PRJNA1102327	cattle
SRR29694507	79612398	270665	24-017594-002-original	2024	USA	Turkey	SAMN42278953	WGS	RANDOM	ILLUMINA	NextSeq 2000	PRJNA1102327	poultry_wildbird
SRR29694509	109886936	373664	24-017594-001-original	2024	USA	Turkey	SAMN42278952	WGS	RANDOM	ILLUMINA	NextSeq 2000	PRJNA1102327	poultry_wildbird
SRR29694512	93465509	316004	24-017584-018-original	2024	USA	Cattle	SAMN42278951	WGS	RANDOM	ILLUMINA	NextSeq 2000	PRJNA1102327	cattle
SRR29694513	108066636	365878	24-017584-017-original	2024	USA	Cattle	SAMN42278950	WGS	RANDOM	ILLUMINA	NextSeq 2000	PRJNA1102327	cattle
SRR29694514	71114007	241569	24-017584-016-original	2024	USA	Cattle	SAMN42278949	WGS	RANDOM	ILLUMINA	NextSeq 2000	PRJNA1102327	cattle
SRR29694526	94473493	319744	24-017583-001-original	2024	USA	Cattle	SAMN42278948	WGS	RANDOM	ILLUMINA	NextSeq 2000	PRJNA1102327	cattle
SRR29694527	139653396	472979	24-017582-001-original	2024	USA	Cattle	SAMN42278947	WGS	RANDOM	ILLUMINA	NextSeq 2000	PRJNA1102327	cattle
SRR29694528	128267537	435725	24-017490-002-original	2024	USA	Cattle	SAMN42278946	WGS	RANDOM	ILLUMINA	NextSeq 2000	PRJNA1102327	cattle
SRR29694529	145781148	494632	24-017490-001-original	2024	USA	Cattle	SAMN42278945	WGS	RANDOM	ILLUMINA	NextSeq 2000	PRJNA1102327	cattle
SRR29694530	207504443	705643	24-017152-016-original	2024	USA	Cattle	SAMN42278918	WGS	RANDOM	ILLUMINA	NextSeq 2000	PRJNA1102327	cattle
SRR29694531	89649236	304121	24-017489-002-original	2024	USA	Cattle	SAMN42278944	WGS	RANDOM	ILLUMINA	NextSeq 2000	PRJNA1102327	cattle
SRR29694532	135345019	459055	24-017484-007-original	2024	USA	Cattle	SAMN42278943	WGS	RANDOM	ILLUMINA	NextSeq 2000	PRJNA1102327	cattle
SRR29694533	103809080	351410	24-017484-006-original	2024	USA	Cattle	SAMN42278942	WGS	RANDOM	ILLUMINA	NextSeq 2000	PRJNA1102327	cattle
SRR29694534	96301151	327271	24-017484-005-original	2024	USA	Cattle	SAMN42278941	WGS	RANDOM	ILLUMINA	NextSeq 2000	PRJNA1102327	cattle
SRR29694535	94465961	320019	24-017484-004-original	2024	USA	Cattle	SAMN42278940	WGS	RANDOM	ILLUMINA	NextSeq 2000	PRJNA1102327	cattle
SRR29694536	85672061	291041	24-017484-003-original	2024	USA	Cattle	SAMN42278939	WGS	RANDOM	ILLUMINA	NextSeq 2000	PRJNA1102327	cattle
SRR29694537	110841413	376223	24-017484-001-original	2024	USA	Cattle	SAMN42278938	WGS	RANDOM	ILLUMINA	NextSeq 2000	PRJNA1102327	cattle
SRR29694538	173707859	590856	24-017483-003-original	2024	USA	Cattle	SAMN42278937	WGS	RANDOM	ILLUMINA	NextSeq 2000	PRJNA1102327	cattle
SRR29694485	120633522	418855	24-017653-003-original	2024	USA	Cattle	SAMN42279014	WGS	RANDOM	ILLUMINA	NextSeq 2000	PRJNA1102327	cattle
SRR29694491	134036212	456842	24-017652-017-original	2024	USA	Cattle	SAMN42279013	WGS	RANDOM	ILLUMINA	NextSeq 2000	PRJNA1102327	cattle
SRR29694492	132671840	455623	24-017652-016-original	2024	USA	Cattle	SAMN42279012	WGS	RANDOM	ILLUMINA	NextSeq 2000	PRJNA1102327	cattle
SRR29694493	123240898	420049	24-017652-015-original	2024	USA	Cattle	SAMN42279011	WGS	RANDOM	ILLUMINA	NextSeq 2000	PRJNA1102327	cattle
SRR29694494	135274244	460750	24-017652-014-original	2024	USA	Cattle	SAMN42279010	WGS	RANDOM	ILLUMINA	NextSeq 2000	PRJNA1102327	cattle
SRR29694495	143277295	485664	24-017652-012-original	2024	USA	Cattle	SAMN42279009	WGS	RANDOM	ILLUMINA	NextSeq 2000	PRJNA1102327	cattle
SRR29694496	128147221	434511	24-017652-011-original	2024	USA	Cattle	SAMN42279008	WGS	RANDOM	ILLUMINA	NextSeq 2000	PRJNA1102327	cattle
SRR29694498	134405270	457614	24-017652-010-original	2024	USA	Cattle	SAMN42279007	WGS	RANDOM	ILLUMINA	NextSeq 2000	PRJNA1102327	cattle
SRR29694499	12852271	44701	24-017652-009-original	2024	USA	Cattle	SAMN42279006	WGS	RANDOM	ILLUMINA	NextSeq 2000	PRJNA1102327	cattle
SRR29694500	224814239	768096	24-017652-008-original	2024	USA	Cattle	SAMN42279005	WGS	RANDOM	ILLUMINA	NextSeq 2000	PRJNA1102327	cattle
SRR29694549	156634036	534296	24-017153-007-original	2024	USA	Cattle	SAMN42278924	WGS	RANDOM	ILLUMINA	NextSeq 2000	PRJNA1102327	cattle
SRR29694501	245043653	834686	24-017652-007-original	2024	USA	Cattle	SAMN42279004	WGS	RANDOM	ILLUMINA	NextSeq 2000	PRJNA1102327	cattle
SRR29694502	196069324	667713	24-017652-006-original	2024	USA	Cattle	SAMN42279003	WGS	RANDOM	ILLUMINA	NextSeq 2000	PRJNA1102327	cattle
SRR29694503	240861994	820531	24-017652-005-original	2024	USA	Cattle	SAMN42279002	WGS	RANDOM	ILLUMINA	NextSeq 2000	PRJNA1102327	cattle
SRR29694504	261092547	888155	24-017652-003-original	2024	USA	Cattle	SAMN42279001	WGS	RANDOM	ILLUMINA	NextSeq 2000	PRJNA1102327	cattle
SRR29694505	225566097	766078	24-017652-002-original	2024	USA	Cattle	SAMN42279000	WGS	RANDOM	ILLUMINA	NextSeq 2000	PRJNA1102327	cattle
SRR29694506	196969344	666516	24-017652-001-original	2024	USA	Cattle	SAMN42278999	WGS	RANDOM	ILLUMINA	NextSeq 2000	PRJNA1102327	cattle
SRR29694510	124190624	423481	24-017584-020-original	2024	USA	Cattle	SAMN42278998	WGS	RANDOM	ILLUMINA	NextSeq 2000	PRJNA1102327	cattle
SRR29694511	107675765	368589	24-017584-019-original	2024	USA	Cattle	SAMN42278997	WGS	RANDOM	ILLUMINA	NextSeq 2000	PRJNA1102327	cattle
SRR29694515	133449916	453565	24-017584-014-original	2024	USA	Cattle	SAMN42278996	WGS	RANDOM	ILLUMINA	NextSeq 2000	PRJNA1102327	cattle
SRR29694516	127967655	437257	24-017584-013-original	2024	USA	Cattle	SAMN42278995	WGS	RANDOM	ILLUMINA	NextSeq 2000	PRJNA1102327	cattle
SRR29694560	62104761	209700	24-017483-002-original	2024	USA	Cattle	SAMN42278936	WGS	RANDOM	ILLUMINA	NextSeq 2000	PRJNA1102327	cattle
SRR29694561	118869888	402619	24-017483-001-original	2024	USA	Cattle	SAMN42278935	WGS	RANDOM	ILLUMINA	NextSeq 2000	PRJNA1102327	cattle
SRR29694562	140523684	478947	24-017152-014-original	2024	USA	Cattle	SAMN42278917	WGS	RANDOM	ILLUMINA	NextSeq 2000	PRJNA1102327	cattle
SRR29694563	158184761	536989	24-017478-005-original	2024	USA	Cattle	SAMN42278934	WGS	RANDOM	ILLUMINA	NextSeq 2000	PRJNA1102327	cattle
SRR29694564	99204127	336793	24-017478-002-original	2024	USA	Cattle	SAMN42278933	WGS	RANDOM	ILLUMINA	NextSeq 2000	PRJNA1102327	cattle
SRR29694565	174272906	590214	24-017478-001-original	2024	USA	Cattle	SAMN42278932	WGS	RANDOM	ILLUMINA	NextSeq 2000	PRJNA1102327	cattle
SRR29694566	114657241	387835	24-017473-005-original	2024	USA	Cattle	SAMN42278931	WGS	RANDOM	ILLUMINA	NextSeq 2000	PRJNA1102327	cattle
SRR29694567	156200679	528478	24-017473-003-original	2024	USA	Cattle	SAMN42278930	WGS	RANDOM	ILLUMINA	NextSeq 2000	PRJNA1102327	cattle
SRR29694568	86044226	291552	24-017473-002-original	2024	USA	Cattle	SAMN42278929	WGS	RANDOM	ILLUMINA	NextSeq 2000	PRJNA1102327	cattle
SRR29694569	156161344	528831	24-017473-001-original	2024	USA	Cattle	SAMN42278928	WGS	RANDOM	ILLUMINA	NextSeq 2000	PRJNA1102327	cattle
SRR29694570	84471259	289197	24-017154-010-original	2024	USA	Cattle	SAMN42278927	WGS	RANDOM	ILLUMINA	NextSeq 2000	PRJNA1102327	cattle
SRR29694571	125787077	430975	24-018030-002-original	2024	USA	Cattle	SAMN42279031	WGS	RANDOM	ILLUMINA	NextSeq 2000	PRJNA1102327	cattle
SRR29694572	110339756	374920	24-018030-001-original	2024	USA	Cattle	SAMN42279030	WGS	RANDOM	ILLUMINA	NextSeq 2000	PRJNA1102327	cattle
SRR29694586	95085606	323949	24-017916-002-original	2024	USA	Cattle	SAMN42279029	WGS	RANDOM	ILLUMINA	NextSeq 2000	PRJNA1102327	cattle
SRR29694587	151722788	514634	24-017916-001-original	2024	USA	Cattle	SAMN42279028	WGS	RANDOM	ILLUMINA	NextSeq 2000	PRJNA1102327	cattle
SRR29694540	179876069	626602	24-017820-001-original	2024	USA	Cattle	SAMN42279027	WGS	RANDOM	ILLUMINA	NextSeq 2000	PRJNA1102327	cattle
SRR29694541	128005874	437735	24-017811-005-original	2024	USA	Cattle	SAMN42279026	WGS	RANDOM	ILLUMINA	NextSeq 2000	PRJNA1102327	cattle
SRR29694542	164552419	564385	24-017811-003-original	2024	USA	Cattle	SAMN42279025	WGS	RANDOM	ILLUMINA	NextSeq 2000	PRJNA1102327	cattle
SRR29694578	125204674	427052	24-017154-008-original	2024	USA	Cattle	SAMN42278926	WGS	RANDOM	ILLUMINA	NextSeq 2000	PRJNA1102327	cattle
SRR29694547	142081038	481128	24-017662-014-original	2024	USA	Cattle	SAMN42279024	WGS	RANDOM	ILLUMINA	NextSeq 2000	PRJNA1102327	cattle
SRR29694548	135884029	460665	24-017662-013-original	2024	USA	Cattle	SAMN42279023	WGS	RANDOM	ILLUMINA	NextSeq 2000	PRJNA1102327	cattle
SRR29694550	155384871	532413	24-017662-011-original	2024	USA	Cattle	SAMN42279022	WGS	RANDOM	ILLUMINA	NextSeq 2000	PRJNA1102327	cattle
SRR29694551	140890252	477210	24-017662-008-original	2024	USA	Cattle	SAMN42279021	WGS	RANDOM	ILLUMINA	NextSeq 2000	PRJNA1102327	cattle
SRR29694552	152634433	519795	24-017662-006-original	2024	USA	Cattle	SAMN42279020	WGS	RANDOM	ILLUMINA	NextSeq 2000	PRJNA1102327	cattle
SRR29694557	136652008	464513	24-017660-002-original	2024	USA	Cattle	SAMN42279019	WGS	RANDOM	ILLUMINA	NextSeq 2000	PRJNA1102327	cattle
SRR29694558	138739445	471752	24-017660-001-original	2024	USA	Cattle	SAMN42279018	WGS	RANDOM	ILLUMINA	NextSeq 2000	PRJNA1102327	cattle
SRR29694482	106783045	362477	24-017653-009-original	2024	USA	Cattle	SAMN42279017	WGS	RANDOM	ILLUMINA	NextSeq 2000	PRJNA1102327	cattle
SRR29694483	114669291	389383	24-017653-008-original	2024	USA	Cattle	SAMN42279016	WGS	RANDOM	ILLUMINA	NextSeq 2000	PRJNA1102327	cattle
SRR29694484	90626687	308388	24-017653-007-original	2024	USA	Cattle	SAMN42279015	WGS	RANDOM	ILLUMINA	NextSeq 2000	PRJNA1102327	cattle
SRR29694589	164938435	561180	24-017154-003-original	2024	USA	Cattle	SAMN42278925	WGS	RANDOM	ILLUMINA	NextSeq 2000	PRJNA1102327	cattle
SRR29694590	95799349	325839	24-017152-010-original	2024	USA	Cattle	SAMN42278916	WGS	RANDOM	ILLUMINA	NextSeq 2000	PRJNA1102327	cattle
SRR29694591	115439575	393731	24-017152-008-original	2024	USA	Cattle	SAMN42278915	WGS	RANDOM	ILLUMINA	NextSeq 2000	PRJNA1102327	cattle
SRR29543293	174954469	593399	24-017049-001	2024	USA	TURKEY	SAMN42027875	WGS	RANDOM	ILLUMINA	NextSeq 2000	PRJNA1102327	poultry_wildbird
SRR29543294	153621413	522000	24-017048-005	2024	USA	CATTLE	SAMN42027874	WGS	RANDOM	ILLUMINA	NextSeq 2000	PRJNA1102327	cattle
SRR29543295	155261097	527446	24-017048-003	2024	USA	CATTLE	SAMN42027873	WGS	RANDOM	ILLUMINA	NextSeq 2000	PRJNA1102327	cattle
SRR29543296	152895361	519319	24-017048-001	2024	USA	CATTLE	SAMN42027872	WGS	RANDOM	ILLUMINA	NextSeq 2000	PRJNA1102327	cattle
SRR29543297	146676579	496196	24-016804-001	2024	USA	CATTLE	SAMN42027871	WGS	RANDOM	ILLUMINA	NextSeq 2000	PRJNA1102327	cattle
SRR29543298	151248755	513493	24-016688-006	2024	USA	CATTLE	SAMN42027870	WGS	RANDOM	ILLUMINA	NextSeq 2000	PRJNA1102327	cattle
SRR29543299	188982358	640517	24-016688-003	2024	USA	CATTLE	SAMN42027869	WGS	RANDOM	ILLUMINA	NextSeq 2000	PRJNA1102327	cattle
SRR29543300	132404872	449099	24-016688-001	2024	USA	CATTLE	SAMN42027868	WGS	RANDOM	ILLUMINA	NextSeq 2000	PRJNA1102327	cattle
SRR29543301	167589644	568801	24-016687-003	2024	USA	CATTLE	SAMN42027867	WGS	RANDOM	ILLUMINA	NextSeq 2000	PRJNA1102327	cattle
SRR29543302	149373184	507646	24-016687-002	2024	USA	CATTLE	SAMN42027866	WGS	RANDOM	ILLUMINA	NextSeq 2000	PRJNA1102327	cattle
SRR29543303	109086548	381599	24-017152-001	2024	USA	CATTLE	SAMN42027785	WGS	RANDOM	ILLUMINA	NextSeq 2000	PRJNA1102327	cattle
SRR29543304	219701273	746461	24-016687-001	2024	USA	CATTLE	SAMN42027865	WGS	RANDOM	ILLUMINA	NextSeq 2000	PRJNA1102327	cattle
SRR29543305	164924643	557095	24-016681-004	2024	USA	CATTLE	SAMN42027864	WGS	RANDOM	ILLUMINA	NextSeq 2000	PRJNA1102327	cattle
SRR29543306	138415100	467083	24-016681-002	2024	USA	CATTLE	SAMN42027863	WGS	RANDOM	ILLUMINA	NextSeq 2000	PRJNA1102327	cattle
SRR29543307	139220299	470769	24-016671-005	2024	USA	CATTLE	SAMN42027862	WGS	RANDOM	ILLUMINA	NextSeq 2000	PRJNA1102327	cattle
SRR29543308	153751538	522510	24-016669-001	2024	USA	CHICKEN	SAMN42027861	WGS	RANDOM	ILLUMINA	NextSeq 2000	PRJNA1102327	poultry_wildbird
SRR29543309	171824836	583659	24-016622-001	2024	USA	CATTLE	SAMN42027860	WGS	RANDOM	ILLUMINA	NextSeq 2000	PRJNA1102327	cattle
SRR29543310	176008638	596917	24-016567-001	2024	USA	CATTLE	SAMN42027859	WGS	RANDOM	ILLUMINA	NextSeq 2000	PRJNA1102327	cattle
SRR29543311	201489469	682287	24-016523-029	2024	USA	CATTLE	SAMN42027858	WGS	RANDOM	ILLUMINA	NextSeq 2000	PRJNA1102327	cattle
SRR29543312	212791501	720264	24-016523-028	2024	USA	CATTLE	SAMN42027857	WGS	RANDOM	ILLUMINA	NextSeq 2000	PRJNA1102327	cattle
SRR29543313	234712485	794496	24-016523-027	2024	USA	CATTLE	SAMN42027856	WGS	RANDOM	ILLUMINA	NextSeq 2000	PRJNA1102327	cattle
SRR29543314	53983996	185605	24-017148-009	2024	USA	CATTLE	SAMN42027784	WGS	RANDOM	ILLUMINA	NextSeq 2000	PRJNA1102327	cattle
SRR29543315	179152341	607105	24-016523-026	2024	USA	CATTLE	SAMN42027855	WGS	RANDOM	ILLUMINA	NextSeq 2000	PRJNA1102327	cattle
SRR29543316	184181414	624055	24-016523-025	2024	USA	CATTLE	SAMN42027854	WGS	RANDOM	ILLUMINA	NextSeq 2000	PRJNA1102327	cattle
SRR29543317	194663628	661658	24-016523-024	2024	USA	CATTLE	SAMN42027853	WGS	RANDOM	ILLUMINA	NextSeq 2000	PRJNA1102327	cattle
SRR29543318	184726636	626424	24-016523-023	2024	USA	CATTLE	SAMN42027852	WGS	RANDOM	ILLUMINA	NextSeq 2000	PRJNA1102327	cattle
SRR29543319	199654334	678900	24-016523-022	2024	USA	CATTLE	SAMN42027851	WGS	RANDOM	ILLUMINA	NextSeq 2000	PRJNA1102327	cattle
SRR29543320	211966033	721649	24-016523-021	2024	USA	CATTLE	SAMN42027850	WGS	RANDOM	ILLUMINA	NextSeq 2000	PRJNA1102327	cattle
SRR29543321	232519196	791962	24-016523-020	2024	USA	CATTLE	SAMN42027849	WGS	RANDOM	ILLUMINA	NextSeq 2000	PRJNA1102327	cattle
SRR29543322	218678670	742685	24-016523-019	2024	USA	CATTLE	SAMN42027848	WGS	RANDOM	ILLUMINA	NextSeq 2000	PRJNA1102327	cattle
SRR29543323	196525457	666296	24-016523-018	2024	USA	CATTLE	SAMN42027847	WGS	RANDOM	ILLUMINA	NextSeq 2000	PRJNA1102327	cattle
SRR29543324	166166291	562286	24-016523-016	2024	USA	CATTLE	SAMN42027846	WGS	RANDOM	ILLUMINA	NextSeq 2000	PRJNA1102327	cattle
SRR29543325	47578866	165260	24-017148-007	2024	USA	CATTLE	SAMN42027783	WGS	RANDOM	ILLUMINA	NextSeq 2000	PRJNA1102327	cattle
SRR29543326	189289080	641116	24-016523-015	2024	USA	CATTLE	SAMN42027845	WGS	RANDOM	ILLUMINA	NextSeq 2000	PRJNA1102327	cattle
SRR29543327	190848153	647249	24-016523-014	2024	USA	CATTLE	SAMN42027844	WGS	RANDOM	ILLUMINA	NextSeq 2000	PRJNA1102327	cattle
SRR29543328	198273591	674917	24-016523-013	2024	USA	CATTLE	SAMN42027843	WGS	RANDOM	ILLUMINA	NextSeq 2000	PRJNA1102327	cattle
SRR29543329	166623159	565239	24-016523-012	2024	USA	CATTLE	SAMN42027842	WGS	RANDOM	ILLUMINA	NextSeq 2000	PRJNA1102327	cattle
SRR29543330	171894864	582900	24-016523-011	2024	USA	CATTLE	SAMN42027841	WGS	RANDOM	ILLUMINA	NextSeq 2000	PRJNA1102327	cattle
SRR29543331	146983780	497310	24-016523-010	2024	USA	CATTLE	SAMN42027840	WGS	RANDOM	ILLUMINA	NextSeq 2000	PRJNA1102327	cattle
SRR29543332	198060763	674985	24-016523-009	2024	USA	CATTLE	SAMN42027839	WGS	RANDOM	ILLUMINA	NextSeq 2000	PRJNA1102327	cattle
SRR29543333	200838661	683264	24-016523-008	2024	USA	CATTLE	SAMN42027838	WGS	RANDOM	ILLUMINA	NextSeq 2000	PRJNA1102327	cattle
SRR29543334	172032626	583832	24-016523-007	2024	USA	CATTLE	SAMN42027837	WGS	RANDOM	ILLUMINA	NextSeq 2000	PRJNA1102327	cattle
SRR29543335	180483588	613194	24-016523-006	2024	USA	CATTLE	SAMN42027836	WGS	RANDOM	ILLUMINA	NextSeq 2000	PRJNA1102327	cattle
SRR29543336	61138915	209520	24-017148-005	2024	USA	CATTLE	SAMN42027782	WGS	RANDOM	ILLUMINA	NextSeq 2000	PRJNA1102327	cattle
SRR29543337	166803672	566155	24-016523-005	2024	USA	CATTLE	SAMN42027835	WGS	RANDOM	ILLUMINA	NextSeq 2000	PRJNA1102327	cattle
SRR29543338	171548129	581658	24-016523-004	2024	USA	CATTLE	SAMN42027834	WGS	RANDOM	ILLUMINA	NextSeq 2000	PRJNA1102327	cattle
SRR29543339	180097507	610727	24-016523-003	2024	USA	CATTLE	SAMN42027833	WGS	RANDOM	ILLUMINA	NextSeq 2000	PRJNA1102327	cattle
SRR29543340	157152629	533523	24-016437-037	2024	USA	CATTLE	SAMN42027832	WGS	RANDOM	ILLUMINA	NextSeq 2000	PRJNA1102327	cattle
SRR29543341	152703283	517396	24-016437-034	2024	USA	CATTLE	SAMN42027831	WGS	RANDOM	ILLUMINA	NextSeq 2000	PRJNA1102327	cattle
SRR29543342	176885626	599579	24-016437-032	2024	USA	CATTLE	SAMN42027830	WGS	RANDOM	ILLUMINA	NextSeq 2000	PRJNA1102327	cattle
SRR29543343	208343261	706330	24-016437-031	2024	USA	CATTLE	SAMN42027829	WGS	RANDOM	ILLUMINA	NextSeq 2000	PRJNA1102327	cattle
SRR29543344	153201741	518999	24-016437-029	2024	USA	CATTLE	SAMN42027828	WGS	RANDOM	ILLUMINA	NextSeq 2000	PRJNA1102327	cattle
SRR29543345	173295369	589758	24-016437-023	2024	USA	CATTLE	SAMN42027827	WGS	RANDOM	ILLUMINA	NextSeq 2000	PRJNA1102327	cattle
SRR29543346	128381221	433997	24-016437-022	2024	USA	CATTLE	SAMN42027826	WGS	RANDOM	ILLUMINA	NextSeq 2000	PRJNA1102327	cattle
SRR29543347	57314069	199974	24-017148-003	2024	USA	CATTLE	SAMN42027781	WGS	RANDOM	ILLUMINA	NextSeq 2000	PRJNA1102327	cattle
SRR29543348	190535519	646608	24-016437-021	2024	USA	CATTLE	SAMN42027825	WGS	RANDOM	ILLUMINA	NextSeq 2000	PRJNA1102327	cattle
SRR29543349	158342527	536623	24-016437-020	2024	USA	CATTLE	SAMN42027824	WGS	RANDOM	ILLUMINA	NextSeq 2000	PRJNA1102327	cattle
SRR29543350	157294302	532960	24-016437-019	2024	USA	CATTLE	SAMN42027823	WGS	RANDOM	ILLUMINA	NextSeq 2000	PRJNA1102327	cattle
SRR29543351	170464713	577684	24-016437-017	2024	USA	CATTLE	SAMN42027822	WGS	RANDOM	ILLUMINA	NextSeq 2000	PRJNA1102327	cattle
SRR29543352	190445738	647927	24-016437-014	2024	USA	CATTLE	SAMN42027821	WGS	RANDOM	ILLUMINA	NextSeq 2000	PRJNA1102327	cattle
SRR29543353	154411015	523192	24-016437-011	2024	USA	CATTLE	SAMN42027820	WGS	RANDOM	ILLUMINA	NextSeq 2000	PRJNA1102327	cattle
SRR29543354	162227315	550169	24-016437-010	2024	USA	CATTLE	SAMN42027819	WGS	RANDOM	ILLUMINA	NextSeq 2000	PRJNA1102327	cattle
SRR29543355	139742558	473202	24-016437-009	2024	USA	CATTLE	SAMN42027818	WGS	RANDOM	ILLUMINA	NextSeq 2000	PRJNA1102327	cattle
SRR29543356	113580511	384415	24-016437-008	2024	USA	CATTLE	SAMN42027817	WGS	RANDOM	ILLUMINA	NextSeq 2000	PRJNA1102327	cattle
SRR29543357	224483360	761351	24-016437-007	2024	USA	CATTLE	SAMN42027816	WGS	RANDOM	ILLUMINA	NextSeq 2000	PRJNA1102327	cattle
SRR29543358	51264176	178305	24-017148-001	2024	USA	CATTLE	SAMN42027780	WGS	RANDOM	ILLUMINA	NextSeq 2000	PRJNA1102327	cattle
SRR29543359	138666912	468338	24-016437-005	2024	USA	CATTLE	SAMN42027815	WGS	RANDOM	ILLUMINA	NextSeq 2000	PRJNA1102327	cattle
SRR29543360	175464073	597340	24-016437-004	2024	USA	CATTLE	SAMN42027814	WGS	RANDOM	ILLUMINA	NextSeq 2000	PRJNA1102327	cattle
SRR29543361	171685898	582277	24-016437-003	2024	USA	CATTLE	SAMN42027813	WGS	RANDOM	ILLUMINA	NextSeq 2000	PRJNA1102327	cattle
SRR29543362	152669831	519856	24-016370-014	2024	USA	CATTLE	SAMN42027812	WGS	RANDOM	ILLUMINA	NextSeq 2000	PRJNA1102327	cattle
SRR29543363	141231570	478164	24-016370-013	2024	USA	CATTLE	SAMN42027811	WGS	RANDOM	ILLUMINA	NextSeq 2000	PRJNA1102327	cattle
SRR29543364	162951211	553321	24-016370-012	2024	USA	CATTLE	SAMN42027810	WGS	RANDOM	ILLUMINA	NextSeq 2000	PRJNA1102327	cattle
SRR29543365	159088661	539549	24-016370-011	2024	USA	CATTLE	SAMN42027809	WGS	RANDOM	ILLUMINA	NextSeq 2000	PRJNA1102327	cattle
SRR29543366	172161081	583303	24-016370-010	2024	USA	CATTLE	SAMN42027808	WGS	RANDOM	ILLUMINA	NextSeq 2000	PRJNA1102327	cattle
SRR29543367	135400464	460470	24-016370-009	2024	USA	CATTLE	SAMN42027807	WGS	RANDOM	ILLUMINA	NextSeq 2000	PRJNA1102327	cattle
SRR29543368	193628710	656312	24-016370-008	2024	USA	CATTLE	SAMN42027806	WGS	RANDOM	ILLUMINA	NextSeq 2000	PRJNA1102327	cattle
SRR29543369	37457965	129514	24-017112-003	2024	USA	CATTLE	SAMN42027779	WGS	RANDOM	ILLUMINA	NextSeq 2000	PRJNA1102327	cattle
SRR29543370	174540840	594798	24-016370-007	2024	USA	CATTLE	SAMN42027805	WGS	RANDOM	ILLUMINA	NextSeq 2000	PRJNA1102327	cattle
SRR29543371	150218695	510559	24-016370-005	2024	USA	CATTLE	SAMN42027804	WGS	RANDOM	ILLUMINA	NextSeq 2000	PRJNA1102327	cattle
SRR29543372	149384169	507784	24-016370-004	2024	USA	CATTLE	SAMN42027803	WGS	RANDOM	ILLUMINA	NextSeq 2000	PRJNA1102327	cattle
SRR29543373	149576731	508387	24-016370-003	2024	USA	CATTLE	SAMN42027802	WGS	RANDOM	ILLUMINA	NextSeq 2000	PRJNA1102327	cattle
SRR29543374	147146077	499991	24-016370-002	2024	USA	CATTLE	SAMN42027801	WGS	RANDOM	ILLUMINA	NextSeq 2000	PRJNA1102327	cattle
SRR29543375	247135569	839257	24-015842-001	2024	USA	TURKEY	SAMN42027800	WGS	RANDOM	ILLUMINA	NextSeq 2000	PRJNA1102327	poultry_wildbird
SRR29543376	205497041	697216	24-015840-002	2024	USA	CATTLE	SAMN42027799	WGS	RANDOM	ILLUMINA	NextSeq 2000	PRJNA1102327	cattle
SRR29543377	241458438	820355	24-015840-001	2024	USA	CATTLE	SAMN42027798	WGS	RANDOM	ILLUMINA	NextSeq 2000	PRJNA1102327	cattle
SRR29543378	233959029	793325	24-015837-002	2024	USA	CATTLE	SAMN42027797	WGS	RANDOM	ILLUMINA	NextSeq 2000	PRJNA1102327	cattle
SRR29543379	272179273	923062	24-015837-001	2024	USA	CATTLE	SAMN42027796	WGS	RANDOM	ILLUMINA	NextSeq 2000	PRJNA1102327	cattle
SRR29543380	52582033	181169	24-017048-011	2024	USA	CATTLE	SAMN42027778	WGS	RANDOM	ILLUMINA	NextSeq 2000	PRJNA1102327	cattle
SRR29543381	59759447	206236	24-017162-003	2024	USA	TURKEY	SAMN42027795	WGS	RANDOM	ILLUMINA	NextSeq 2000	PRJNA1102327	poultry_wildbird
SRR29543382	40396289	139436	24-017162-002	2024	USA	TURKEY	SAMN42027794	WGS	RANDOM	ILLUMINA	NextSeq 2000	PRJNA1102327	poultry_wildbird
SRR29543383	62895764	216407	24-017162-001	2024	USA	TURKEY	SAMN42027793	WGS	RANDOM	ILLUMINA	NextSeq 2000	PRJNA1102327	poultry_wildbird
SRR29543384	59969956	207443	24-017154-006	2024	USA	CATTLE	SAMN42027792	WGS	RANDOM	ILLUMINA	NextSeq 2000	PRJNA1102327	cattle
SRR29543385	64020728	220814	24-017154-004	2024	USA	CATTLE	SAMN42027791	WGS	RANDOM	ILLUMINA	NextSeq 2000	PRJNA1102327	cattle
SRR29543386	67560571	231645	24-017154-001	2024	USA	CATTLE	SAMN42027790	WGS	RANDOM	ILLUMINA	NextSeq 2000	PRJNA1102327	cattle
SRR29543387	65896747	225971	24-017153-014	2024	USA	CATTLE	SAMN42027789	WGS	RANDOM	ILLUMINA	NextSeq 2000	PRJNA1102327	cattle
SRR29543388	63663810	219283	24-017153-011	2024	USA	CATTLE	SAMN42027788	WGS	RANDOM	ILLUMINA	NextSeq 2000	PRJNA1102327	cattle
SRR29543389	50310136	173428	24-017153-009	2024	USA	CATTLE	SAMN42027787	WGS	RANDOM	ILLUMINA	NextSeq 2000	PRJNA1102327	cattle
SRR29543390	185116512	630167	24-017049-003	2024	USA	TURKEY	SAMN42027877	WGS	RANDOM	ILLUMINA	NextSeq 2000	PRJNA1102327	poultry_wildbird
SRR29543391	189666825	643519	24-017049-002	2024	USA	TURKEY	SAMN42027876	WGS	RANDOM	ILLUMINA	NextSeq 2000	PRJNA1102327	poultry_wildbird
SRR29543392	52814081	180546	24-017152-003	2024	USA	CATTLE	SAMN42027786	WGS	RANDOM	ILLUMINA	NextSeq 2000	PRJNA1102327	cattle
SRR29543393	66369297	229077	24-017048-009	2024	USA	CATTLE	SAMN42027777	WGS	RANDOM	ILLUMINA	NextSeq 2000	PRJNA1102327	cattle
SRR29543394	53965770	185775	24-017048-007	2024	USA	CATTLE	SAMN42027776	WGS	RANDOM	ILLUMINA	Illumina iSeq 100	PRJNA1102327	cattle
SRR29455573	123545853	420244	24-015973-021	2024-05-24	USA	Cattle	SAMN41892128	WGS	RANDOM	ILLUMINA	NextSeq 2000	PRJNA1102327	cattle
SRR29455574	116171004	395016	24-015973-018	2024-05-24	USA	Cattle	SAMN41892127	WGS	RANDOM	ILLUMINA	NextSeq 2000	PRJNA1102327	cattle
SRR29455575	80118500	275331	24-016523-002	2024-06-04	USA	Cattle	SAMN41892193	WGS	RANDOM	ILLUMINA	NextSeq 2000	PRJNA1102327	cattle
SRR29455576	64579351	221475	24-016523-001	2024-06-04	USA	Cattle	SAMN41892192	WGS	RANDOM	ILLUMINA	NextSeq 2000	PRJNA1102327	cattle
SRR29455577	79845724	271966	24-016511-006	2024-06-03	USA	Cattle	SAMN41892191	WGS	RANDOM	ILLUMINA	NextSeq 2000	PRJNA1102327	cattle
SRR29455578	193685571	666873	24-016511-005	2024-06-03	USA	Cattle	SAMN41892190	WGS	RANDOM	ILLUMINA	NextSeq 2000	PRJNA1102327	cattle
SRR29455579	154128563	529998	24-016511-003	2024-06-03	USA	Cattle	SAMN41892189	WGS	RANDOM	ILLUMINA	NextSeq 2000	PRJNA1102327	cattle
SRR29455580	180760467	612624	24-015973-017	2024-05-24	USA	Cattle	SAMN41892126	WGS	RANDOM	ILLUMINA	NextSeq 2000	PRJNA1102327	cattle
SRR29455581	149290815	513058	24-016511-002	2024-06-03	USA	Cattle	SAMN41892188	WGS	RANDOM	ILLUMINA	NextSeq 2000	PRJNA1102327	cattle
SRR29455582	98350761	337748	24-016511-001	2024-06-03	USA	Cattle	SAMN41892187	WGS	RANDOM	ILLUMINA	NextSeq 2000	PRJNA1102327	cattle
SRR29455583	85191551	291102	24-016437-041	2024-05-30	USA	Cattle	SAMN41892186	WGS	RANDOM	ILLUMINA	NextSeq 2000	PRJNA1102327	cattle
SRR29455584	102376679	351825	24-016437-040	2024-05-30	USA	Cattle	SAMN41892185	WGS	RANDOM	ILLUMINA	NextSeq 2000	PRJNA1102327	cattle
SRR29455585	83248471	284622	24-016370-022	2024-06-04	USA	Cattle	SAMN41892184	WGS	RANDOM	ILLUMINA	NextSeq 2000	PRJNA1102327	cattle
SRR29455586	176795744	607050	24-016370-021	2024-06-04	USA	Cattle	SAMN41892183	WGS	RANDOM	ILLUMINA	NextSeq 2000	PRJNA1102327	cattle
SRR29455587	148567827	505480	24-016370-020	2024-06-04	USA	Cattle	SAMN41892182	WGS	RANDOM	ILLUMINA	NextSeq 2000	PRJNA1102327	cattle
SRR29455588	2347691	8836	24-016370-019	2024-06-04	USA	Cattle	SAMN41892181	WGS	RANDOM	ILLUMINA	NextSeq 2000	PRJNA1102327	cattle
SRR29455589	173005733	590813	24-016337-003	2024-05-28	USA	Cattle	SAMN41892180	WGS	RANDOM	ILLUMINA	NextSeq 2000	PRJNA1102327	cattle
SRR29455590	140971507	482484	24-016337-002	2024-05-28	USA	Cattle	SAMN41892179	WGS	RANDOM	ILLUMINA	NextSeq 2000	PRJNA1102327	cattle
SRR29455591	229748459	785250	24-015973-014	2024-05-24	USA	Cattle	SAMN41892125	WGS	RANDOM	ILLUMINA	NextSeq 2000	PRJNA1102327	cattle
SRR29455592	45772167	163875	24-016337-001	2024-05-28	USA	Cattle	SAMN41892178	WGS	RANDOM	ILLUMINA	NextSeq 2000	PRJNA1102327	cattle
SRR29455594	97146207	333232	24-016288-012	2024-06-03	USA	Cattle	SAMN41892176	WGS	RANDOM	ILLUMINA	NextSeq 2000	PRJNA1102327	cattle
SRR29455595	184213654	629455	24-016191-001	2024-05-28	USA	Cattle	SAMN41892175	WGS	RANDOM	ILLUMINA	NextSeq 2000	PRJNA1102327	cattle
SRR29455596	163734122	563646	24-016134-080	2024-04-29	USA	Cattle	SAMN41892174	WGS	RANDOM	ILLUMINA	NextSeq 2000	PRJNA1102327	cattle
SRR29455597	169214694	580551	24-016134-079	2024-04-29	USA	Cattle	SAMN41892173	WGS	RANDOM	ILLUMINA	NextSeq 2000	PRJNA1102327	cattle
SRR29455598	139144886	482010	24-016134-078	2024-04-29	USA	Cattle	SAMN41892172	WGS	RANDOM	ILLUMINA	NextSeq 2000	PRJNA1102327	cattle
SRR29455599	148063490	507645	24-016134-077	2024-04-29	USA	Cattle	SAMN41892171	WGS	RANDOM	ILLUMINA	NextSeq 2000	PRJNA1102327	cattle
SRR29455600	131556203	453075	24-016134-076	2024-04-29	USA	Cattle	SAMN41892170	WGS	RANDOM	ILLUMINA	NextSeq 2000	PRJNA1102327	cattle
SRR29455601	138041442	471651	24-016134-075	2024-04-29	USA	Cattle	SAMN41892169	WGS	RANDOM	ILLUMINA	NextSeq 2000	PRJNA1102327	cattle
SRR29455602	99297799	337742	24-015973-012	2024-05-24	USA	Cattle	SAMN41892124	WGS	RANDOM	ILLUMINA	NextSeq 2000	PRJNA1102327	cattle
SRR29455603	238734942	823070	24-016134-074	2024-04-29	USA	Cattle	SAMN41892168	WGS	RANDOM	ILLUMINA	NextSeq 2000	PRJNA1102327	cattle
SRR29455604	173353718	592641	24-016134-073	2024-04-29	USA	Cattle	SAMN41892167	WGS	RANDOM	ILLUMINA	NextSeq 2000	PRJNA1102327	cattle
SRR29455605	237783332	821511	24-016134-072	2024-04-29	USA	Cattle	SAMN41892166	WGS	RANDOM	ILLUMINA	NextSeq 2000	PRJNA1102327	cattle
SRR29455606	178111721	610343	24-016134-071	2024-04-29	USA	Cattle	SAMN41892165	WGS	RANDOM	ILLUMINA	NextSeq 2000	PRJNA1102327	cattle
SRR29455607	179145999	615910	24-016134-067	2024-04-29	USA	Cattle	SAMN41892164	WGS	RANDOM	ILLUMINA	NextSeq 2000	PRJNA1102327	cattle
SRR29455608	158271253	544861	24-016134-066	2024-04-29	USA	Cattle	SAMN41892163	WGS	RANDOM	ILLUMINA	NextSeq 2000	PRJNA1102327	cattle
SRR29455609	141225352	482389	24-016134-063	2024-04-29	USA	Cattle	SAMN41892162	WGS	RANDOM	ILLUMINA	NextSeq 2000	PRJNA1102327	cattle
SRR29455610	129345972	441705	24-016134-062	2024-04-29	USA	Cattle	SAMN41892161	WGS	RANDOM	ILLUMINA	NextSeq 2000	PRJNA1102327	cattle
SRR29455611	180601669	624312	24-016134-061	2024-04-29	USA	Cattle	SAMN41892160	WGS	RANDOM	ILLUMINA	NextSeq 2000	PRJNA1102327	cattle
SRR29455612	23926729	83541	24-016134-060	2024-04-29	USA	Cattle	SAMN41892159	WGS	RANDOM	ILLUMINA	NextSeq 2000	PRJNA1102327	cattle
SRR29455613	168686290	574113	24-015973-009	2024-05-24	USA	Cattle	SAMN41892123	WGS	RANDOM	ILLUMINA	NextSeq 2000	PRJNA1102327	cattle
SRR29455614	142557149	487016	24-016134-054	2024-04-29	USA	Cattle	SAMN41892158	WGS	RANDOM	ILLUMINA	NextSeq 2000	PRJNA1102327	cattle
SRR29455615	124356337	427096	24-016134-049	2024-04-29	USA	Cattle	SAMN41892157	WGS	RANDOM	ILLUMINA	NextSeq 2000	PRJNA1102327	cattle
SRR29455616	83729813	284446	24-016134-047	2024-04-29	USA	Cattle	SAMN41892156	WGS	RANDOM	ILLUMINA	NextSeq 2000	PRJNA1102327	cattle
SRR29455617	120659713	412793	24-016134-035	2024-04-29	USA	Cattle	SAMN41892155	WGS	RANDOM	ILLUMINA	NextSeq 2000	PRJNA1102327	cattle
SRR29455618	306956010	1057737	24-016134-027	2024-04-29	USA	Cattle	SAMN41892154	WGS	RANDOM	ILLUMINA	NextSeq 2000	PRJNA1102327	cattle
SRR29455619	254607689	870334	24-016134-026	2024-04-29	USA	Cattle	SAMN41892153	WGS	RANDOM	ILLUMINA	NextSeq 2000	PRJNA1102327	cattle
SRR29455620	240624633	821525	24-016134-011	2024-04-29	USA	Cattle	SAMN41892152	WGS	RANDOM	ILLUMINA	NextSeq 2000	PRJNA1102327	cattle
SRR29455621	128020531	439490	24-016134-006	2024-04-29	USA	Cattle	SAMN41892151	WGS	RANDOM	ILLUMINA	NextSeq 2000	PRJNA1102327	cattle
SRR29455622	122340844	421812	24-016134-003	2024-04-29	USA	Cattle	SAMN41892150	WGS	RANDOM	ILLUMINA	NextSeq 2000	PRJNA1102327	cattle
SRR29455623	109905545	375651	24-016134-002	2024-04-29	USA	Cattle	SAMN41892149	WGS	RANDOM	ILLUMINA	NextSeq 2000	PRJNA1102327	cattle
SRR29455624	127655434	433436	24-015973-008	2024-05-24	USA	Cattle	SAMN41892122	WGS	RANDOM	ILLUMINA	NextSeq 2000	PRJNA1102327	cattle
SRR29455625	189444773	642965	24-015978-004	2024-05-28	USA	Cattle	SAMN41892148	WGS	RANDOM	ILLUMINA	NextSeq 2000	PRJNA1102327	cattle
SRR29455626	108120097	366425	24-015978-003	2024-05-28	USA	Cattle	SAMN41892147	WGS	RANDOM	ILLUMINA	NextSeq 2000	PRJNA1102327	cattle
SRR29455627	158208423	539784	24-015978-002	2024-05-28	USA	Cattle	SAMN41892146	WGS	RANDOM	ILLUMINA	NextSeq 2000	PRJNA1102327	cattle
SRR29455628	171639455	582174	24-015978-001	2024-05-28	USA	Cattle	SAMN41892145	WGS	RANDOM	ILLUMINA	NextSeq 2000	PRJNA1102327	cattle
SRR29455629	118796216	403892	24-015975-019	2024-04-30	USA	Cattle	SAMN41892144	WGS	RANDOM	ILLUMINA	NextSeq 2000	PRJNA1102327	cattle
SRR29455630	230092659	784280	24-015975-017	2024-04-30	USA	Cattle	SAMN41892143	WGS	RANDOM	ILLUMINA	NextSeq 2000	PRJNA1102327	cattle
SRR29455631	197126000	669868	24-015975-016	2024-04-30	USA	Cattle	SAMN41892142	WGS	RANDOM	ILLUMINA	NextSeq 2000	PRJNA1102327	cattle
SRR29455632	138666816	470910	24-015975-015	2024-04-30	USA	Cattle	SAMN41892141	WGS	RANDOM	ILLUMINA	NextSeq 2000	PRJNA1102327	cattle
SRR29455633	154614158	526085	24-015975-010	2024-04-30	USA	Cattle	SAMN41892140	WGS	RANDOM	ILLUMINA	NextSeq 2000	PRJNA1102327	cattle
SRR29455634	126485434	429904	24-015975-009	2024-04-30	USA	Cattle	SAMN41892139	WGS	RANDOM	ILLUMINA	NextSeq 2000	PRJNA1102327	cattle
SRR29455635	210844129	720085	24-015973-007	2024-05-24	USA	Cattle	SAMN41892121	WGS	RANDOM	ILLUMINA	NextSeq 2000	PRJNA1102327	cattle
SRR29455636	169685964	576867	24-015975-008	2024-04-30	USA	Cattle	SAMN41892138	WGS	RANDOM	ILLUMINA	NextSeq 2000	PRJNA1102327	cattle
SRR29455637	116222396	395677	24-015975-007	2024-04-30	USA	Cattle	SAMN41892137	WGS	RANDOM	ILLUMINA	NextSeq 2000	PRJNA1102327	cattle
SRR29455638	212386638	724351	24-015975-005	2024-04-30	USA	Cattle	SAMN41892136	WGS	RANDOM	ILLUMINA	NextSeq 2000	PRJNA1102327	cattle
SRR29455639	191333805	649520	24-015975-003	2024-04-30	USA	Cattle	SAMN41892135	WGS	RANDOM	ILLUMINA	NextSeq 2000	PRJNA1102327	cattle
SRR29455640	228942115	779316	24-015975-002	2024-04-30	USA	Cattle	SAMN41892134	WGS	RANDOM	ILLUMINA	NextSeq 2000	PRJNA1102327	cattle
SRR29455641	161011728	549051	24-015973-034	2024-05-24	USA	Cattle	SAMN41892133	WGS	RANDOM	ILLUMINA	NextSeq 2000	PRJNA1102327	cattle
SRR29455642	207019210	703660	24-015973-029	2024-05-24	USA	Cattle	SAMN41892132	WGS	RANDOM	ILLUMINA	NextSeq 2000	PRJNA1102327	cattle
SRR29455643	181071747	614261	24-015973-028	2024-05-24	USA	Cattle	SAMN41892131	WGS	RANDOM	ILLUMINA	NextSeq 2000	PRJNA1102327	cattle
SRR29455644	235627461	801458	24-015973-027	2024-05-24	USA	Cattle	SAMN41892130	WGS	RANDOM	ILLUMINA	NextSeq 2000	PRJNA1102327	cattle
SRR29455645	209506008	711328	24-015973-026	2024-05-24	USA	Cattle	SAMN41892129	WGS	RANDOM	ILLUMINA	NextSeq 2000	PRJNA1102327	cattle
SRR29455646	114918116	392249	24-014328-011	2024-05-15	USA	Alpaca	SAMN41892120	WGS	RANDOM	ILLUMINA	NextSeq 2000	PRJNA1102327	other
SRR29455647	226799748	773981	24-014328-008	2024-05-15	USA	Alpaca	SAMN41892119	WGS	RANDOM	ILLUMINA	NextSeq 2000	PRJNA1102327	other
SRR29377820	40287160	137578	24-016288-015	2024	USA	Cattle	SAMN41805887	WGS	RANDOM	ILLUMINA	NextSeq 2000	PRJNA1102327	cattle
SRR29377821	66913022	227225	24-016288-014	2024	USA	Cattle	SAMN41805886	WGS	RANDOM	ILLUMINA	NextSeq 2000	PRJNA1102327	cattle
SRR29377822	68154765	230893	24-016288-013	2024	USA	Cattle	SAMN41805885	WGS	RANDOM	ILLUMINA	NextSeq 2000	PRJNA1102327	cattle
SRR29377823	58112843	198213	24-016288-011	2024	USA	Cattle	SAMN41805884	WGS	RANDOM	ILLUMINA	NextSeq 2000	PRJNA1102327	cattle
SRR29377824	62397252	213034	24-016288-010	2024	USA	Cattle	SAMN41805883	WGS	RANDOM	ILLUMINA	NextSeq 2000	PRJNA1102327	cattle
SRR29377825	65145248	222540	24-016288-008	2024	USA	Cattle	SAMN41805882	WGS	RANDOM	ILLUMINA	NextSeq 2000	PRJNA1102327	cattle
SRR29377826	50184321	171984	24-016288-007	2024	USA	Cattle	SAMN41805881	WGS	RANDOM	ILLUMINA	NextSeq 2000	PRJNA1102327	cattle
SRR29377827	66579149	228382	24-016288-006	2024	USA	Cattle	SAMN41805880	WGS	RANDOM	ILLUMINA	NextSeq 2000	PRJNA1102327	cattle
SRR29377828	325689561	1107734	24-015195-001	2024	USA	Cattle	SAMN41805798	WGS	RANDOM	ILLUMINA	NextSeq 2000	PRJNA1102327	cattle
SRR29377829	52096393	178452	24-016288-004	2024	USA	Cattle	SAMN41805879	WGS	RANDOM	ILLUMINA	NextSeq 2000	PRJNA1102327	cattle
SRR29377830	53604571	184315	24-016288-003	2024	USA	Cattle	SAMN41805878	WGS	RANDOM	ILLUMINA	NextSeq 2000	PRJNA1102327	cattle
SRR29377831	90162574	309838	24-016288-002	2024	USA	Cattle	SAMN41805877	WGS	RANDOM	ILLUMINA	NextSeq 2000	PRJNA1102327	cattle
SRR29377832	58067471	198952	24-016288-001	2024	USA	Cattle	SAMN41805876	WGS	RANDOM	ILLUMINA	NextSeq 2000	PRJNA1102327	cattle
SRR29377833	70062258	239572	24-016252-010	2024	USA	Cattle	SAMN41805875	WGS	RANDOM	ILLUMINA	NextSeq 2000	PRJNA1102327	cattle
SRR29377834	44784768	153202	24-016252-008	2024	USA	Cattle	SAMN41805874	WGS	RANDOM	ILLUMINA	NextSeq 2000	PRJNA1102327	cattle
SRR29377835	60872899	208078	24-016252-006	2024	USA	Cattle	SAMN41805873	WGS	RANDOM	ILLUMINA	NextSeq 2000	PRJNA1102327	cattle
SRR29377836	59526036	203184	24-016252-005	2024	USA	Cattle	SAMN41805872	WGS	RANDOM	ILLUMINA	NextSeq 2000	PRJNA1102327	cattle
SRR29377837	49064212	167848	24-016252-003	2024	USA	Cattle	SAMN41805871	WGS	RANDOM	ILLUMINA	NextSeq 2000	PRJNA1102327	cattle
SRR29377838	64219109	218375	24-016252-002	2024	USA	Cattle	SAMN41805870	WGS	RANDOM	ILLUMINA	NextSeq 2000	PRJNA1102327	cattle
SRR29377839	333297256	1145859	24-015080-001	2024	USA	Alpaca	SAMN41805797	WGS	RANDOM	ILLUMINA	NextSeq 2000	PRJNA1102327	other
SRR29377840	46520435	159192	24-016252-001	2024	USA	Cattle	SAMN41805869	WGS	RANDOM	ILLUMINA	NextSeq 2000	PRJNA1102327	cattle
SRR29377841	56339770	196054	24-016134-261	2024	USA	Cattle	SAMN41805868	WGS	RANDOM	ILLUMINA	NextSeq 2000	PRJNA1102327	cattle
SRR29377842	72220179	249639	24-016134-259	2024	USA	Cattle	SAMN41805867	WGS	RANDOM	ILLUMINA	NextSeq 2000	PRJNA1102327	cattle
SRR29377843	79484178	272841	24-016134-253	2024	USA	Cattle	SAMN41805866	WGS	RANDOM	ILLUMINA	NextSeq 2000	PRJNA1102327	cattle
SRR29377844	78032489	270390	24-016134-252	2024	USA	Cattle	SAMN41805865	WGS	RANDOM	ILLUMINA	NextSeq 2000	PRJNA1102327	cattle
SRR29377845	61659604	215714	24-016134-247	2024	USA	Cattle	SAMN41805864	WGS	RANDOM	ILLUMINA	NextSeq 2000	PRJNA1102327	cattle
SRR29377846	77657765	266889	24-016134-244	2024	USA	Cattle	SAMN41805863	WGS	RANDOM	ILLUMINA	NextSeq 2000	PRJNA1102327	cattle
SRR29377847	67310351	232109	24-016134-243	2024	USA	Cattle	SAMN41805862	WGS	RANDOM	ILLUMINA	NextSeq 2000	PRJNA1102327	cattle
SRR29377848	79173100	276825	24-016134-242	2024	USA	Cattle	SAMN41805861	WGS	RANDOM	ILLUMINA	NextSeq 2000	PRJNA1102327	cattle
SRR29377849	43382835	149843	24-016134-238	2024	USA	Cattle	SAMN41805860	WGS	RANDOM	ILLUMINA	NextSeq 2000	PRJNA1102327	cattle
SRR29377850	342722764	1169359	24-014975-001	2024	USA	Turkey	SAMN41805796	WGS	RANDOM	ILLUMINA	NextSeq 2000	PRJNA1102327	poultry_wildbird
SRR29377851	71309443	246721	24-016134-235	2024	USA	Cattle	SAMN41805859	WGS	RANDOM	ILLUMINA	NextSeq 2000	PRJNA1102327	cattle
SRR29377852	53191508	183639	24-016134-234	2024	USA	Cattle	SAMN41805858	WGS	RANDOM	ILLUMINA	NextSeq 2000	PRJNA1102327	cattle
SRR29377853	42401292	146061	24-016134-233	2024	USA	Cattle	SAMN41805857	WGS	RANDOM	ILLUMINA	NextSeq 2000	PRJNA1102327	cattle
SRR29377854	30677190	107062	24-016134-232	2024	USA	Cattle	SAMN41805856	WGS	RANDOM	ILLUMINA	NextSeq 2000	PRJNA1102327	cattle
SRR29377855	25668603	90024	24-016134-231	2024	USA	Cattle	SAMN41805855	WGS	RANDOM	ILLUMINA	NextSeq 2000	PRJNA1102327	cattle
SRR29377856	29284320	101621	24-016134-229	2024	USA	Cattle	SAMN41805854	WGS	RANDOM	ILLUMINA	NextSeq 2000	PRJNA1102327	cattle
SRR29377857	34148087	119735	24-016134-226	2024	USA	Cattle	SAMN41805853	WGS	RANDOM	ILLUMINA	NextSeq 2000	PRJNA1102327	cattle
SRR29377858	27512126	98292	24-016134-225	2024	USA	Cattle	SAMN41805852	WGS	RANDOM	ILLUMINA	NextSeq 2000	PRJNA1102327	cattle
SRR29377859	25320301	88713	24-016134-223	2024	USA	Cattle	SAMN41805851	WGS	RANDOM	ILLUMINA	NextSeq 2000	PRJNA1102327	cattle
SRR29377860	30158132	105774	24-016134-222	2024	USA	Cattle	SAMN41805850	WGS	RANDOM	ILLUMINA	NextSeq 2000	PRJNA1102327	cattle
SRR29377861	52310794	181781	24-014974-001	2024	USA	Turkey	SAMN41805795	WGS	RANDOM	ILLUMINA	NextSeq 2000	PRJNA1102327	poultry_wildbird
SRR29377862	33821104	117204	24-016003-002	2024	USA	Turkey	SAMN41805849	WGS	RANDOM	ILLUMINA	NextSeq 2000	PRJNA1102327	poultry_wildbird
SRR29377863	29134276	100367	24-016003-001	2024	USA	Turkey	SAMN41805848	WGS	RANDOM	ILLUMINA	NextSeq 2000	PRJNA1102327	poultry_wildbird
SRR29377864	342077099	1163743	24-015842-002	2024	USA	Turkey	SAMN41805847	WGS	RANDOM	ILLUMINA	NextSeq 2000	PRJNA1102327	poultry_wildbird
SRR29377865	161046881	545393	24-015676-003	2024	USA	Cattle	SAMN41805846	WGS	RANDOM	ILLUMINA	NextSeq 2000	PRJNA1102327	cattle
SRR29377866	169417908	581214	24-015676-002	2024	USA	Cattle	SAMN41805845	WGS	RANDOM	ILLUMINA	NextSeq 2000	PRJNA1102327	cattle
SRR29377867	237124836	822098	24-015676-001	2024	USA	Cattle	SAMN41805844	WGS	RANDOM	ILLUMINA	NextSeq 2000	PRJNA1102327	cattle
SRR29377868	158043215	537216	24-015675-004	2024	USA	Cattle	SAMN41805843	WGS	RANDOM	ILLUMINA	NextSeq 2000	PRJNA1102327	cattle
SRR29377869	174533044	595285	24-015675-002	2024	USA	Cattle	SAMN41805842	WGS	RANDOM	ILLUMINA	NextSeq 2000	PRJNA1102327	cattle
SRR29377870	163582507	557533	24-015675-001	2024	USA	Cattle	SAMN41805841	WGS	RANDOM	ILLUMINA	NextSeq 2000	PRJNA1102327	cattle
SRR29377871	186308696	634602	24-015670-001	2024	USA	Cattle	SAMN41805840	WGS	RANDOM	ILLUMINA	NextSeq 2000	PRJNA1102327	cattle
SRR29377872	224757815	770078	24-014972-007	2024	USA	Chicken	SAMN41805794	WGS	RANDOM	ILLUMINA	NextSeq 2000	PRJNA1102327	poultry_wildbird
SRR29377873	174683797	594734	24-015643-007	2024	USA	Cattle	SAMN41805839	WGS	RANDOM	ILLUMINA	NextSeq 2000	PRJNA1102327	cattle
SRR29377874	198067922	684812	24-015643-006	2024	USA	Cattle	SAMN41805838	WGS	RANDOM	ILLUMINA	NextSeq 2000	PRJNA1102327	cattle
SRR29377875	170293819	581117	24-015643-005	2024	USA	Cattle	SAMN41805837	WGS	RANDOM	ILLUMINA	NextSeq 2000	PRJNA1102327	cattle
SRR29377876	167544492	578537	24-015643-004	2024	USA	Cattle	SAMN41805836	WGS	RANDOM	ILLUMINA	NextSeq 2000	PRJNA1102327	cattle
SRR29377877	146082524	497938	24-015643-002	2024	USA	Cattle	SAMN41805835	WGS	RANDOM	ILLUMINA	NextSeq 2000	PRJNA1102327	cattle
SRR29377878	135967205	462107	24-015643-001	2024	USA	Cattle	SAMN41805834	WGS	RANDOM	ILLUMINA	NextSeq 2000	PRJNA1102327	cattle
SRR29377879	284238565	966940	24-015550-002	2024	USA	Chicken	SAMN41805832	WGS	RANDOM	ILLUMINA	NextSeq 2000	PRJNA1102327	poultry_wildbird
SRR29377880	330954293	1129160	24-015550-001	2024	USA	Chicken	SAMN41805831	WGS	RANDOM	ILLUMINA	NextSeq 2000	PRJNA1102327	poultry_wildbird
SRR29377881	302093663	1039152	24-015549-003	2024	USA	Turkey	SAMN41805830	WGS	RANDOM	ILLUMINA	NextSeq 2000	PRJNA1102327	poultry_wildbird
SRR29377882	328151632	1137995	24-015549-002	2024	USA	Turkey	SAMN41805829	WGS	RANDOM	ILLUMINA	NextSeq 2000	PRJNA1102327	poultry_wildbird
SRR29377883	249474554	852799	24-014972-006	2024	USA	Chicken	SAMN41805793	WGS	RANDOM	ILLUMINA	NextSeq 2000	PRJNA1102327	poultry_wildbird
SRR29377884	490461711	1680665	24-015549-001	2024	USA	Turkey	SAMN41805828	WGS	RANDOM	ILLUMINA	NextSeq 2000	PRJNA1102327	poultry_wildbird
SRR29377885	321457869	1100941	24-015457-007	2024	USA	Cattle	SAMN41805827	WGS	RANDOM	ILLUMINA	NextSeq 2000	PRJNA1102327	cattle
SRR29377886	380115602	1300131	24-015457-006	2024	USA	Cattle	SAMN41805826	WGS	RANDOM	ILLUMINA	NextSeq 2000	PRJNA1102327	cattle
SRR29377887	263262787	898900	24-015457-005	2024	USA	Cattle	SAMN41805825	WGS	RANDOM	ILLUMINA	NextSeq 2000	PRJNA1102327	cattle
SRR29377888	314070416	1077447	24-015457-004	2024	USA	Cattle	SAMN41805824	WGS	RANDOM	ILLUMINA	NextSeq 2000	PRJNA1102327	cattle
SRR29377889	234770469	800957	24-015457-003	2024	USA	Cattle	SAMN41805823	WGS	RANDOM	ILLUMINA	NextSeq 2000	PRJNA1102327	cattle
SRR29377890	244471683	838562	24-015457-002	2024	USA	Cattle	SAMN41805822	WGS	RANDOM	ILLUMINA	NextSeq 2000	PRJNA1102327	cattle
SRR29377891	271630474	929913	24-015457-001	2024	USA	Cattle	SAMN41805821	WGS	RANDOM	ILLUMINA	NextSeq 2000	PRJNA1102327	cattle
SRR29377894	289824907	998265	24-014972-004	2024	USA	Chicken	SAMN41805792	WGS	RANDOM	ILLUMINA	NextSeq 2000	PRJNA1102327	poultry_wildbird
SRR29377895	285492785	975221	24-015307-004	2024	USA	Cattle	SAMN41805818	WGS	RANDOM	ILLUMINA	NextSeq 2000	PRJNA1102327	cattle
SRR29377896	339649195	1174175	24-015307-003	2024	USA	Cattle	SAMN41805817	WGS	RANDOM	ILLUMINA	NextSeq 2000	PRJNA1102327	cattle
SRR29377897	410679106	1403156	24-015307-002	2024	USA	Cattle	SAMN41805816	WGS	RANDOM	ILLUMINA	NextSeq 2000	PRJNA1102327	cattle
SRR29377898	381230564	1302743	24-015307-001	2024	USA	Cattle	SAMN41805815	WGS	RANDOM	ILLUMINA	NextSeq 2000	PRJNA1102327	cattle
SRR29377899	223715141	765738	24-015306-003	2024	USA	Cattle	SAMN41805814	WGS	RANDOM	ILLUMINA	NextSeq 2000	PRJNA1102327	cattle
SRR29377900	259279946	886962	24-015306-001	2024	USA	Cattle	SAMN41805813	WGS	RANDOM	ILLUMINA	NextSeq 2000	PRJNA1102327	cattle
SRR29377901	219236923	744212	24-015196-014	2024	USA	Cattle	SAMN41805812	WGS	RANDOM	ILLUMINA	NextSeq 2000	PRJNA1102327	cattle
SRR29377902	239388387	817670	24-015196-013	2024	USA	Cattle	SAMN41805811	WGS	RANDOM	ILLUMINA	NextSeq 2000	PRJNA1102327	cattle
SRR29377903	265500244	907327	24-015196-012	2024	USA	Cattle	SAMN41805810	WGS	RANDOM	ILLUMINA	NextSeq 2000	PRJNA1102327	cattle
SRR29377904	251143275	861601	24-015196-011	2024	USA	Cattle	SAMN41805809	WGS	RANDOM	ILLUMINA	NextSeq 2000	PRJNA1102327	cattle
SRR29377905	236317632	806458	24-014972-003	2024	USA	Chicken	SAMN41805791	WGS	RANDOM	ILLUMINA	NextSeq 2000	PRJNA1102327	poultry_wildbird
SRR29377906	205662670	699995	24-015196-010	2024	USA	Cattle	SAMN41805808	WGS	RANDOM	ILLUMINA	NextSeq 2000	PRJNA1102327	cattle
SRR29377907	209784041	711992	24-015196-009	2024	USA	Cattle	SAMN41805807	WGS	RANDOM	ILLUMINA	NextSeq 2000	PRJNA1102327	cattle
SRR29377908	276839612	942324	24-015196-008	2024	USA	Cattle	SAMN41805806	WGS	RANDOM	ILLUMINA	NextSeq 2000	PRJNA1102327	cattle
SRR29377909	20979164	73511	24-015196-006	2024	USA	Cattle	SAMN41805805	WGS	RANDOM	ILLUMINA	NextSeq 2000	PRJNA1102327	cattle
SRR29377910	357984532	1224223	24-015196-005	2024	USA	Cattle	SAMN41805804	WGS	RANDOM	ILLUMINA	NextSeq 2000	PRJNA1102327	cattle
SRR29377911	323038160	1114955	24-015196-003	2024	USA	Cattle	SAMN41805803	WGS	RANDOM	ILLUMINA	NextSeq 2000	PRJNA1102327	cattle
SRR29377912	273010704	939666	24-015196-002	2024	USA	Cattle	SAMN41805802	WGS	RANDOM	ILLUMINA	NextSeq 2000	PRJNA1102327	cattle
SRR29377913	247536792	842328	24-015195-004	2024	USA	Cattle	SAMN41805801	WGS	RANDOM	ILLUMINA	NextSeq 2000	PRJNA1102327	cattle
SRR29377914	364877758	1254410	24-015195-003	2024	USA	Cattle	SAMN41805800	WGS	RANDOM	ILLUMINA	NextSeq 2000	PRJNA1102327	cattle
SRR29377915	349059190	1197735	24-015195-002	2024	USA	Cattle	SAMN41805799	WGS	RANDOM	ILLUMINA	NextSeq 2000	PRJNA1102327	cattle
SRR29377916	289743288	1021905	24-014972-001	2024	USA	Chicken	SAMN41805790	WGS	RANDOM	ILLUMINA	NextSeq 2000	PRJNA1102327	poultry_wildbird
SRR29377917	151736878	515850	24-014612-001-r	2024	USA	Chicken	SAMN41805833	WGS	RANDOM	ILLUMINA	NextSeq 2000	PRJNA1102327	poultry_wildbird
SRR29281427	55174188	189396	24-014338-006	2024	USA	CATTLE	SAMN41656648	WGS	RANDOM	ILLUMINA	NextSeq 2000	PRJNA1102327	cattle
SRR29281428	61074735	209701	24-014338-005	2024	USA	CATTLE	SAMN41656647	WGS	RANDOM	ILLUMINA	NextSeq 2000	PRJNA1102327	cattle
SRR29281429	30112278	103001	24-014338-004	2024	USA	CATTLE	SAMN41656646	WGS	RANDOM	ILLUMINA	NextSeq 2000	PRJNA1102327	cattle
SRR29281430	33570671	116595	24-014338-003	2024	USA	CATTLE	SAMN41656645	WGS	RANDOM	ILLUMINA	NextSeq 2000	PRJNA1102327	cattle
SRR29281431	27062556	92596	24-014338-002	2024	USA	CATTLE	SAMN41656644	WGS	RANDOM	ILLUMINA	NextSeq 2000	PRJNA1102327	cattle
SRR29281432	53410573	183666	24-015059-004	2024	USA	CATTLE	SAMN41656684	WGS	RANDOM	ILLUMINA	Illumina iSeq 100	PRJNA1102327	cattle
SRR29281433	53052623	184499	24-015059-003	2024	USA	CATTLE	SAMN41656683	WGS	RANDOM	ILLUMINA	Illumina iSeq 100	PRJNA1102327	cattle
SRR29281434	80145815	281512	24-015059-002	2024	USA	CATTLE	SAMN41656682	WGS	RANDOM	ILLUMINA	Illumina iSeq 100	PRJNA1102327	cattle
SRR29281435	47031796	161405	24-015059-001	2024	USA	CATTLE	SAMN41656681	WGS	RANDOM	ILLUMINA	Illumina iSeq 100	PRJNA1102327	cattle
SRR29281436	70615995	243625	24-015043-001	2024	USA	FELINE	SAMN41656680	WGS	RANDOM	ILLUMINA	Illumina iSeq 100	PRJNA1102327	feline
SRR29281437	57414999	195558	24-015041-008	2024	USA	CATTLE	SAMN41656679	WGS	RANDOM	ILLUMINA	Illumina iSeq 100	PRJNA1102327	cattle
SRR29281438	34873847	119665	24-014545-009	2024	USA	CATTLE	SAMN41656643	WGS	RANDOM	ILLUMINA	NextSeq 2000	PRJNA1102327	cattle
SRR29281439	64140528	220738	24-015041-007	2024	USA	CATTLE	SAMN41656678	WGS	RANDOM	ILLUMINA	Illumina iSeq 100	PRJNA1102327	cattle
SRR29281440	51742937	177324	24-015041-006	2024	USA	CATTLE	SAMN41656677	WGS	RANDOM	ILLUMINA	Illumina iSeq 100	PRJNA1102327	cattle
SRR29281441	30650215	106530	24-015041-005	2024	USA	CATTLE	SAMN41656676	WGS	RANDOM	ILLUMINA	Illumina iSeq 100	PRJNA1102327	cattle
SRR29281442	45907250	158439	24-015041-004	2024	USA	CATTLE	SAMN41656675	WGS	RANDOM	ILLUMINA	Illumina iSeq 100	PRJNA1102327	cattle
SRR29281443	144227649	631505	24-015041-002	2024	USA	CATTLE	SAMN41656674	WGS	RANDOM	ILLUMINA	Illumina iSeq 100	PRJNA1102327	cattle
SRR29281444	145377330	636430	24-015041-001	2024	USA	CATTLE	SAMN41656673	WGS	RANDOM	ILLUMINA	Illumina iSeq 100	PRJNA1102327	cattle
SRR29281445	51244987	175716	24-015040-001	2024	USA	FELINE	SAMN41656672	WGS	RANDOM	ILLUMINA	Illumina iSeq 100	PRJNA1102327	feline
SRR29281446	50437032	171298	24-015328-002	2024	USA	CHICKEN	SAMN41656671	WGS	RANDOM	ILLUMINA	Illumina iSeq 100	PRJNA1102327	poultry_wildbird
SRR29281447	42784938	144934	24-015328-001	2024	USA	CHICKEN	SAMN41656670	WGS	RANDOM	ILLUMINA	Illumina iSeq 100	PRJNA1102327	poultry_wildbird
SRR29281448	43663445	148806	24-014901-009	2024	USA	CATTLE	SAMN41656669	WGS	RANDOM	ILLUMINA	NextSeq 2000	PRJNA1102327	cattle
SRR29281449	297455480	1026217	24-014545-007	2024	USA	CATTLE	SAMN41656642	WGS	RANDOM	ILLUMINA	NextSeq 2000	PRJNA1102327	cattle
SRR29281450	44732305	154717	24-014901-008	2024	USA	CATTLE	SAMN41656668	WGS	RANDOM	ILLUMINA	NextSeq 2000	PRJNA1102327	cattle
SRR29281451	42177623	144918	24-014901-007	2024	USA	CATTLE	SAMN41656667	WGS	RANDOM	ILLUMINA	NextSeq 2000	PRJNA1102327	cattle
SRR29281452	43418624	148159	24-014901-005	2024	USA	CATTLE	SAMN41656666	WGS	RANDOM	ILLUMINA	NextSeq 2000	PRJNA1102327	cattle
SRR29281453	169159703	580606	24-014901-003	2024	USA	CATTLE	SAMN41656665	WGS	RANDOM	ILLUMINA	NextSeq 2000	PRJNA1102327	cattle
SRR29281454	52910077	181281	24-014901-002	2024	USA	CATTLE	SAMN41656664	WGS	RANDOM	ILLUMINA	NextSeq 2000	PRJNA1102327	cattle
SRR29281455	67287779	231121	24-014901-001	2024	USA	CATTLE	SAMN41656663	WGS	RANDOM	ILLUMINA	NextSeq 2000	PRJNA1102327	cattle
SRR29281456	48800334	168456	24-014883-006	2024	USA	CATTLE	SAMN41656662	WGS	RANDOM	ILLUMINA	NextSeq 2000	PRJNA1102327	cattle
SRR29281457	36297486	124534	24-014883-005	2024	USA	CATTLE	SAMN41656661	WGS	RANDOM	ILLUMINA	NextSeq 2000	PRJNA1102327	cattle
SRR29281458	35167562	119902	24-014883-003	2024	USA	CATTLE	SAMN41656660	WGS	RANDOM	ILLUMINA	NextSeq 2000	PRJNA1102327	cattle
SRR29281459	66938919	229712	24-014883-002	2024	USA	CATTLE	SAMN41656659	WGS	RANDOM	ILLUMINA	NextSeq 2000	PRJNA1102327	cattle
SRR29281460	85645520	291646	24-014545-006	2024	USA	CATTLE	SAMN41656641	WGS	RANDOM	ILLUMINA	NextSeq 2000	PRJNA1102327	cattle
SRR29281461	46947284	161912	24-014882-004	2024	USA	CATTLE	SAMN41656658	WGS	RANDOM	ILLUMINA	NextSeq 2000	PRJNA1102327	cattle
SRR29281462	33238063	115199	24-014882-003	2024	USA	CATTLE	SAMN41656657	WGS	RANDOM	ILLUMINA	NextSeq 2000	PRJNA1102327	cattle
SRR29281463	198461910	678253	24-014882-002	2024	USA	CATTLE	SAMN41656656	WGS	RANDOM	ILLUMINA	NextSeq 2000	PRJNA1102327	cattle
SRR29281464	68237530	234780	24-014882-001	2024	USA	CATTLE	SAMN41656655	WGS	RANDOM	ILLUMINA	NextSeq 2000	PRJNA1102327	cattle
SRR29281465	56039073	191956	24-014881-013	2024	USA	CATTLE	SAMN41656654	WGS	RANDOM	ILLUMINA	NextSeq 2000	PRJNA1102327	cattle
SRR29281466	36828858	125750	24-014881-009	2024	USA	CATTLE	SAMN41656653	WGS	RANDOM	ILLUMINA	NextSeq 2000	PRJNA1102327	cattle
SRR29281467	38085901	131390	24-014881-002	2024	USA	CATTLE	SAMN41656652	WGS	RANDOM	ILLUMINA	NextSeq 2000	PRJNA1102327	cattle
SRR29281468	31906843	110206	24-014338-009	2024	USA	CATTLE	SAMN41656651	WGS	RANDOM	ILLUMINA	NextSeq 2000	PRJNA1102327	cattle
SRR29281469	284327117	977738	24-014338-008	2024	USA	CATTLE	SAMN41656650	WGS	RANDOM	ILLUMINA	NextSeq 2000	PRJNA1102327	cattle
SRR29281470	114895126	396227	24-014338-007	2024	USA	CATTLE	SAMN41656649	WGS	RANDOM	ILLUMINA	NextSeq 2000	PRJNA1102327	cattle
SRR29281471	16062125	54647	24-014545-002	2024	USA	CATTLE	SAMN41656640	WGS	RANDOM	ILLUMINA	NextSeq 2000	PRJNA1102327	cattle
SRR29281472	48260852	166476	24-014685-001	2024	USA	TURKEY	SAMN41656639	WGS	RANDOM	ILLUMINA	Illumina iSeq 100	PRJNA1102327	poultry_wildbird
SRR29182377	103708891	355097	24-013708-001	2024	USA	CHICKEN	SAMN41489086	WGS	RANDOM	ILLUMINA	Illumina iSeq 100	PRJNA1102327	poultry_wildbird
SRR29182378	89876311	307993	24-013706-002	2024	USA	CHICKEN	SAMN41489085	WGS	RANDOM	ILLUMINA	Illumina iSeq 100	PRJNA1102327	poultry_wildbird
SRR29182379	109823338	372984	24-013706-001	2024	USA	CHICKEN	SAMN41489084	WGS	RANDOM	ILLUMINA	Illumina iSeq 100	PRJNA1102327	poultry_wildbird
SRR29182380	235616919	800000	24-013395-002	2024	USA	CATTLE	SAMN41489083	WGS	RANDOM	ILLUMINA	NextSeq 2000	PRJNA1102327	cattle
SRR29182381	234854607	800000	24-013395-001	2024	USA	CATTLE	SAMN41489082	WGS	RANDOM	ILLUMINA	NextSeq 2000	PRJNA1102327	cattle
SRR29182382	60987005	209485	24-013393-004	2024	USA	CATTLE	SAMN41489081	WGS	RANDOM	ILLUMINA	Illumina iSeq 100	PRJNA1102327	cattle
SRR29182383	236207177	800000	24-013270-001	2024	USA	CATTLE	SAMN41489080	WGS	RANDOM	ILLUMINA	NextSeq 2000	PRJNA1102327	cattle
SRR29182384	233859994	800000	24-013169-003	2024	USA	GOOSE	SAMN41489079	WGS	RANDOM	ILLUMINA	NextSeq 2000	PRJNA1102327	poultry_wildbird
SRR29182385	29963102	103333	24-013710-009	2024	USA	CATTLE	SAMN41489095	WGS	RANDOM	ILLUMINA	Illumina iSeq 100	PRJNA1102327	cattle
SRR29182386	35141760	120844	24-013710-008	2024	USA	CATTLE	SAMN41489094	WGS	RANDOM	ILLUMINA	Illumina iSeq 100	PRJNA1102327	cattle
SRR29182387	32697536	112312	24-013710-007	2024	USA	CATTLE	SAMN41489093	WGS	RANDOM	ILLUMINA	Illumina iSeq 100	PRJNA1102327	cattle
SRR29182388	34111332	116715	24-013710-006	2024	USA	CATTLE	SAMN41489092	WGS	RANDOM	ILLUMINA	Illumina iSeq 100	PRJNA1102327	cattle
SRR29182389	43024304	148415	24-013710-005	2024	USA	CATTLE	SAMN41489091	WGS	RANDOM	ILLUMINA	Illumina iSeq 100	PRJNA1102327	cattle
SRR29182390	60835510	208019	24-013710-004	2024	USA	CATTLE	SAMN41489090	WGS	RANDOM	ILLUMINA	Illumina iSeq 100	PRJNA1102327	cattle
SRR29182391	60060887	206000	24-013710-003	2024	USA	CATTLE	SAMN41489089	WGS	RANDOM	ILLUMINA	Illumina iSeq 100	PRJNA1102327	cattle
SRR29182392	66203277	226398	24-013710-002	2024	USA	CATTLE	SAMN41489088	WGS	RANDOM	ILLUMINA	Illumina iSeq 100	PRJNA1102327	cattle
SRR29182393	47336556	162768	24-013710-001	2024	USA	CATTLE	SAMN41489087	WGS	RANDOM	ILLUMINA	Illumina iSeq 100	PRJNA1102327	cattle
SRR29182394	235392656	800000	24-013169-002	2024	USA	CHICKEN	SAMN41489078	WGS	RANDOM	ILLUMINA	NextSeq 2000	PRJNA1102327	poultry_wildbird
SRR29182395	235179503	800000	24-013169-001	2024	USA	CHICKEN	SAMN41489077	WGS	RANDOM	ILLUMINA	NextSeq 2000	PRJNA1102327	poultry_wildbird
SRR29040269	170517611	579707	24-013021-003	2024	USA	CATTLE	SAMN41390792	WGS	RANDOM	ILLUMINA	NextSeq 2000	PRJNA1102327	cattle
SRR29040270	214842695	737870	24-013021-002	2024	USA	CATTLE	SAMN41390791	WGS	RANDOM	ILLUMINA	NextSeq 2000	PRJNA1102327	cattle
SRR29040271	175941557	603243	24-013021-001	2024	USA	CATTLE	SAMN41390790	WGS	RANDOM	ILLUMINA	NextSeq 2000	PRJNA1102327	cattle
SRR29040276	147830101	503007	24-013016-005	2024	USA	RED FOX	SAMN41390812	WGS	RANDOM	ILLUMINA	NextSeq 2000	PRJNA1102327	other
SRR29040277	222688012	759066	24-013016-004	2024	USA	RED FOX	SAMN41390811	WGS	RANDOM	ILLUMINA	NextSeq 2000	PRJNA1102327	other
SRR29040278	186926494	639353	24-013016-003	2024	USA	RED FOX	SAMN41390810	WGS	RANDOM	ILLUMINA	NextSeq 2000	PRJNA1102327	other
SRR29040279	156305734	531093	24-013016-002	2024	USA	RED FOX	SAMN41390809	WGS	RANDOM	ILLUMINA	NextSeq 2000	PRJNA1102327	other
SRR29040280	181311978	615312	24-013016-001	2024	USA	RED FOX	SAMN41390808	WGS	RANDOM	ILLUMINA	NextSeq 2000	PRJNA1102327	other
SRR29040281	175917511	597822	24-012607-002	2024	USA	COMON-GRACKLE	SAMN41390807	WGS	RANDOM	ILLUMINA	NextSeq 2000	PRJNA1102327	other
SRR29040282	200654190	681930	24-012607-001	2024	USA	HAWK	SAMN41390806	WGS	RANDOM	ILLUMINA	NextSeq 2000	PRJNA1102327	poultry_wildbird
SRR29040283	186299452	633286	24-012707-001	2024	USA	TURKEY	SAMN41390805	WGS	RANDOM	ILLUMINA	NextSeq 2000	PRJNA1102327	poultry_wildbird
SRR29040284	169304111	579166	24-013170-012	2024	USA	CATTLE	SAMN41390804	WGS	RANDOM	ILLUMINA	NextSeq 2000	PRJNA1102327	cattle
SRR29040285	35143688	144577	24-013170-011	2024	USA	CATTLE	SAMN41390803	WGS	RANDOM	ILLUMINA	NextSeq 2000	PRJNA1102327	cattle
SRR29040287	170884962	582220	24-013170-006	2024	USA	CATTLE	SAMN41390802	WGS	RANDOM	ILLUMINA	NextSeq 2000	PRJNA1102327	cattle
SRR29040288	37050356	153425	24-013172-002	2024	USA	CATTLE	SAMN41390801	WGS	RANDOM	ILLUMINA	NextSeq 2000	PRJNA1102327	cattle
SRR29040289	194676676	660981	24-013021-011	2024	USA	CATTLE	SAMN41390800	WGS	RANDOM	ILLUMINA	NextSeq 2000	PRJNA1102327	cattle
SRR29040290	232822802	796629	24-013021-010	2024	USA	CATTLE	SAMN41390799	WGS	RANDOM	ILLUMINA	NextSeq 2000	PRJNA1102327	cattle
SRR29040291	146562060	497221	24-013021-009	2024	USA	CATTLE	SAMN41390798	WGS	RANDOM	ILLUMINA	NextSeq 2000	PRJNA1102327	cattle
SRR29040292	182075637	617386	24-013021-008	2024	USA	CATTLE	SAMN41390797	WGS	RANDOM	ILLUMINA	NextSeq 2000	PRJNA1102327	cattle
SRR29040293	159553949	542899	24-013021-007	2024	USA	CATTLE	SAMN41390796	WGS	RANDOM	ILLUMINA	NextSeq 2000	PRJNA1102327	cattle
SRR29040294	205219167	699771	24-013021-006	2024	USA	CATTLE	SAMN41390795	WGS	RANDOM	ILLUMINA	NextSeq 2000	PRJNA1102327	cattle
SRR29040295	181260141	615266	24-013021-005	2024	USA	CATTLE	SAMN41390794	WGS	RANDOM	ILLUMINA	NextSeq 2000	PRJNA1102327	cattle
SRR29040296	156968286	534138	24-013021-004	2024	USA	CATTLE	SAMN41390793	WGS	RANDOM	ILLUMINA	NextSeq 2000	PRJNA1102327	cattle
SRR29040298	131249163	447413	24-012341-002	2024	USA	CATTLE	SAMN41390783	WGS	RANDOM	ILLUMINA	NextSeq 2000	PRJNA1102327	cattle
SRR28980985	233287990	800000	24-011573-017-original-repeat	2024	USA	CATTLE	SAMN41267486	WGS	RANDOM	ILLUMINA	Illumina iSeq 100	PRJNA1102327	cattle
SRR28980986	233492828	800000	24-011573-015-original-repeat	2024	USA	CATTLE	SAMN41267485	WGS	RANDOM	ILLUMINA	Illumina iSeq 100	PRJNA1102327	cattle
SRR28980987	233185880	800000	24-011573-012-original-repeat	2024	USA	CATTLE	SAMN41267484	WGS	RANDOM	ILLUMINA	Illumina iSeq 100	PRJNA1102327	cattle
SRR28980988	235455401	800000	24-012457-002-original	2024	USA	CATTLE	SAMN41267496	WGS	RANDOM	ILLUMINA	Illumina iSeq 100	PRJNA1102327	cattle
SRR28980989	235535785	800000	24-012457-001-original	2024	USA	CATTLE	SAMN41267495	WGS	RANDOM	ILLUMINA	Illumina iSeq 100	PRJNA1102327	cattle
SRR28980990	235361754	800000	24-012377-010-original	2024	USA	CATTLE	SAMN41267475	WGS	RANDOM	ILLUMINA	Illumina iSeq 100	PRJNA1102327	cattle
SRR28980991	234525760	800000	24-012377-009-original	2024	USA	CATTLE	SAMN41267474	WGS	RANDOM	ILLUMINA	Illumina iSeq 100	PRJNA1102327	cattle
SRR28980992	234786847	800000	24-012377-008-original	2024	USA	CATTLE	SAMN41267473	WGS	RANDOM	ILLUMINA	Illumina iSeq 100	PRJNA1102327	cattle
SRR28980993	235184651	800000	24-012377-007-original	2024	USA	CATTLE	SAMN41267472	WGS	RANDOM	ILLUMINA	Illumina iSeq 100	PRJNA1102327	cattle
SRR28980994	233932135	800000	24-011573-009-original-repeat	2024	USA	CATTLE	SAMN41267483	WGS	RANDOM	ILLUMINA	Illumina iSeq 100	PRJNA1102327	cattle
SRR28980995	234088720	800000	24-012377-006-original	2024	USA	CATTLE	SAMN41267471	WGS	RANDOM	ILLUMINA	Illumina iSeq 100	PRJNA1102327	cattle
SRR28980996	234910120	800000	24-012377-005-original	2024	USA	CATTLE	SAMN41267470	WGS	RANDOM	ILLUMINA	Illumina iSeq 100	PRJNA1102327	cattle
SRR28980997	235229822	800000	24-012377-004-original	2024	USA	CATTLE	SAMN41267469	WGS	RANDOM	ILLUMINA	Illumina iSeq 100	PRJNA1102327	cattle
SRR28980998	234284288	800000	24-012377-003-original	2024	USA	CATTLE	SAMN41267468	WGS	RANDOM	ILLUMINA	Illumina iSeq 100	PRJNA1102327	cattle
SRR28980999	233193359	800000	24-012377-002-original	2024	USA	CATTLE	SAMN41267467	WGS	RANDOM	ILLUMINA	Illumina iSeq 100	PRJNA1102327	cattle
SRR28981000	234581810	800000	24-012377-001-original	2024	USA	CATTLE	SAMN41267466	WGS	RANDOM	ILLUMINA	Illumina iSeq 100	PRJNA1102327	cattle
SRR28981001	235593644	800000	24-012346-021-original	2024	USA	CATTLE	SAMN41267465	WGS	RANDOM	ILLUMINA	Illumina iSeq 100	PRJNA1102327	cattle
SRR28981002	234096179	800000	24-012346-017-original	2024	USA	CATTLE	SAMN41267464	WGS	RANDOM	ILLUMINA	Illumina iSeq 100	PRJNA1102327	cattle
SRR28981003	235164499	800000	24-012346-013-original	2024	USA	CATTLE	SAMN41267463	WGS	RANDOM	ILLUMINA	Illumina iSeq 100	PRJNA1102327	cattle
SRR28981004	234144446	800000	24-012346-009-original	2024	USA	CATTLE	SAMN41267462	WGS	RANDOM	ILLUMINA	Illumina iSeq 100	PRJNA1102327	cattle
SRR28981005	233281844	800000	24-011573-008-original-repeat	2024	USA	CATTLE	SAMN41267482	WGS	RANDOM	ILLUMINA	Illumina iSeq 100	PRJNA1102327	cattle
SRR28981006	234864198	800000	24-012346-005-original	2024	USA	CATTLE	SAMN41267461	WGS	RANDOM	ILLUMINA	Illumina iSeq 100	PRJNA1102327	cattle
SRR28981007	234186820	800000	24-012346-001-original	2024	USA	CATTLE	SAMN41267460	WGS	RANDOM	ILLUMINA	Illumina iSeq 100	PRJNA1102327	cattle
SRR28981008	234973621	800000	24-012341-022-original	2024	USA	CATTLE	SAMN41267459	WGS	RANDOM	ILLUMINA	Illumina iSeq 100	PRJNA1102327	cattle
SRR28981009	235121020	800000	24-012341-021-original	2024	USA	CATTLE	SAMN41267458	WGS	RANDOM	ILLUMINA	Illumina iSeq 100	PRJNA1102327	cattle
SRR28981010	235634446	800000	24-012341-020-original	2024	USA	CATTLE	SAMN41267457	WGS	RANDOM	ILLUMINA	Illumina iSeq 100	PRJNA1102327	cattle
SRR28981011	235388312	800000	24-012341-018-original	2024	USA	CATTLE	SAMN41267456	WGS	RANDOM	ILLUMINA	Illumina iSeq 100	PRJNA1102327	cattle
SRR28981012	234293253	800000	24-012341-017-original	2024	USA	CATTLE	SAMN41267455	WGS	RANDOM	ILLUMINA	Illumina iSeq 100	PRJNA1102327	cattle
SRR28981013	234113696	800000	24-012341-016-original	2024	USA	CATTLE	SAMN41267454	WGS	RANDOM	ILLUMINA	Illumina iSeq 100	PRJNA1102327	cattle
SRR28981014	235439483	800000	24-012341-015-original	2024	USA	CATTLE	SAMN41267453	WGS	RANDOM	ILLUMINA	Illumina iSeq 100	PRJNA1102327	cattle
SRR28981015	235343070	800000	24-012341-014-original	2024	USA	CATTLE	SAMN41267452	WGS	RANDOM	ILLUMINA	Illumina iSeq 100	PRJNA1102327	cattle
SRR28981016	236268821	800000	24-011573-006-original-repeat	2024	USA	CATTLE	SAMN41267487	WGS	RANDOM	ILLUMINA	Illumina iSeq 100	PRJNA1102327	cattle
SRR28981017	234005618	800000	24-012341-013-original	2024	USA	CATTLE	SAMN41267451	WGS	RANDOM	ILLUMINA	Illumina iSeq 100	PRJNA1102327	cattle
SRR28981018	236098074	800000	24-012341-012-original	2024	USA	CATTLE	SAMN41267450	WGS	RANDOM	ILLUMINA	Illumina iSeq 100	PRJNA1102327	cattle
SRR28981019	234284820	800000	24-012341-010-original	2024	USA	CATTLE	SAMN41267449	WGS	RANDOM	ILLUMINA	Illumina iSeq 100	PRJNA1102327	cattle
SRR28981020	234801847	800000	24-012341-008-original	2024	USA	CATTLE	SAMN41267448	WGS	RANDOM	ILLUMINA	Illumina iSeq 100	PRJNA1102327	cattle
SRR28981021	235347494	800000	24-012341-007-original	2024	USA	CATTLE	SAMN41267447	WGS	RANDOM	ILLUMINA	Illumina iSeq 100	PRJNA1102327	cattle
SRR28981022	235548519	800000	24-012341-004-original	2024	USA	CATTLE	SAMN41267446	WGS	RANDOM	ILLUMINA	Illumina iSeq 100	PRJNA1102327	cattle
SRR28981023	234699025	800000	24-012341-001-original	2024	USA	CATTLE	SAMN41267445	WGS	RANDOM	ILLUMINA	Illumina iSeq 100	PRJNA1102327	cattle
SRR28981024	234857362	800000	24-012314-003-original	2024	USA	CATTLE	SAMN41267444	WGS	RANDOM	ILLUMINA	Illumina iSeq 100	PRJNA1102327	cattle
SRR28981025	235801703	800000	24-012314-002-original	2024	USA	CATTLE	SAMN41267443	WGS	RANDOM	ILLUMINA	Illumina iSeq 100	PRJNA1102327	cattle
SRR28981026	234221949	800000	24-012314-001-original	2024	USA	CATTLE	SAMN41267442	WGS	RANDOM	ILLUMINA	Illumina iSeq 100	PRJNA1102327	cattle
SRR28981027	233780292	800000	24-011573-005-original-repeat	2024	USA	CATTLE	SAMN41267481	WGS	RANDOM	ILLUMINA	Illumina iSeq 100	PRJNA1102327	cattle
SRR28981028	235848704	800000	24-012313-002-original	2024	USA	RACCOON	SAMN41267441	WGS	RANDOM	ILLUMINA	Illumina iSeq 100	PRJNA1102327	other
SRR28981029	233707545	800000	24-012234-003-original	2024	USA	CHICKEN	SAMN41267494	WGS	RANDOM	ILLUMINA	Illumina iSeq 100	PRJNA1102327	poultry_wildbird
SRR28981030	233308896	800000	24-012234-002-original	2024	USA	CHICKEN	SAMN41267493	WGS	RANDOM	ILLUMINA	Illumina iSeq 100	PRJNA1102327	poultry_wildbird
SRR28981034	233346278	800000	24-012167-001-original	2024	USA	TURKEY	SAMN41267489	WGS	RANDOM	ILLUMINA	Illumina iSeq 100	PRJNA1102327	poultry_wildbird
SRR28981035	233847956	800000	24-011958-001-original	2024	USA	TURKEY	SAMN41267478	WGS	RANDOM	ILLUMINA	Illumina iSeq 100	PRJNA1102327	poultry_wildbird
SRR28981037	234447768	800000	24-011802-001-original	2024	USA	CATTLE	SAMN41267479	WGS	RANDOM	ILLUMINA	Illumina iSeq 100	PRJNA1102327	cattle
SRR28981038	234420792	800000	24-011573-002-original-repeat	2024	USA	CATTLE	SAMN41267480	WGS	RANDOM	ILLUMINA	Illumina iSeq 100	PRJNA1102327	cattle
SRR28912777	26629069	92347	24-011573-007	2024	USA	CATTLE	SAMN41189790	WGS	RANDOM	ILLUMINA	Illumina iSeq 100	PRJNA1102327	cattle
SRR28912778	2723519	9699	24-011573-004	2024	USA	CATTLE	SAMN41189789	WGS	RANDOM	ILLUMINA	Illumina iSeq 100	PRJNA1102327	cattle
SRR28912779	68091212	234753	24-011426-001	2024	USA	TURKEY	SAMN41189796	WGS	RANDOM	ILLUMINA	Illumina iSeq 100	PRJNA1102327	poultry_wildbird
SRR28912780	59167929	206717	24-011263-003	2024	USA	CHICKEN	SAMN41189779	WGS	RANDOM	ILLUMINA	Illumina iSeq 100	PRJNA1102327	poultry_wildbird
SRR28912781	44594425	153229	24-011263-002	2024	USA	CHICKEN	SAMN41189778	WGS	RANDOM	ILLUMINA	Illumina iSeq 100	PRJNA1102327	poultry_wildbird
SRR28912782	101996495	362049	24-011263-001	2024	USA	CHICKEN	SAMN41189777	WGS	RANDOM	ILLUMINA	Illumina iSeq 100	PRJNA1102327	poultry_wildbird
SRR28912783	17910484	61859	24-011231-006	2024	USA	CATTLE	SAMN41189776	WGS	RANDOM	ILLUMINA	Illumina iSeq 100	PRJNA1102327	cattle
SRR28912784	28528902	63771	24-010071-015	2024	USA	CATTLE	SAMN41189742	WGS	RANDOM	ILLUMINA	Illumina MiSeq	PRJNA1102327	cattle
SRR28912785	20056305	70385	24-011231-004	2024	USA	CATTLE	SAMN41189775	WGS	RANDOM	ILLUMINA	Illumina iSeq 100	PRJNA1102327	cattle
SRR28912786	34218217	118791	24-011231-003	2024	USA	CATTLE	SAMN41189774	WGS	RANDOM	ILLUMINA	Illumina iSeq 100	PRJNA1102327	cattle
SRR28912787	237294245	818287	24-011231-002	2024	USA	CATTLE	SAMN41189773	WGS	RANDOM	ILLUMINA	Illumina iSeq 100	PRJNA1102327	cattle
SRR28912788	45292501	157648	24-011231-001	2024	USA	CATTLE	SAMN41189772	WGS	RANDOM	ILLUMINA	Illumina iSeq 100	PRJNA1102327	cattle
SRR28912789	95752648	338173	24-011230-002	2024	USA	TURKEY	SAMN41189771	WGS	RANDOM	ILLUMINA	Illumina iSeq 100	PRJNA1102327	poultry_wildbird
SRR28912790	8712802	30332	24-011230-001	2024	USA	TURKEY	SAMN41189770	WGS	RANDOM	ILLUMINA	Illumina iSeq 100	PRJNA1102327	poultry_wildbird
SRR28912791	287108126	974321	24-011062-010	2024	USA	CHICKEN	SAMN41189768	WGS	RANDOM	ILLUMINA	Illumina iSeq 100	PRJNA1102327	poultry_wildbird
SRR28912793	5583122	19385	24-010947-006	2024	USA	CHICKEN	SAMN41189766	WGS	RANDOM	ILLUMINA	Illumina iSeq 100	PRJNA1102327	poultry_wildbird
SRR28912794	112017997	380831	24-010947-003	2024	USA	CHICKEN	SAMN41189765	WGS	RANDOM	ILLUMINA	Illumina iSeq 100	PRJNA1102327	poultry_wildbird
SRR28912795	24520056	55332	24-010071-014	2024	USA	CATTLE	SAMN41189741	WGS	RANDOM	ILLUMINA	Illumina MiSeq	PRJNA1102327	cattle
SRR28912796	2107050	7248	24-010947-002	2024	USA	CHICKEN	SAMN41189764	WGS	RANDOM	ILLUMINA	Illumina iSeq 100	PRJNA1102327	poultry_wildbird
SRR28912797	4718628	16149	24-010947-001	2024	USA	CHICKEN	SAMN41189763	WGS	RANDOM	ILLUMINA	Illumina iSeq 100	PRJNA1102327	poultry_wildbird
SRR28912798	1182966	4108	24-010930-002	2024	USA	CATTLE	SAMN41189762	WGS	RANDOM	ILLUMINA	Illumina iSeq 100	PRJNA1102327	cattle
SRR28912799	4806325	16692	24-010832-002	2024	USA	CHICKEN	SAMN41189738	WGS	RANDOM	ILLUMINA	Illumina iSeq 100	PRJNA1102327	poultry_wildbird
SRR28912800	84642931	288323	24-010832-001	2024	USA	CHICKEN	SAMN41189737	WGS	RANDOM	ILLUMINA	Illumina iSeq 100	PRJNA1102327	poultry_wildbird
SRR28912801	34347253	117740	24-010786-003	2024	USA	CATTLE	SAMN41189736	WGS	RANDOM	ILLUMINA	Illumina iSeq 100	PRJNA1102327	cattle
SRR28912802	83971431	286609	24-010786-002	2024	USA	CATTLE	SAMN41189735	WGS	RANDOM	ILLUMINA	Illumina iSeq 100	PRJNA1102327	cattle
SRR28912803	37607238	93766	24-010661-014	2024	USA	CATTLE	SAMN41189788	WGS	RANDOM	ILLUMINA	Illumina MiSeq	PRJNA1102327	cattle
SRR28912804	47013361	130461	24-010661-013	2024	USA	CATTLE	SAMN41189787	WGS	RANDOM	ILLUMINA	Illumina MiSeq	PRJNA1102327	cattle
SRR28912805	63052675	161700	24-010661-010	2024	USA	CATTLE	SAMN41189786	WGS	RANDOM	ILLUMINA	Illumina MiSeq	PRJNA1102327	cattle
SRR28912806	34023992	78302	24-010071-013	2024	USA	CATTLE	SAMN41189740	WGS	RANDOM	ILLUMINA	Illumina MiSeq	PRJNA1102327	cattle
SRR28912807	43336151	117612	24-010661-009	2024	USA	CATTLE	SAMN41189785	WGS	RANDOM	ILLUMINA	Illumina MiSeq	PRJNA1102327	cattle
SRR28912808	44677472	121080	24-010661-008	2024	USA	CATTLE	SAMN41189784	WGS	RANDOM	ILLUMINA	Illumina MiSeq	PRJNA1102327	cattle
SRR28912809	44020680	100496	24-010071-018	2024	USA	CATTLE	SAMN41189745	WGS	RANDOM	ILLUMINA	Illumina MiSeq	PRJNA1102327	cattle
SRR28912810	58637578	203178	24-012225-033	2024	USA	CATTLE	SAMN41189807	WGS	RANDOM	ILLUMINA	Illumina iSeq 100	PRJNA1102327	cattle
SRR28912811	77911677	271568	24-012225-029	2024	USA	CATTLE	SAMN41189806	WGS	RANDOM	ILLUMINA	Illumina iSeq 100	PRJNA1102327	cattle
SRR28912812	31950558	71114	24-010071-017	2024	USA	CATTLE	SAMN41189744	WGS	RANDOM	ILLUMINA	Illumina MiSeq	PRJNA1102327	cattle
SRR28912813	54982229	193547	24-012225-023	2024	USA	CATTLE	SAMN41189805	WGS	RANDOM	ILLUMINA	Illumina iSeq 100	PRJNA1102327	cattle
SRR28912814	61510385	215238	24-012225-019	2024	USA	CATTLE	SAMN41189804	WGS	RANDOM	ILLUMINA	Illumina iSeq 100	PRJNA1102327	cattle
SRR28912815	65072313	226671	24-012225-014	2024	USA	CATTLE	SAMN41189803	WGS	RANDOM	ILLUMINA	Illumina iSeq 100	PRJNA1102327	cattle
SRR28912816	72811309	251911	24-012225-001	2024	USA	CATTLE	SAMN41189802	WGS	RANDOM	ILLUMINA	Illumina iSeq 100	PRJNA1102327	cattle
SRR28912820	47044176	165968	24-011659-002	2024	USA	RACCOON	SAMN41189798	WGS	RANDOM	ILLUMINA	Illumina iSeq 100	PRJNA1102327	other
SRR28912821	48109255	164809	24-011659-001	2024	USA	RACCOON	SAMN41189797	WGS	RANDOM	ILLUMINA	Illumina iSeq 100	PRJNA1102327	other
SRR28912822	139589412	478067	24-011574-001	2024	USA	CATTLE	SAMN41189793	WGS	RANDOM	ILLUMINA	Illumina iSeq 100	PRJNA1102327	cattle
SRR28912823	27053166	60637	24-010071-016	2024	USA	CATTLE	SAMN41189743	WGS	RANDOM	ILLUMINA	Illumina MiSeq	PRJNA1102327	cattle
SRR28912824	135290273	462949	24-011573-021	2024	USA	CATTLE	SAMN41189794	WGS	RANDOM	ILLUMINA	Illumina iSeq 100	PRJNA1102327	cattle
SRR28912825	80653821	284989	24-011573-014	2024	USA	CATTLE	SAMN41189792	WGS	RANDOM	ILLUMINA	Illumina iSeq 100	PRJNA1102327	cattle
SRR28912826	41307015	146727	24-011573-013	2024	USA	CATTLE	SAMN41189791	WGS	RANDOM	ILLUMINA	Illumina iSeq 100	PRJNA1102327	cattle
SRR28912827	33473089	89834	24-010661-007	2024	USA	CATTLE	SAMN41189783	WGS	RANDOM	ILLUMINA	Illumina MiSeq	PRJNA1102327	cattle
SRR28912828	45660232	128696	24-010661-005	2024	USA	CATTLE	SAMN41189782	WGS	RANDOM	ILLUMINA	Illumina MiSeq	PRJNA1102327	cattle
SRR28912829	45624936	117281	24-010661-004	2024	USA	CATTLE	SAMN41189781	WGS	RANDOM	ILLUMINA	Illumina MiSeq	PRJNA1102327	cattle
SRR28912830	12747337	43585	24-010661-003	2024	USA	CATTLE	SAMN41189734	WGS	RANDOM	ILLUMINA	Illumina iSeq 100	PRJNA1102327	cattle
SRR28912831	214631248	729321	24-010661-002	2024	USA	CATTLE	SAMN41189733	WGS	RANDOM	ILLUMINA	Illumina iSeq 100	PRJNA1102327	cattle
SRR28912832	31612417	106993	24-010655-003	2024	USA	TURKEY	SAMN41189732	WGS	RANDOM	ILLUMINA	Illumina iSeq 100	PRJNA1102327	poultry_wildbird
SRR28912833	51771272	179967	24-010655-002	2024	USA	TURKEY	SAMN41189731	WGS	RANDOM	ILLUMINA	Illumina iSeq 100	PRJNA1102327	poultry_wildbird
SRR28912834	244409459	823777	24-010655-001	2024	USA	TURKEY	SAMN41189730	WGS	RANDOM	ILLUMINA	Illumina iSeq 100	PRJNA1102327	poultry_wildbird
SRR28912835	29708688	67899	24-010071-012	2024	USA	CATTLE	SAMN41189739	WGS	RANDOM	ILLUMINA	Illumina MiSeq	PRJNA1102327	cattle
SRR28912836	272776368	920505	24-010654-003	2024	USA	TURKEY	SAMN41189729	WGS	RANDOM	ILLUMINA	Illumina iSeq 100	PRJNA1102327	poultry_wildbird
SRR28912837	20043673	68943	24-010654-002	2024	USA	TURKEY	SAMN41189728	WGS	RANDOM	ILLUMINA	Illumina iSeq 100	PRJNA1102327	poultry_wildbird
SRR28912838	41505169	141944	24-010654-001	2024	USA	TURKEY	SAMN41189727	WGS	RANDOM	ILLUMINA	Illumina iSeq 100	PRJNA1102327	poultry_wildbird
SRR28912839	77788867	266056	24-010651-001	2024	USA	CHICKEN	SAMN41189726	WGS	RANDOM	ILLUMINA	Illumina iSeq 100	PRJNA1102327	poultry_wildbird
SRR28912840	43128139	110116	24-010354-007	2024	USA	CATTLE	SAMN41189780	WGS	RANDOM	ILLUMINA	Illumina MiSeq	PRJNA1102327	cattle
SRR28912841	24176352	82337	24-010327-004	2024	USA	CATTLE	SAMN41189769	WGS	RANDOM	ILLUMINA	Illumina iSeq 100	PRJNA1102327	cattle
SRR28912842	28448840	64383	24-010231-002	2024	USA	CATTLE	SAMN41189759	WGS	RANDOM	ILLUMINA	Illumina MiSeq	PRJNA1102327	cattle
SRR28912843	24470504	53693	24-010231-001	2024	USA	CATTLE	SAMN41189758	WGS	RANDOM	ILLUMINA	Illumina MiSeq	PRJNA1102327	cattle
SRR28912844	33133464	77899	24-010202-014	2024	USA	CATTLE	SAMN41189757	WGS	RANDOM	ILLUMINA	Illumina MiSeq	PRJNA1102327	cattle
SRR28912845	83498107	190143	24-010202-013	2024	USA	CATTLE	SAMN41189756	WGS	RANDOM	ILLUMINA	Illumina MiSeq	PRJNA1102327	cattle
SRR28912846	24114638	55115	24-009810-001	2024	USA	Cattle	SAMN41189760	WGS	RANDOM	ILLUMINA	Illumina MiSeq	PRJNA1102327	cattle
SRR28912847	37746325	85746	24-010202-012	2024	USA	CATTLE	SAMN41189755	WGS	RANDOM	ILLUMINA	Illumina MiSeq	PRJNA1102327	cattle
SRR28912848	41088527	95333	24-010202-011	2024	USA	CATTLE	SAMN41189754	WGS	RANDOM	ILLUMINA	Illumina MiSeq	PRJNA1102327	cattle
SRR28912849	25259111	60435	24-010202-009	2024	USA	CATTLE	SAMN41189753	WGS	RANDOM	ILLUMINA	Illumina MiSeq	PRJNA1102327	cattle
SRR28912850	41735089	96051	24-010202-007	2024	USA	CATTLE	SAMN41189752	WGS	RANDOM	ILLUMINA	Illumina MiSeq	PRJNA1102327	cattle
SRR28912851	32808217	75944	24-010202-005	2024	USA	CATTLE	SAMN41189751	WGS	RANDOM	ILLUMINA	Illumina MiSeq	PRJNA1102327	cattle
SRR28912852	30124571	67870	24-010202-004	2024	USA	CATTLE	SAMN41189750	WGS	RANDOM	ILLUMINA	Illumina MiSeq	PRJNA1102327	cattle
SRR28912853	28412082	63953	24-010202-003	2024	USA	CATTLE	SAMN41189749	WGS	RANDOM	ILLUMINA	Illumina MiSeq	PRJNA1102327	cattle
SRR28912854	31558387	71147	24-010202-002	2024	USA	CATTLE	SAMN41189748	WGS	RANDOM	ILLUMINA	Illumina MiSeq	PRJNA1102327	cattle
SRR28912855	85190020	194145	24-010202-001	2024	USA	CATTLE	SAMN41189747	WGS	RANDOM	ILLUMINA	Illumina MiSeq	PRJNA1102327	cattle
SRR28912856	89667452	202998	24-010071-020	2024	USA	CATTLE	SAMN41189746	WGS	RANDOM	ILLUMINA	Illumina MiSeq	PRJNA1102327	cattle
SRR28912857	20187130	68639	24-009779-005	2024	USA	CATTLE	SAMN41189761	WGS	RANDOM	ILLUMINA	Illumina iSeq 100	PRJNA1102327	cattle
SRR28834884	58637049	198976	24-005334-001-original	2024	USA	Chicken	SAMN41106764	WGS	RANDOM	ILLUMINA	Illumina iSeq 100	PRJNA1102327	poultry_wildbird
SRR28834885	12165441	41998	24-010315-001-original	2024	USA	Mountain Lion	SAMN41106835	WGS	RANDOM	ILLUMINA	Illumina iSeq 100	PRJNA1102327	other
SRR28834886	53081096	124341	24-005146-001-original	2024	USA	Canada Goose	SAMN41106763	WGS	RANDOM	ILLUMINA	Illumina MiSeq	PRJNA1102327	poultry_wildbird
SRR28834887	64340257	144099	24-009499-002-original	2024	USA	cattle	SAMN41106834	WGS	RANDOM	ILLUMINA	Illumina MiSeq	PRJNA1102327	cattle
SRR28834888	39057780	87366	24-009495-007-original	2024	USA	cattle	SAMN41106833	WGS	RANDOM	ILLUMINA	Illumina MiSeq	PRJNA1102327	cattle
SRR28834889	29793398	64849	24-009495-005-original	2024	USA	cattle	SAMN41106832	WGS	RANDOM	ILLUMINA	Illumina MiSeq	PRJNA1102327	cattle
SRR28834890	47097592	108232	24-009495-004-original	2024	USA	cattle	SAMN41106831	WGS	RANDOM	ILLUMINA	Illumina MiSeq	PRJNA1102327	cattle
SRR28834891	110628259	252830	24-009310-009-original	2024	USA	cattle	SAMN41106830	WGS	RANDOM	ILLUMINA	Illumina MiSeq	PRJNA1102327	cattle
SRR28834892	44184253	151734	24-009308-003-original	2024	USA	cattle	SAMN41106829	WGS	RANDOM	ILLUMINA	Illumina iSeq 100	PRJNA1102327	cattle
SRR28834893	46693047	159905	24-009308-002-original	2024	USA	cattle	SAMN41106828	WGS	RANDOM	ILLUMINA	Illumina iSeq 100	PRJNA1102327	cattle
SRR28834894	28561315	98445	24-009308-001-original	2024	USA	cattle	SAMN41106827	WGS	RANDOM	ILLUMINA	Illumina iSeq 100	PRJNA1102327	cattle
SRR28834897	80815106	205912	24-007234-006-original	2024	USA	GOAT	SAMN41106795	WGS	RANDOM	ILLUMINA	Illumina MiSeq	PRJNA1102327	other
SRR28834898	51866823	113019	24-004707-001-original	2024	USA	Western Sandpiper	SAMN41106759	WGS	RANDOM	ILLUMINA	Illumina MiSeq	PRJNA1102327	other
SRR28834899	75283680	205389	24-007234-003-original	2024	USA	GOAT	SAMN41106794	WGS	RANDOM	ILLUMINA	Illumina MiSeq	PRJNA1102327	other
SRR28834900	49085991	112352	24-006961-018-original	2024	USA	Mallard	SAMN41106793	WGS	RANDOM	ILLUMINA	Illumina MiSeq	PRJNA1102327	other
SRR28834901	52326060	137340	24-006634-001-original-repeat	2024	USA	American Crow	SAMN41106792	WGS	RANDOM	ILLUMINA	Illumina MiSeq	PRJNA1102327	other
SRR28834902	236236308	483476	24-006385-003-original-repeat	2024	USA	Ganada Goose	SAMN41106791	WGS	RANDOM	ILLUMINA	Illumina MiSeq	PRJNA1102327	poultry_wildbird
SRR28834903	33085376	72800	24-006223-001-original	2024	USA	Great Horned Owl	SAMN41106790	WGS	RANDOM	ILLUMINA	Illumina MiSeq	PRJNA1102327	other
SRR28834904	36879640	125364	24-006061-001-original	2024	USA	Bald Eagle	SAMN41106789	WGS	RANDOM	ILLUMINA	Illumina iSeq 100	PRJNA1102327	poultry_wildbird
SRR28834905	52867547	117214	24-005993-001-original	2024	USA	Red Tailed Hawk	SAMN41106788	WGS	RANDOM	ILLUMINA	Illumina MiSeq	PRJNA1102327	poultry_wildbird
SRR28834906	42668068	93930	24-005959-006-original	2024	USA	Skunk	SAMN41106787	WGS	RANDOM	ILLUMINA	Illumina MiSeq	PRJNA1102327	other
SRR28834907	49412301	110438	24-005959-005-original	2024	USA	Skunk	SAMN41106786	WGS	RANDOM	ILLUMINA	Illumina MiSeq	PRJNA1102327	other
SRR28834908	48237962	105285	24-005959-004-original	2024	USA	Skunk	SAMN41106785	WGS	RANDOM	ILLUMINA	Illumina MiSeq	PRJNA1102327	other
SRR28834909	74217963	168102	24-004479-002-original	2024	USA	American Crow	SAMN41106758	WGS	RANDOM	ILLUMINA	Illumina MiSeq	PRJNA1102327	other
SRR28834910	49951755	111285	24-005959-003-original	2024	USA	Skunk	SAMN41106784	WGS	RANDOM	ILLUMINA	Illumina MiSeq	PRJNA1102327	other
SRR28834911	47826904	107155	24-005959-002-original	2024	USA	Skunk	SAMN41106783	WGS	RANDOM	ILLUMINA	Illumina MiSeq	PRJNA1102327	other
SRR28834912	59227094	129921	24-005959-001-original	2024	USA	Skunk	SAMN41106782	WGS	RANDOM	ILLUMINA	Illumina MiSeq	PRJNA1102327	other
SRR28834913	48769439	107528	24-005918-001-original	2024	USA	Mute Swan	SAMN41106781	WGS	RANDOM	ILLUMINA	Illumina MiSeq	PRJNA1102327	other
SRR28834914	56306083	191239	24-005908-001-original	2024	USA	Mountain Lion	SAMN41106780	WGS	RANDOM	ILLUMINA	Illumina iSeq 100	PRJNA1102327	other
SRR28834915	44046303	150517	24-005907-002-original	2024	USA	Duck	SAMN41106779	WGS	RANDOM	ILLUMINA	Illumina iSeq 100	PRJNA1102327	poultry_wildbird
SRR28834916	32443870	110785	24-005907-001-original	2024	USA	Chicken	SAMN41106778	WGS	RANDOM	ILLUMINA	Illumina iSeq 100	PRJNA1102327	poultry_wildbird
SRR28834917	52213474	119383	24-005749-001-original	2024	USA	Canada Goose	SAMN41106777	WGS	RANDOM	ILLUMINA	Illumina MiSeq	PRJNA1102327	poultry_wildbird
SRR28834918	66305217	224793	24-005716-006-original	2024	USA	Chicken	SAMN41106776	WGS	RANDOM	ILLUMINA	Illumina iSeq 100	PRJNA1102327	poultry_wildbird
SRR28834919	70298263	238969	24-005716-003-original	2024	USA	Chicken	SAMN41106775	WGS	RANDOM	ILLUMINA	Illumina iSeq 100	PRJNA1102327	poultry_wildbird
SRR28834920	57773285	124661	24-004479-001-original	2024	USA	American Crow	SAMN41106757	WGS	RANDOM	ILLUMINA	Illumina MiSeq	PRJNA1102327	other
SRR28834921	60235515	204241	24-005716-002-original	2024	USA	Chicken	SAMN41106774	WGS	RANDOM	ILLUMINA	Illumina iSeq 100	PRJNA1102327	poultry_wildbird
SRR28834922	65895740	223689	24-005539-002-original	2024	USA	Chicken	SAMN41106773	WGS	RANDOM	ILLUMINA	Illumina iSeq 100	PRJNA1102327	poultry_wildbird
SRR28834923	64488281	218318	24-005539-001-original	2024	USA	Chicken	SAMN41106772	WGS	RANDOM	ILLUMINA	Illumina iSeq 100	PRJNA1102327	poultry_wildbird
SRR28834924	55332423	187992	24-005372-002-original	2024	USA	Turkey	SAMN41106771	WGS	RANDOM	ILLUMINA	Illumina iSeq 100	PRJNA1102327	poultry_wildbird
SRR28834925	52289501	177128	24-005372-001-original	2024	USA	Turkey	SAMN41106770	WGS	RANDOM	ILLUMINA	Illumina iSeq 100	PRJNA1102327	poultry_wildbird
SRR28834926	55559389	187956	24-005371-002-original	2024	USA	Turkey	SAMN41106769	WGS	RANDOM	ILLUMINA	Illumina iSeq 100	PRJNA1102327	poultry_wildbird
SRR28834927	54057428	182552	24-005371-001-original	2024	USA	Turkey	SAMN41106768	WGS	RANDOM	ILLUMINA	Illumina iSeq 100	PRJNA1102327	poultry_wildbird
SRR28834928	58675338	198771	24-005369-002-original	2024	USA	Turkey	SAMN41106767	WGS	RANDOM	ILLUMINA	Illumina iSeq 100	PRJNA1102327	poultry_wildbird
SRR28834929	60718962	132913	24-004881-004-original	2024	USA	Snow Goose	SAMN41106762	WGS	RANDOM	ILLUMINA	Illumina MiSeq	PRJNA1102327	poultry_wildbird
SRR28834931	83208137	218630	24-008719-001-original	2024	USA	Canada Goose	SAMN41106823	WGS	RANDOM	ILLUMINA	Illumina MiSeq	PRJNA1102327	poultry_wildbird
SRR28834933	76588549	201045	24-008306-001-original	2024	USA	Red Tailed Hawk	SAMN41106821	WGS	RANDOM	ILLUMINA	Illumina MiSeq	PRJNA1102327	poultry_wildbird
SRR28834934	24177771	59717	24-008032-004-original	2024	USA	Skunk	SAMN41106820	WGS	RANDOM	ILLUMINA	Illumina MiSeq	PRJNA1102327	other
SRR28834935	45951606	122427	24-007953-001-original	2024	USA	Bald Eagle	SAMN41106819	WGS	RANDOM	ILLUMINA	Illumina MiSeq	PRJNA1102327	poultry_wildbird
SRR28834936	20568488	51047	24-007939-001-original	2024	USA	Skunk	SAMN41106818	WGS	RANDOM	ILLUMINA	Illumina MiSeq	PRJNA1102327	other
SRR28834937	308902397	701438	24-007706-001-original	2024	USA	Snow Goose	SAMN41106817	WGS	RANDOM	ILLUMINA	Illumina MiSeq	PRJNA1102327	poultry_wildbird
SRR28834938	321730298	727885	24-007557-001-original	2024	USA	Chicken	SAMN41106816	WGS	RANDOM	ILLUMINA	Illumina MiSeq	PRJNA1102327	poultry_wildbird
SRR28834939	288527551	658112	24-007419-001-original	2024	USA	Turkey Vulture	SAMN41106815	WGS	RANDOM	ILLUMINA	Illumina MiSeq	PRJNA1102327	poultry_wildbird
SRR28834940	64403178	153231	24-004881-002-original	2024	USA	Snow Goose	SAMN41106761	WGS	RANDOM	ILLUMINA	Illumina MiSeq	PRJNA1102327	poultry_wildbird
SRR28834941	288530454	691138	24-007417-001-original	2024	USA	Common Raven	SAMN41106814	WGS	RANDOM	ILLUMINA	Illumina MiSeq	PRJNA1102327	other
SRR28834942	62412477	218416	24-007379-002-original	2024	USA	Turkey	SAMN41106813	WGS	RANDOM	ILLUMINA	Illumina iSeq 100	PRJNA1102327	poultry_wildbird
SRR28834943	39329207	150437	24-007379-001-original	2024	USA	Turkey	SAMN41106812	WGS	RANDOM	ILLUMINA	Illumina iSeq 100	PRJNA1102327	poultry_wildbird
SRR28834944	60773939	136597	24-007263-003-original	2024	USA	Chicken	SAMN41106811	WGS	RANDOM	ILLUMINA	Illumina MiSeq	PRJNA1102327	poultry_wildbird
SRR28834945	63868192	144291	24-007263-002-original	2024	USA	Chicken	SAMN41106810	WGS	RANDOM	ILLUMINA	Illumina MiSeq	PRJNA1102327	poultry_wildbird
SRR28834946	59871393	136283	24-007263-001-original	2024	USA	Turkey	SAMN41106809	WGS	RANDOM	ILLUMINA	Illumina MiSeq	PRJNA1102327	poultry_wildbird
SRR28834947	55949499	191835	24-007234-059	2024	USA	GOAT	SAMN41106808	WGS	RANDOM	ILLUMINA	Illumina iSeq 100	PRJNA1102327	other
SRR28834948	56208780	191188	24-007234-050	2024	USA	GOAT	SAMN41106807	WGS	RANDOM	ILLUMINA	Illumina iSeq 100	PRJNA1102327	other
SRR28834949	53946029	183863	24-007234-048	2024	USA	GOAT	SAMN41106806	WGS	RANDOM	ILLUMINA	Illumina iSeq 100	PRJNA1102327	other
SRR28834950	47672746	162098	24-007234-047	2024	USA	GOAT	SAMN41106805	WGS	RANDOM	ILLUMINA	Illumina iSeq 100	PRJNA1102327	other
SRR28834951	61513179	137942	24-004708-001-original	2024	USA	Western Gull	SAMN41106760	WGS	RANDOM	ILLUMINA	Illumina MiSeq	PRJNA1102327	poultry_wildbird
SRR28834952	65473476	222979	24-007234-044	2024	USA	GOAT	SAMN41106804	WGS	RANDOM	ILLUMINA	Illumina iSeq 100	PRJNA1102327	other
SRR28834953	44930144	153281	24-007234-037	2024	USA	GOAT	SAMN41106803	WGS	RANDOM	ILLUMINA	Illumina iSeq 100	PRJNA1102327	other
SRR28834954	37111025	127206	24-007234-036	2024	USA	GOAT	SAMN41106802	WGS	RANDOM	ILLUMINA	Illumina iSeq 100	PRJNA1102327	other
SRR28834955	91532278	312146	24-007234-035	2024	USA	GOAT	SAMN41106801	WGS	RANDOM	ILLUMINA	Illumina iSeq 100	PRJNA1102327	other
SRR28834956	59313310	201253	24-007234-034	2024	USA	GOAT	SAMN41106800	WGS	RANDOM	ILLUMINA	Illumina iSeq 100	PRJNA1102327	other
SRR28834957	48238224	163514	24-007234-032	2024	USA	GOAT	SAMN41106799	WGS	RANDOM	ILLUMINA	Illumina iSeq 100	PRJNA1102327	other
SRR28834958	47077055	159243	24-007234-030	2024	USA	GOAT	SAMN41106798	WGS	RANDOM	ILLUMINA	Illumina iSeq 100	PRJNA1102327	other
SRR28834959	95884664	325990	24-007234-029	2024	USA	GOAT	SAMN41106797	WGS	RANDOM	ILLUMINA	Illumina iSeq 100	PRJNA1102327	other
SRR28834960	72877943	185792	24-007234-009-original	2024	USA	GOAT	SAMN41106796	WGS	RANDOM	ILLUMINA	Illumina MiSeq	PRJNA1102327	other
SRR28834961	67816785	229475	24-005369-001-original	2024	USA	Turkey	SAMN41106766	WGS	RANDOM	ILLUMINA	Illumina iSeq 100	PRJNA1102327	poultry_wildbird
SRR28834962	59252912	200578	24-005334-002-original	2024	USA	Chicken	SAMN41106765	WGS	RANDOM	ILLUMINA	Illumina iSeq 100	PRJNA1102327	poultry_wildbird
SRR28834963	69866216	161294	24-004080-001-original-repeat2	2024	USA	Harris Hawk	SAMN41106756	WGS	RANDOM	ILLUMINA	Illumina MiSeq	PRJNA1102327	poultry_wildbird
SRR28834964	59118804	130774	24-003714-001-original-repeat	2024	USA	Red Tailed Hawk	SAMN41106755	WGS	RANDOM	ILLUMINA	Illumina MiSeq	PRJNA1102327	poultry_wildbird
SRR28834850	83716380	289052	24-010327-005	2024	USA	CATTLE	SAMN41100355	WGS	RANDOM	ILLUMINA	Illumina iSeq 100	PRJNA1102327	cattle
SRR28834851	29552271	101082	24-010327-002	2024	USA	CATTLE	SAMN41100354	WGS	RANDOM	ILLUMINA	Illumina iSeq 100	PRJNA1102327	cattle
SRR28834852	20301625	69689	24-010195-004	2024	USA	CATTLE	SAMN41100353	WGS	RANDOM	ILLUMINA	Illumina iSeq 100	PRJNA1102327	cattle
SRR28834853	41841348	143038	24-010192-003	2024	USA	CATTLE	SAMN41100352	WGS	RANDOM	ILLUMINA	Illumina iSeq 100	PRJNA1102327	cattle
SRR28834854	33095525	113739	24-010071-004	2024	USA	CATTLE	SAMN41100351	WGS	RANDOM	ILLUMINA	Illumina iSeq 100	PRJNA1102327	cattle
SRR28834855	125334084	429125	24-008765-001	2024	USA	PIGEON	SAMN41100350	WGS	RANDOM	ILLUMINA	Illumina iSeq 100	PRJNA1102327	other
SRR28752446	93605195	320313	24-008354-001-original	2024	USA	Blackbird	SAMN41019184	WGS	RANDOM	ILLUMINA	Illumina iSeq 100	PRJNA1102327	other
SRR28752447	86080323	178334	24-009108-005-original	2024	USA	Cattle	SAMN41019237	WGS	RANDOM	ILLUMINA	Illumina MiSeq	PRJNA1102327	cattle
SRR28752448	75035343	149895	24-009108-004-original	2024	USA	Cattle	SAMN41019236	WGS	RANDOM	ILLUMINA	Illumina MiSeq	PRJNA1102327	cattle
SRR28752449	59363690	202432	24-009108-003-original	2024	USA	Cattle	SAMN41019235	WGS	RANDOM	ILLUMINA	Illumina iSeq 100	PRJNA1102327	cattle
SRR28752450	119232569	237216	24-009108-002-original	2024	USA	Cattle	SAMN41019234	WGS	RANDOM	ILLUMINA	Illumina MiSeq	PRJNA1102327	cattle
SRR28752451	64394752	219084	24-009108-001-original	2024	USA	Cattle	SAMN41019233	WGS	RANDOM	ILLUMINA	Illumina iSeq 100	PRJNA1102327	cattle
SRR28752452	41343137	143441	24-009088-002-original	2024	USA	Cattle	SAMN41019232	WGS	RANDOM	ILLUMINA	Illumina iSeq 100	PRJNA1102327	cattle
SRR28752453	37055919	128023	24-009088-001-original	2024	USA	Cattle	SAMN41019231	WGS	RANDOM	ILLUMINA	Illumina iSeq 100	PRJNA1102327	cattle
SRR28752454	77475156	156251	24-009087-001-original	2024	USA	Cattle	SAMN41019230	WGS	RANDOM	ILLUMINA	Illumina MiSeq	PRJNA1102327	cattle
SRR28752455	63694864	215729	24-009029-001-original	2024	USA	Cattle	SAMN41019229	WGS	RANDOM	ILLUMINA	Illumina iSeq 100	PRJNA1102327	cattle
SRR28752456	52181145	103837	24-009028-019-original	2024	USA	Cattle	SAMN41019228	WGS	RANDOM	ILLUMINA	Illumina MiSeq	PRJNA1102327	cattle
SRR28752457	47935468	109661	24-007264-003-original	2024	USA	Chicken	SAMN41019183	WGS	RANDOM	ILLUMINA	Illumina MiSeq	PRJNA1102327	poultry_wildbird
SRR28752458	62891056	213872	24-009028-009-original	2024	USA	Cattle	SAMN41019227	WGS	RANDOM	ILLUMINA	Illumina iSeq 100	PRJNA1102327	cattle
SRR28752459	74780574	254784	24-009028-008-original	2024	USA	Cattle	SAMN41019226	WGS	RANDOM	ILLUMINA	Illumina iSeq 100	PRJNA1102327	cattle
SRR28752460	37208576	126708	24-009028-007-original	2024	USA	Cattle	SAMN41019225	WGS	RANDOM	ILLUMINA	Illumina iSeq 100	PRJNA1102327	cattle
SRR28752461	77377796	160872	24-009028-005-original-repeat	2024	USA	Cattle	SAMN41019224	WGS	RANDOM	ILLUMINA	Illumina MiSeq	PRJNA1102327	cattle
SRR28752462	44853173	152430	24-009028-003-original-MTM	2024	USA	Cattle	SAMN41019223	WGS	RANDOM	ILLUMINA	Illumina iSeq 100	PRJNA1102327	cattle
SRR28752463	54801527	186450	24-009028-002-original	2024	USA	Cattle	SAMN41019222	WGS	RANDOM	ILLUMINA	Illumina iSeq 100	PRJNA1102327	cattle
SRR28752464	33074037	112649	24-009028-001-original	2024	USA	Cattle	SAMN41019221	WGS	RANDOM	ILLUMINA	Illumina iSeq 100	PRJNA1102327	cattle
SRR28752465	117099303	249698	24-009027-010-original-repeat	2024	USA	Cattle	SAMN41019220	WGS	RANDOM	ILLUMINA	Illumina MiSeq	PRJNA1102327	cattle
SRR28752466	61386586	209167	24-009027-005-original-MTM	2024	USA	Cattle	SAMN41019219	WGS	RANDOM	ILLUMINA	Illumina iSeq 100	PRJNA1102327	cattle
SRR28752467	70896160	141701	24-009027-004-original-repeat	2024	USA	Cattle	SAMN41019218	WGS	RANDOM	ILLUMINA	Illumina MiSeq	PRJNA1102327	cattle
SRR28752468	64558181	147393	24-007264-001-original	2024	USA	Chicken	SAMN41019182	WGS	RANDOM	ILLUMINA	Illumina MiSeq	PRJNA1102327	poultry_wildbird
SRR28752469	66029182	131655	24-009027-003-original-repeat	2024	USA	Cattle	SAMN41019217	WGS	RANDOM	ILLUMINA	Illumina MiSeq	PRJNA1102327	cattle
SRR28752470	81957492	277887	24-009027-002-v	2024	USA	Cattle	SAMN41019216	WGS	RANDOM	ILLUMINA	Illumina iSeq 100	PRJNA1102327	cattle
SRR28752472	69087252	235449	24-009027-001-v	2024	USA	Cattle	SAMN41019214	WGS	RANDOM	ILLUMINA	Illumina iSeq 100	PRJNA1102327	cattle
SRR28752475	56176658	190224	24-008767-001-v	2024	USA	Cattle	SAMN41019211	WGS	RANDOM	ILLUMINA	Illumina iSeq 100	PRJNA1102327	cattle
SRR28752476	60586686	204831	24-008766-001-v	2024	USA	Cattle	SAMN41019210	WGS	RANDOM	ILLUMINA	Illumina iSeq 100	PRJNA1102327	cattle
SRR28752478	85489801	292670	24-010193-003-original	2024	USA	Cattle	SAMN41019366	WGS	RANDOM	ILLUMINA	Illumina iSeq 100	PRJNA1102327	cattle
SRR28752479	43275482	147907	24-010192-006-original	2024	USA	Cattle	SAMN41019365	WGS	RANDOM	ILLUMINA	Illumina iSeq 100	PRJNA1102327	cattle
SRR28752480	63278861	215501	24-010071-010-original	2024	USA	Cattle	SAMN41019364	WGS	RANDOM	ILLUMINA	Illumina iSeq 100	PRJNA1102327	cattle
SRR28752481	27345544	93490	24-010071-009-original	2024	USA	Cattle	SAMN41019363	WGS	RANDOM	ILLUMINA	Illumina iSeq 100	PRJNA1102327	cattle
SRR28752482	67219828	230086	24-010071-008-original	2024	USA	Cattle	SAMN41019362	WGS	RANDOM	ILLUMINA	Illumina iSeq 100	PRJNA1102327	cattle
SRR28752483	88502874	301862	24-010071-007-original	2024	USA	Cattle	SAMN41019361	WGS	RANDOM	ILLUMINA	Illumina iSeq 100	PRJNA1102327	cattle
SRR28752484	80661835	275074	24-010071-006-original	2024	USA	Cattle	SAMN41019360	WGS	RANDOM	ILLUMINA	Illumina iSeq 100	PRJNA1102327	cattle
SRR28752485	20808932	72638	24-010071-005-original	2024	USA	Cattle	SAMN41019359	WGS	RANDOM	ILLUMINA	Illumina iSeq 100	PRJNA1102327	cattle
SRR28752486	83128276	283032	24-010071-003-original	2024	USA	Cattle	SAMN41019358	WGS	RANDOM	ILLUMINA	Illumina iSeq 100	PRJNA1102327	cattle
SRR28752487	134296517	461695	24-008749-001-original	2024	USA	Cattle	SAMN41019196	WGS	RANDOM	ILLUMINA	Illumina iSeq 100	PRJNA1102327	cattle
SRR28752488	48586464	166304	24-010071-002-original	2024	USA	Cattle	SAMN41019357	WGS	RANDOM	ILLUMINA	Illumina iSeq 100	PRJNA1102327	cattle
SRR28752489	19203081	66332	24-010071-001-original	2024	USA	Cattle	SAMN41019356	WGS	RANDOM	ILLUMINA	Illumina iSeq 100	PRJNA1102327	cattle
SRR28752490	63037297	216212	24-009776-015-original	2024	USA	Cattle	SAMN41019355	WGS	RANDOM	ILLUMINA	Illumina iSeq 100	PRJNA1102327	cattle
SRR28752491	80452502	276587	24-009776-004-original	2024	USA	Cattle	SAMN41019354	WGS	RANDOM	ILLUMINA	Illumina iSeq 100	PRJNA1102327	cattle
SRR28752492	78502764	270884	24-009776-002-original	2024	USA	Cattle	SAMN41019353	WGS	RANDOM	ILLUMINA	Illumina iSeq 100	PRJNA1102327	cattle
SRR28752493	56662124	194833	24-009776-001-original	2024	USA	Cattle	SAMN41019352	WGS	RANDOM	ILLUMINA	Illumina iSeq 100	PRJNA1102327	cattle
SRR28752494	73944460	147045	24-009775-001-original	2024	USA	Cattle	SAMN41019351	WGS	RANDOM	ILLUMINA	Illumina MiSeq	PRJNA1102327	cattle
SRR28752495	63847826	219634	24-009654-004-original	2024	USA	Chicken	SAMN41019350	WGS	RANDOM	ILLUMINA	Illumina iSeq 100	PRJNA1102327	poultry_wildbird
SRR28752496	66861277	229369	24-009654-001-original	2024	USA	Chicken	SAMN41019349	WGS	RANDOM	ILLUMINA	Illumina iSeq 100	PRJNA1102327	poultry_wildbird
SRR28752497	58486975	201161	24-009586-010-original	2024	USA	Cattle	SAMN41019348	WGS	RANDOM	ILLUMINA	Illumina iSeq 100	PRJNA1102327	cattle
SRR28752498	109109693	377075	24-008660-002-original	2024	USA	Cattle	SAMN41019195	WGS	RANDOM	ILLUMINA	Illumina iSeq 100	PRJNA1102327	cattle
SRR28752499	72262552	247401	24-009586-009-original	2024	USA	Cattle	SAMN41019347	WGS	RANDOM	ILLUMINA	Illumina iSeq 100	PRJNA1102327	cattle
SRR28752500	66807542	228723	24-009586-008-original	2024	USA	Cattle	SAMN41019346	WGS	RANDOM	ILLUMINA	Illumina iSeq 100	PRJNA1102327	cattle
SRR28752501	17502865	59516	24-009586-007-original	2024	USA	Cattle	SAMN41019345	WGS	RANDOM	ILLUMINA	Illumina iSeq 100	PRJNA1102327	cattle
SRR28752502	12139192	41277	24-009586-006-original	2024	USA	Cattle	SAMN41019344	WGS	RANDOM	ILLUMINA	Illumina iSeq 100	PRJNA1102327	cattle
SRR28752503	85244097	289738	24-009586-005-original	2024	USA	Cattle	SAMN41019343	WGS	RANDOM	ILLUMINA	Illumina iSeq 100	PRJNA1102327	cattle
SRR28752504	82902446	283135	24-009586-003-original	2024	USA	Cattle	SAMN41019342	WGS	RANDOM	ILLUMINA	Illumina iSeq 100	PRJNA1102327	cattle
SRR28752505	87437275	297000	24-009586-002-original	2024	USA	Cattle	SAMN41019341	WGS	RANDOM	ILLUMINA	Illumina iSeq 100	PRJNA1102327	cattle
SRR28752506	78692297	267875	24-009586-001-original	2024	USA	Cattle	SAMN41019340	WGS	RANDOM	ILLUMINA	Illumina iSeq 100	PRJNA1102327	cattle
SRR28752507	70845589	248347	24-009582-003-original	2024	USA	Chicken	SAMN41019339	WGS	RANDOM	ILLUMINA	Illumina iSeq 100	PRJNA1102327	poultry_wildbird
SRR28752508	86763379	301114	24-009582-002-original	2024	USA	Chicken	SAMN41019338	WGS	RANDOM	ILLUMINA	Illumina iSeq 100	PRJNA1102327	poultry_wildbird
SRR28752509	111421411	384755	24-008660-001-original	2024	USA	Cattle	SAMN41019194	WGS	RANDOM	ILLUMINA	Illumina iSeq 100	PRJNA1102327	cattle
SRR28752510	114551721	249133	24-009290-001-original	2024	USA	Cattle	SAMN41019277	WGS	RANDOM	ILLUMINA	Illumina MiSeq	PRJNA1102327	cattle
SRR28752514	114007518	234811	24-009110-027-original	2024	USA	Cattle	SAMN41019273	WGS	RANDOM	ILLUMINA	Illumina MiSeq	PRJNA1102327	cattle
SRR28752515	95959578	199701	24-009110-026-original	2024	USA	Cattle	SAMN41019272	WGS	RANDOM	ILLUMINA	Illumina MiSeq	PRJNA1102327	cattle
SRR28752516	106663017	227488	24-009110-025-original	2024	USA	Cattle	SAMN41019271	WGS	RANDOM	ILLUMINA	Illumina MiSeq	PRJNA1102327	cattle
SRR28752517	88755671	185013	24-009110-024-original	2024	USA	Cattle	SAMN41019270	WGS	RANDOM	ILLUMINA	Illumina MiSeq	PRJNA1102327	cattle
SRR28752518	98645455	198554	24-009110-023-original	2024	USA	Cattle	SAMN41019269	WGS	RANDOM	ILLUMINA	Illumina MiSeq	PRJNA1102327	cattle
SRR28752519	75009424	167542	24-009110-022-original	2024	USA	Cattle	SAMN41019268	WGS	RANDOM	ILLUMINA	Illumina MiSeq	PRJNA1102327	cattle
SRR28752520	64683231	221981	24-008355-003-original	2024	USA	Chicken	SAMN41019187	WGS	RANDOM	ILLUMINA	Illumina iSeq 100	PRJNA1102327	poultry_wildbird
SRR28752521	264452330	899653	24-008765-002-original	2024	USA	Grackle	SAMN41019208	WGS	RANDOM	ILLUMINA	Illumina iSeq 100	PRJNA1102327	other
SRR28752522	57594496	127896	24-006483-001-original	2024	USA	Skunk	SAMN41019181	WGS	RANDOM	ILLUMINA	Illumina MiSeq	PRJNA1102327	other
SRR28752525	117043575	246240	24-008749-008-original-repeat	2024	USA	Cattle	SAMN41019205	WGS	RANDOM	ILLUMINA	Illumina MiSeq	PRJNA1102327	cattle
SRR28752526	64280401	218634	24-008749-007-original	2024	USA	Cattle	SAMN41019204	WGS	RANDOM	ILLUMINA	Illumina iSeq 100	PRJNA1102327	cattle
SRR28752527	52791148	179508	24-008749-006-v	2024	USA	Cattle	SAMN41019203	WGS	RANDOM	ILLUMINA	Illumina iSeq 100	PRJNA1102327	cattle
SRR28752529	65922799	228190	24-010514-002-original	2024	USA	Cattle	SAMN41019416	WGS	RANDOM	ILLUMINA	Illumina iSeq 100	PRJNA1102327	cattle
SRR28752530	79637911	272128	24-010513-007-original	2024	USA	Cattle	SAMN41019415	WGS	RANDOM	ILLUMINA	Illumina iSeq 100	PRJNA1102327	cattle
SRR28752531	101934920	348870	24-010513-006-original	2024	USA	Cattle	SAMN41019414	WGS	RANDOM	ILLUMINA	Illumina iSeq 100	PRJNA1102327	cattle
SRR28752532	77835950	266049	24-010513-004-original	2024	USA	Cattle	SAMN41019413	WGS	RANDOM	ILLUMINA	Illumina iSeq 100	PRJNA1102327	cattle
SRR28752533	84592140	288391	24-010513-003-original	2024	USA	Cattle	SAMN41019412	WGS	RANDOM	ILLUMINA	Illumina iSeq 100	PRJNA1102327	cattle
SRR28752534	71040475	244490	24-010513-002-original	2024	USA	Cattle	SAMN41019411	WGS	RANDOM	ILLUMINA	Illumina iSeq 100	PRJNA1102327	cattle
SRR28752535	163011516	560769	24-010512-001-original	2024	USA	Cattle	SAMN41019410	WGS	RANDOM	ILLUMINA	Illumina iSeq 100	PRJNA1102327	cattle
SRR28752536	164503085	562954	24-010482-001-original	2024	USA	Chicken	SAMN41019409	WGS	RANDOM	ILLUMINA	Illumina iSeq 100	PRJNA1102327	poultry_wildbird
SRR28752537	37300269	129035	24-010354-020-original	2024	USA	Cattle	SAMN41019408	WGS	RANDOM	ILLUMINA	Illumina iSeq 100	PRJNA1102327	cattle
SRR28752538	103461881	353561	24-008749-005-original	2024	USA	Cattle	SAMN41019201	WGS	RANDOM	ILLUMINA	Illumina iSeq 100	PRJNA1102327	cattle
SRR28752539	694398991	2367995	24-010354-019-original-300	2024	USA	Cattle	SAMN41019407	WGS	RANDOM	ILLUMINA	Illumina iSeq 100	PRJNA1102327	cattle
SRR28752540	645690117	2201041	24-010354-018-original-300	2024	USA	Cattle	SAMN41019406	WGS	RANDOM	ILLUMINA	Illumina iSeq 100	PRJNA1102327	cattle
SRR28752541	922302263	3141886	24-010354-017-original-300	2024	USA	Cattle	SAMN41019405	WGS	RANDOM	ILLUMINA	Illumina iSeq 100	PRJNA1102327	cattle
SRR28752542	928172367	3197584	24-010354-016-original-300	2024	USA	Cattle	SAMN41019404	WGS	RANDOM	ILLUMINA	Illumina iSeq 100	PRJNA1102327	cattle
SRR28752543	882551568	3015400	24-010354-015-original-300	2024	USA	Cattle	SAMN41019403	WGS	RANDOM	ILLUMINA	Illumina iSeq 100	PRJNA1102327	cattle
SRR28752544	866019551	2965240	24-010354-014-original-300	2024	USA	Cattle	SAMN41019402	WGS	RANDOM	ILLUMINA	Illumina iSeq 100	PRJNA1102327	cattle
SRR28752545	609471196	2077313	24-010354-013-original-300	2024	USA	Cattle	SAMN41019401	WGS	RANDOM	ILLUMINA	Illumina iSeq 100	PRJNA1102327	cattle
SRR28752546	65006850	221890	24-010354-012-original	2024	USA	Cattle	SAMN41019400	WGS	RANDOM	ILLUMINA	Illumina iSeq 100	PRJNA1102327	cattle
SRR28752547	25533757	88680	24-010354-011-original	2024	USA	Cattle	SAMN41019399	WGS	RANDOM	ILLUMINA	Illumina iSeq 100	PRJNA1102327	cattle
SRR28752548	819381620	2782433	24-010354-010-original-300	2024	USA	Cattle	SAMN41019398	WGS	RANDOM	ILLUMINA	Illumina iSeq 100	PRJNA1102327	cattle
SRR28752550	324338191	1101043	24-010354-009-original-300	2024	USA	Cattle	SAMN41019397	WGS	RANDOM	ILLUMINA	Illumina iSeq 100	PRJNA1102327	cattle
SRR28752551	101403645	352340	24-010354-008-original	2024	USA	Cattle	SAMN41019396	WGS	RANDOM	ILLUMINA	Illumina iSeq 100	PRJNA1102327	cattle
SRR28752552	761319183	2620312	24-010354-006-original-300	2024	USA	Cattle	SAMN41019395	WGS	RANDOM	ILLUMINA	Illumina iSeq 100	PRJNA1102327	cattle
SRR28752553	73958236	256062	24-009582-001-original	2024	USA	Chicken	SAMN41019337	WGS	RANDOM	ILLUMINA	Illumina iSeq 100	PRJNA1102327	poultry_wildbird
SRR28752554	78248011	266327	24-009581-002-original	2024	USA	Cattle	SAMN41019336	WGS	RANDOM	ILLUMINA	Illumina iSeq 100	PRJNA1102327	cattle
SRR28752555	72949878	163490	24-009499-001-original	2024	USA	Cattle	SAMN41019335	WGS	RANDOM	ILLUMINA	Illumina MiSeq	PRJNA1102327	cattle
SRR28752556	30111937	104069	24-009497-014-original	2024	USA	Cattle	SAMN41019334	WGS	RANDOM	ILLUMINA	Illumina iSeq 100	PRJNA1102327	cattle
SRR28752557	28761533	105030	24-009497-012-original	2024	USA	Cattle	SAMN41019333	WGS	RANDOM	ILLUMINA	Illumina iSeq 100	PRJNA1102327	cattle
SRR28752558	72226831	245786	24-009497-011-original	2024	USA	Cattle	SAMN41019332	WGS	RANDOM	ILLUMINA	Illumina iSeq 100	PRJNA1102327	cattle
SRR28752559	67038743	228267	24-009497-010-original	2024	USA	Cattle	SAMN41019331	WGS	RANDOM	ILLUMINA	Illumina iSeq 100	PRJNA1102327	cattle
SRR28752560	57899743	198284	24-009497-009-original	2024	USA	Cattle	SAMN41019330	WGS	RANDOM	ILLUMINA	Illumina iSeq 100	PRJNA1102327	cattle
SRR28752561	47949498	163848	24-009497-008-original	2024	USA	Cattle	SAMN41019329	WGS	RANDOM	ILLUMINA	Illumina iSeq 100	PRJNA1102327	cattle
SRR28752562	61553648	210933	24-009497-007-original	2024	USA	Cattle	SAMN41019328	WGS	RANDOM	ILLUMINA	Illumina iSeq 100	PRJNA1102327	cattle
SRR28752563	94437872	327849	24-008357-001-original	2024	USA	Blackbird	SAMN41019193	WGS	RANDOM	ILLUMINA	Illumina iSeq 100	PRJNA1102327	other
SRR28752564	55550696	189779	24-009497-006-original	2024	USA	Cattle	SAMN41019327	WGS	RANDOM	ILLUMINA	Illumina iSeq 100	PRJNA1102327	cattle
SRR28752565	58782063	201450	24-009497-005-original	2024	USA	Cattle	SAMN41019326	WGS	RANDOM	ILLUMINA	Illumina iSeq 100	PRJNA1102327	cattle
SRR28752566	84073233	289484	24-009497-004-original	2024	USA	Cattle	SAMN41019325	WGS	RANDOM	ILLUMINA	Illumina iSeq 100	PRJNA1102327	cattle
SRR28752567	40013553	137140	24-009497-003-original	2024	USA	Cattle	SAMN41019324	WGS	RANDOM	ILLUMINA	Illumina iSeq 100	PRJNA1102327	cattle
SRR28752568	38457366	131847	24-009496-002-original	2024	USA	Raccoon	SAMN41019323	WGS	RANDOM	ILLUMINA	Illumina iSeq 100	PRJNA1102327	other
SRR28752569	53186830	119361	24-009495-012-original	2024	USA	Cattle	SAMN41019322	WGS	RANDOM	ILLUMINA	Illumina MiSeq	PRJNA1102327	cattle
SRR28752570	47200878	107106	24-009495-011-original	2024	USA	Cattle	SAMN41019321	WGS	RANDOM	ILLUMINA	Illumina MiSeq	PRJNA1102327	cattle
SRR28752571	57352415	132281	24-009495-010-original	2024	USA	Cattle	SAMN41019320	WGS	RANDOM	ILLUMINA	Illumina MiSeq	PRJNA1102327	cattle
SRR28752572	55646867	125935	24-009495-009-original	2024	USA	Cattle	SAMN41019319	WGS	RANDOM	ILLUMINA	Illumina MiSeq	PRJNA1102327	cattle
SRR28752573	51622498	116640	24-009495-008-original	2024	USA	Cattle	SAMN41019318	WGS	RANDOM	ILLUMINA	Illumina MiSeq	PRJNA1102327	cattle
SRR28752574	92105852	322641	24-008356-003-original	2024	USA	Grackle	SAMN41019192	WGS	RANDOM	ILLUMINA	Illumina iSeq 100	PRJNA1102327	other
SRR28752575	65721147	153795	24-009495-003-original	2024	USA	Cattle	SAMN41019317	WGS	RANDOM	ILLUMINA	Illumina MiSeq	PRJNA1102327	cattle
SRR28752576	65812354	149049	24-009495-002-original	2024	USA	Cattle	SAMN41019316	WGS	RANDOM	ILLUMINA	Illumina MiSeq	PRJNA1102327	cattle
SRR28752577	63700922	145750	24-009495-001-original	2024	USA	Cattle	SAMN41019315	WGS	RANDOM	ILLUMINA	Illumina MiSeq	PRJNA1102327	cattle
SRR28752578	30931018	106156	24-009491-007-original	2024	USA	Cattle	SAMN41019314	WGS	RANDOM	ILLUMINA	Illumina iSeq 100	PRJNA1102327	cattle
SRR28752579	68299994	236353	24-009491-006-original	2024	USA	Cattle	SAMN41019313	WGS	RANDOM	ILLUMINA	Illumina iSeq 100	PRJNA1102327	cattle
SRR28752580	28950555	100106	24-009491-005-original	2024	USA	Cattle	SAMN41019312	WGS	RANDOM	ILLUMINA	Illumina iSeq 100	PRJNA1102327	cattle
SRR28752581	55802421	191440	24-009491-003-original	2024	USA	Cattle	SAMN41019311	WGS	RANDOM	ILLUMINA	Illumina iSeq 100	PRJNA1102327	cattle
SRR28752582	64670722	223339	24-009491-002-original	2024	USA	Cattle	SAMN41019310	WGS	RANDOM	ILLUMINA	Illumina iSeq 100	PRJNA1102327	cattle
SRR28752583	38210633	131389	24-009491-001-original	2024	USA	Cattle	SAMN41019309	WGS	RANDOM	ILLUMINA	Illumina iSeq 100	PRJNA1102327	cattle
SRR28752584	36803892	128107	24-009367-023-original	2024	USA	Cattle	SAMN41019308	WGS	RANDOM	ILLUMINA	Illumina iSeq 100	PRJNA1102327	cattle
SRR28752585	91617228	189299	24-009110-021-original	2024	USA	Cattle	SAMN41019267	WGS	RANDOM	ILLUMINA	Illumina MiSeq	PRJNA1102327	cattle
SRR28752586	74819420	161598	24-009110-020-original	2024	USA	Cattle	SAMN41019266	WGS	RANDOM	ILLUMINA	Illumina MiSeq	PRJNA1102327	cattle
SRR28752587	111908845	239169	24-009110-019-original	2024	USA	Cattle	SAMN41019265	WGS	RANDOM	ILLUMINA	Illumina MiSeq	PRJNA1102327	cattle
SRR28752588	89012012	180774	24-009110-018-original	2024	USA	Cattle	SAMN41019264	WGS	RANDOM	ILLUMINA	Illumina MiSeq	PRJNA1102327	cattle
SRR28752589	79758250	168775	24-009110-017-original	2024	USA	Cattle	SAMN41019263	WGS	RANDOM	ILLUMINA	Illumina MiSeq	PRJNA1102327	cattle
SRR28752590	74857977	165702	24-009110-016-original	2024	USA	Cattle	SAMN41019262	WGS	RANDOM	ILLUMINA	Illumina MiSeq	PRJNA1102327	cattle
SRR28752591	73687519	158157	24-009110-015-original	2024	USA	Cattle	SAMN41019261	WGS	RANDOM	ILLUMINA	Illumina MiSeq	PRJNA1102327	cattle
SRR28752592	67455232	141939	24-009110-014-original	2024	USA	Cattle	SAMN41019260	WGS	RANDOM	ILLUMINA	Illumina MiSeq	PRJNA1102327	cattle
SRR28752593	90816726	178590	24-009110-012-original	2024	USA	Cattle	SAMN41019259	WGS	RANDOM	ILLUMINA	Illumina MiSeq	PRJNA1102327	cattle
SRR28752594	29658255	101054	24-009110-011-original	2024	USA	Cattle	SAMN41019258	WGS	RANDOM	ILLUMINA	Illumina iSeq 100	PRJNA1102327	cattle
SRR28752595	84997067	289829	24-008355-002-original	2024	USA	Chicken	SAMN41019186	WGS	RANDOM	ILLUMINA	Illumina iSeq 100	PRJNA1102327	poultry_wildbird
SRR28752596	96692148	188588	24-009110-010-original	2024	USA	Cattle	SAMN41019257	WGS	RANDOM	ILLUMINA	Illumina MiSeq	PRJNA1102327	cattle
SRR28752597	92968585	183609	24-009110-009-original	2024	USA	Cattle	SAMN41019256	WGS	RANDOM	ILLUMINA	Illumina MiSeq	PRJNA1102327	cattle
SRR28752598	59129797	203342	24-009110-008-original-repeat	2024	USA	Cattle	SAMN41019255	WGS	RANDOM	ILLUMINA	Illumina iSeq 100	PRJNA1102327	cattle
SRR28752599	47467385	163380	24-009110-007-original	2024	USA	Cattle	SAMN41019254	WGS	RANDOM	ILLUMINA	Illumina iSeq 100	PRJNA1102327	cattle
SRR28752600	61411314	211891	24-009110-006-original	2024	USA	Cattle	SAMN41019253	WGS	RANDOM	ILLUMINA	Illumina iSeq 100	PRJNA1102327	cattle
SRR28752601	33716918	119730	24-009110-005-original	2024	USA	Cattle	SAMN41019252	WGS	RANDOM	ILLUMINA	Illumina iSeq 100	PRJNA1102327	cattle
SRR28752602	35472797	123686	24-009110-004-original	2024	USA	Cattle	SAMN41019251	WGS	RANDOM	ILLUMINA	Illumina iSeq 100	PRJNA1102327	cattle
SRR28752603	28403939	96856	24-009110-003-original-repeat	2024	USA	Cattle	SAMN41019250	WGS	RANDOM	ILLUMINA	Illumina iSeq 100	PRJNA1102327	cattle
SRR28752604	40943552	141597	24-009110-002-original	2024	USA	Cattle	SAMN41019249	WGS	RANDOM	ILLUMINA	Illumina iSeq 100	PRJNA1102327	cattle
SRR28752605	45663884	157903	24-009110-001-original	2024	USA	Cattle	SAMN41019248	WGS	RANDOM	ILLUMINA	Illumina iSeq 100	PRJNA1102327	cattle
SRR28752606	46781686	117979	24-008355-001-original	2024	USA	Chicken	SAMN41019185	WGS	RANDOM	ILLUMINA	Illumina MiSeq	PRJNA1102327	poultry_wildbird
SRR28752607	121383330	253457	24-009109-008-original	2024	USA	Cattle	SAMN41019247	WGS	RANDOM	ILLUMINA	Illumina MiSeq	PRJNA1102327	cattle
SRR28752608	58605641	199418	24-009109-007-original	2024	USA	Cattle	SAMN41019246	WGS	RANDOM	ILLUMINA	Illumina iSeq 100	PRJNA1102327	cattle
SRR28752609	175384012	345982	24-009109-006-original	2024	USA	Cattle	SAMN41019245	WGS	RANDOM	ILLUMINA	Illumina MiSeq	PRJNA1102327	cattle
SRR28752610	106136915	224479	24-009109-005-original	2024	USA	Cattle	SAMN41019244	WGS	RANDOM	ILLUMINA	Illumina MiSeq	PRJNA1102327	cattle
SRR28752611	90629677	179563	24-009109-004-original	2024	USA	Cattle	SAMN41019243	WGS	RANDOM	ILLUMINA	Illumina MiSeq	PRJNA1102327	cattle
SRR28752612	103573912	223188	24-009109-003-original	2024	USA	Cattle	SAMN41019242	WGS	RANDOM	ILLUMINA	Illumina MiSeq	PRJNA1102327	cattle
SRR28752613	67309456	229535	24-009109-002-original	2024	USA	Cattle	SAMN41019241	WGS	RANDOM	ILLUMINA	Illumina iSeq 100	PRJNA1102327	cattle
SRR28752614	127643442	275917	24-009109-001-original	2024	USA	Cattle	SAMN41019240	WGS	RANDOM	ILLUMINA	Illumina MiSeq	PRJNA1102327	cattle
SRR28752615	126787259	252541	24-009108-007-original	2024	USA	Cattle	SAMN41019239	WGS	RANDOM	ILLUMINA	Illumina MiSeq	PRJNA1102327	cattle
SRR28752616	113320841	237611	24-009108-006-original	2024	USA	Cattle	SAMN41019238	WGS	RANDOM	ILLUMINA	Illumina MiSeq	PRJNA1102327	cattle
SRR28752617	105218605	358521	24-010354-005-original	2024	USA	Cattle	SAMN41019394	WGS	RANDOM	ILLUMINA	Illumina iSeq 100	PRJNA1102327	cattle
SRR28752618	745170210	2540674	24-010354-004-original-300	2024	USA	Cattle	SAMN41019393	WGS	RANDOM	ILLUMINA	Illumina iSeq 100	PRJNA1102327	cattle
SRR28752619	88030289	299716	24-010354-003-original	2024	USA	Cattle	SAMN41019392	WGS	RANDOM	ILLUMINA	Illumina iSeq 100	PRJNA1102327	cattle
SRR28752620	54415975	186491	24-010354-002-original	2024	USA	Cattle	SAMN41019391	WGS	RANDOM	ILLUMINA	Illumina iSeq 100	PRJNA1102327	cattle
SRR28752621	110953091	381123	24-010354-001-original	2024	USA	Cattle	SAMN41019390	WGS	RANDOM	ILLUMINA	Illumina iSeq 100	PRJNA1102327	cattle
SRR28752622	34404541	121689	24-010331-001-original	2024	USA	Cattle	SAMN41019389	WGS	RANDOM	ILLUMINA	Illumina iSeq 100	PRJNA1102327	cattle
SRR28752623	669075486	2303184	24-010330-013-original-300	2024	USA	Cattle	SAMN41019388	WGS	RANDOM	ILLUMINA	Illumina iSeq 100	PRJNA1102327	cattle
SRR28752624	101787454	347368	24-008749-004-original	2024	USA	Cattle	SAMN41019199	WGS	RANDOM	ILLUMINA	Illumina iSeq 100	PRJNA1102327	cattle
SRR28752625	473396036	1606117	24-010330-012-original-300	2024	USA	Cattle	SAMN41019387	WGS	RANDOM	ILLUMINA	Illumina iSeq 100	PRJNA1102327	cattle
SRR28752626	693572575	2360874	24-010330-011-original-300	2024	USA	Cattle	SAMN41019386	WGS	RANDOM	ILLUMINA	Illumina iSeq 100	PRJNA1102327	cattle
SRR28752627	371660918	1264643	24-010330-009-original-300	2024	USA	Cattle	SAMN41019385	WGS	RANDOM	ILLUMINA	Illumina iSeq 100	PRJNA1102327	cattle
SRR28752628	69374764	236098	24-010330-008-original	2024	USA	Cattle	SAMN41019384	WGS	RANDOM	ILLUMINA	Illumina iSeq 100	PRJNA1102327	cattle
SRR28752629	51170751	174192	24-010330-007-original	2024	USA	Cattle	SAMN41019383	WGS	RANDOM	ILLUMINA	Illumina iSeq 100	PRJNA1102327	cattle
SRR28752630	446361616	1512954	24-010330-006-original-300	2024	USA	Cattle	SAMN41019382	WGS	RANDOM	ILLUMINA	Illumina iSeq 100	PRJNA1102327	cattle
SRR28752631	48421671	167439	24-010330-005-original	2024	USA	Cattle	SAMN41019381	WGS	RANDOM	ILLUMINA	Illumina iSeq 100	PRJNA1102327	cattle
SRR28752632	452200013	1539787	24-010330-004-original-300	2024	USA	Cattle	SAMN41019380	WGS	RANDOM	ILLUMINA	Illumina iSeq 100	PRJNA1102327	cattle
SRR28752633	70229403	239316	24-010330-003-original	2024	USA	Cattle	SAMN41019379	WGS	RANDOM	ILLUMINA	Illumina iSeq 100	PRJNA1102327	cattle
SRR28752634	830929499	2828010	24-010330-002-original-300	2024	USA	Cattle	SAMN41019378	WGS	RANDOM	ILLUMINA	Illumina iSeq 100	PRJNA1102327	cattle
SRR28752635	103593431	353526	24-008749-003-original	2024	USA	Cattle	SAMN41019198	WGS	RANDOM	ILLUMINA	Illumina iSeq 100	PRJNA1102327	cattle
SRR28752636	43620398	96810	24-005915-001-original	2024	USA	PEFA	SAMN41019180	WGS	RANDOM	ILLUMINA	Illumina MiSeq	PRJNA1102327	other
SRR28752637	31320272	106957	24-010327-003-original	2024	USA	Cattle	SAMN41019377	WGS	RANDOM	ILLUMINA	Illumina iSeq 100	PRJNA1102327	cattle
SRR28752638	49614425	169709	24-010308-012-original	2024	USA	Chicken	SAMN41019376	WGS	RANDOM	ILLUMINA	Illumina iSeq 100	PRJNA1102327	poultry_wildbird
SRR28752639	35683167	124001	24-010308-007-original	2024	USA	Chicken	SAMN41019375	WGS	RANDOM	ILLUMINA	Illumina iSeq 100	PRJNA1102327	poultry_wildbird
SRR28752640	582224793	1985043	24-010308-006-original-300	2024	USA	Chicken	SAMN41019374	WGS	RANDOM	ILLUMINA	Illumina iSeq 100	PRJNA1102327	poultry_wildbird
SRR28752641	635324468	2154333	24-010308-001-original-300	2024	USA	Chicken	SAMN41019373	WGS	RANDOM	ILLUMINA	Illumina iSeq 100	PRJNA1102327	poultry_wildbird
SRR28752642	12213474	42410	24-010303-002-original	2024	USA	Cattle	SAMN41019372	WGS	RANDOM	ILLUMINA	Illumina iSeq 100	PRJNA1102327	cattle
SRR28752643	670446950	2282470	24-010303-001-original-300	2024	USA	Cattle	SAMN41019371	WGS	RANDOM	ILLUMINA	Illumina iSeq 100	PRJNA1102327	cattle
SRR28752644	48847227	167905	24-010195-001-original	2024	USA	Cattle	SAMN41019370	WGS	RANDOM	ILLUMINA	Illumina iSeq 100	PRJNA1102327	cattle
SRR28752645	58286814	201152	24-010194-001-original	2024	USA	Cattle	SAMN41019369	WGS	RANDOM	ILLUMINA	Illumina iSeq 100	PRJNA1102327	cattle
SRR28752646	75549702	258068	24-010193-007-original	2024	USA	Cattle	SAMN41019368	WGS	RANDOM	ILLUMINA	Illumina iSeq 100	PRJNA1102327	cattle
SRR28752647	53203774	180849	24-008749-002-v	2024	USA	Cattle	SAMN41019197	WGS	RANDOM	ILLUMINA	Illumina iSeq 100	PRJNA1102327	cattle
SRR28752648	63707302	218638	24-010193-006-original	2024	USA	Cattle	SAMN41019367	WGS	RANDOM	ILLUMINA	Illumina iSeq 100	PRJNA1102327	cattle
SRR28752649	106968808	370596	24-008356-001-original	2024	USA	Grackle	SAMN41019191	WGS	RANDOM	ILLUMINA	Illumina iSeq 100	PRJNA1102327	other
SRR28752650	70776004	157532	24-009367-018-original	2024	USA	Cattle	SAMN41019307	WGS	RANDOM	ILLUMINA	Illumina MiSeq	PRJNA1102327	cattle
SRR28752651	74313174	147799	24-009367-016-original	2024	USA	Cattle	SAMN41019306	WGS	RANDOM	ILLUMINA	Illumina MiSeq	PRJNA1102327	cattle
SRR28752652	70735727	140885	24-009367-014-original	2024	USA	Cattle	SAMN41019305	WGS	RANDOM	ILLUMINA	Illumina MiSeq	PRJNA1102327	cattle
SRR28752653	37972175	85022	24-009367-013-original	2024	USA	Cattle	SAMN41019304	WGS	RANDOM	ILLUMINA	Illumina MiSeq	PRJNA1102327	cattle
SRR28752654	68396731	140961	24-009367-012-original	2024	USA	Cattle	SAMN41019303	WGS	RANDOM	ILLUMINA	Illumina MiSeq	PRJNA1102327	cattle
SRR28752655	98814167	205742	24-009367-011-original	2024	USA	Cattle	SAMN41019302	WGS	RANDOM	ILLUMINA	Illumina MiSeq	PRJNA1102327	cattle
SRR28752656	66426643	139200	24-009367-010-original	2024	USA	Cattle	SAMN41019301	WGS	RANDOM	ILLUMINA	Illumina MiSeq	PRJNA1102327	cattle
SRR28752657	60914996	122807	24-009367-009-original	2024	USA	Cattle	SAMN41019300	WGS	RANDOM	ILLUMINA	Illumina MiSeq	PRJNA1102327	cattle
SRR28752658	82726147	177579	24-009367-007-original	2024	USA	Cattle	SAMN41019299	WGS	RANDOM	ILLUMINA	Illumina MiSeq	PRJNA1102327	cattle
SRR28752659	84662509	173816	24-009367-005-original	2024	USA	Cattle	SAMN41019298	WGS	RANDOM	ILLUMINA	Illumina MiSeq	PRJNA1102327	cattle
SRR28752660	88023692	300884	24-008355-006-original	2024	USA	Chicken	SAMN41019190	WGS	RANDOM	ILLUMINA	Illumina iSeq 100	PRJNA1102327	poultry_wildbird
SRR28752661	91025666	188254	24-009367-004-original	2024	USA	Cattle	SAMN41019297	WGS	RANDOM	ILLUMINA	Illumina MiSeq	PRJNA1102327	cattle
SRR28752662	105142603	213890	24-009367-003-original	2024	USA	Cattle	SAMN41019296	WGS	RANDOM	ILLUMINA	Illumina MiSeq	PRJNA1102327	cattle
SRR28752663	44211706	151529	24-009367-002-original	2024	USA	Cattle	SAMN41019295	WGS	RANDOM	ILLUMINA	Illumina iSeq 100	PRJNA1102327	cattle
SRR28752664	47677849	163583	24-009367-001-original	2024	USA	Cattle	SAMN41019294	WGS	RANDOM	ILLUMINA	Illumina iSeq 100	PRJNA1102327	cattle
SRR28752667	115296099	257238	24-009310-010-original	2024	USA	Cattle	SAMN41019291	WGS	RANDOM	ILLUMINA	Illumina MiSeq	PRJNA1102327	cattle
SRR28752668	107939313	214114	24-009310-007-original-repeat	2024	USA	Cattle	SAMN41019290	WGS	RANDOM	ILLUMINA	Illumina MiSeq	PRJNA1102327	cattle
SRR28752669	52703705	178881	24-009310-006-original	2024	USA	Cattle	SAMN41019289	WGS	RANDOM	ILLUMINA	Illumina iSeq 100	PRJNA1102327	cattle
SRR28752670	37455215	127498	24-009310-005-original	2024	USA	Cattle	SAMN41019288	WGS	RANDOM	ILLUMINA	Illumina iSeq 100	PRJNA1102327	cattle
SRR28752671	47238385	121992	24-008355-005-original	2024	USA	Chicken	SAMN41019189	WGS	RANDOM	ILLUMINA	Illumina MiSeq	PRJNA1102327	poultry_wildbird
SRR28752672	69272112	144301	24-009309-004-original	2024	USA	Cattle	SAMN41019287	WGS	RANDOM	ILLUMINA	Illumina MiSeq	PRJNA1102327	cattle
SRR28752673	51320511	174327	24-009309-002-original	2024	USA	Cattle	SAMN41019286	WGS	RANDOM	ILLUMINA	Illumina iSeq 100	PRJNA1102327	cattle
SRR28752674	45926877	155982	24-009309-001-original	2024	USA	Cattle	SAMN41019285	WGS	RANDOM	ILLUMINA	Illumina iSeq 100	PRJNA1102327	cattle
SRR28752675	94008853	189157	24-009308-008-original	2024	USA	Cattle	SAMN41019284	WGS	RANDOM	ILLUMINA	Illumina MiSeq	PRJNA1102327	cattle
SRR28752676	106267438	229058	24-009308-006-original	2024	USA	Cattle	SAMN41019283	WGS	RANDOM	ILLUMINA	Illumina MiSeq	PRJNA1102327	cattle
SRR28752677	82328464	182834	24-009308-004-original	2024	USA	Cattle	SAMN41019282	WGS	RANDOM	ILLUMINA	Illumina MiSeq	PRJNA1102327	cattle
SRR28752678	62753329	213170	24-009306-004-original	2024	USA	Cattle	SAMN41019281	WGS	RANDOM	ILLUMINA	Illumina iSeq 100	PRJNA1102327	cattle
SRR28752679	82408030	280803	24-009306-003-original	2024	USA	Cattle	SAMN41019280	WGS	RANDOM	ILLUMINA	Illumina iSeq 100	PRJNA1102327	cattle
SRR28752680	90590755	184286	24-009290-006-original	2024	USA	Cattle	SAMN41019279	WGS	RANDOM	ILLUMINA	Illumina MiSeq	PRJNA1102327	cattle
SRR28752681	94645232	203851	24-009290-005-original	2024	USA	Cattle	SAMN41019278	WGS	RANDOM	ILLUMINA	Illumina MiSeq	PRJNA1102327	cattle
SRR28752682	80976569	276968	24-008355-004-original	2024	USA	Chicken	SAMN41019188	WGS	RANDOM	ILLUMINA	Illumina iSeq 100	PRJNA1102327	poultry_wildbird
SRR28752683	123766147	273510	24-003692-001-original	2024	USA	CAGO	SAMN41019179	WGS	RANDOM	ILLUMINA	Illumina MiSeq	PRJNA1102327	other
SRR28752684	78750013	171062	23-038138-001-original	2023	USA	Goose	SAMN41019178	WGS	RANDOM	ILLUMINA	Illumina MiSeq	PRJNA1102327	poultry_wildbird
